id,timestamp,sender,message,reply_to,reaction
1,2026-01-01 08:00:00,acc1,"Quote of the day: ""Power comes in response to a need."" ❤️",,😂
2,2026-01-01 08:02:00,acc2,Opening theme has been stuck in my head. 😂,,💯
3,2026-01-01 08:04:00,acc3,"Quote of the day: ""People's dreams never end."" ❤️",,😎
4,2026-01-01 08:06:00,acc4,No spoilers please! 🙌,,😭
5,2026-01-01 08:08:00,acc1,That animation quality was insane! 🙌,,😂
6,2026-01-01 08:10:00,acc2,That animation quality was insane! 😂,,👏
7,2026-01-01 08:12:00,acc3,My favorite moment in Steins;Gate still gives me chills ✨,4,❤️
8,2026-01-01 08:14:00,acc4,I think today's episode was incredible! 📚,6,❤️
9,2026-01-01 08:16:00,acc1,Who's your favorite character from Naruto? 🎉,7,🔥
10,2026-01-01 08:18:00,acc2,I think today's episode was incredible! ⚡,,👏
11,2026-01-01 08:20:00,acc3,My favorite moment in Fullmetal Alchemist still gives me chills 🙌,3,😎
12,2026-01-01 08:22:00,acc4,Who's your favorite character from Hunter x Hunter? 😭,9,🔥
13,2026-01-01 08:24:00,acc1,Anyone watching Solo Leveling lately? 🍜,7,😮
14,2026-01-01 08:26:00,acc2,I think today's episode was incredible! 📚,,😭
15,2026-01-01 08:28:00,acc3,Who's your favorite character from Haikyuu!!? 🔥,,😎
16,2026-01-01 08:30:00,acc4,Opening theme has been stuck in my head. 😭,,🔥
17,2026-01-01 08:32:00,acc1,Anyone watching Jujutsu Kaisen lately? 😂,3,😂
18,2026-01-01 08:34:00,acc2,That animation quality was insane! 😭,9,😎
19,2026-01-01 08:36:00,acc3,My favorite moment in Steins;Gate still gives me chills 💯,11,😮
20,2026-01-01 08:38:00,acc4,Random anime fact: Did you know? Anime is often adapted from manga or light novels. 😭,15,😮
21,2026-01-01 08:40:00,acc1,Who's your favorite character from Demon Slayer? 🍜,13,
22,2026-01-01 08:42:00,acc2,Random anime fact: Voice actors in Japan are called seiyuu. 🎉,18,😎
23,2026-01-01 08:44:00,acc3,Anyone watching One Piece lately? ⚡,,👏
24,2026-01-01 08:46:00,acc4,Opening theme has been stuck in my head. ❤️,9,😭
25,2026-01-01 08:48:00,acc1,I'm rewatching Bleach this weekend. 🔥,11,😮
26,2026-01-01 08:50:00,acc2,"Quote of the day: ""Keep moving forward."" 🎉",16,👏
27,2026-01-01 08:52:00,acc3,"Quote of the day: ""The world isn't perfect, but it's beautiful."" 😂",,👏
28,2026-01-01 08:54:00,acc4,Opening theme has been stuck in my head. ❤️,,❤️
29,2026-01-01 08:56:00,acc1,Anyone watching Naruto lately? 📚,14,😎
30,2026-01-01 08:58:00,acc2,No spoilers please! ❤️,,
31,2026-01-01 09:00:00,acc3,That animation quality was insane! 🎉,,❤️
32,2026-01-01 09:02:00,acc4,I'm rewatching Vinland Saga this weekend. 😭,16,❤️
33,2026-01-01 09:04:00,acc1,My favorite moment in Naruto still gives me chills 🎉,,🔥
34,2026-01-01 09:06:00,acc2,Who's your favorite character from My Hero Academia? 🔥,31,❤️
35,2026-01-01 09:08:00,acc3,No spoilers please! 😀,20,🔥
36,2026-01-01 09:10:00,acc4,"Quote of the day: ""The world isn't perfect, but it's beautiful."" ⚡",34,👍
37,2026-01-01 09:12:00,acc1,Who's your favorite character from Demon Slayer? 😭,33,😭
38,2026-01-01 09:14:00,acc2,I'm rewatching Frieren this weekend. 💯,,😮
39,2026-01-01 09:16:00,acc3,No spoilers please! 🙌,,👏
40,2026-01-01 09:18:00,acc4,No spoilers please! ⚡,32,😂
41,2026-01-01 09:20:00,acc1,Random anime fact: Attack on Titan changed many viewers' expectations of anime. 🍜,,❤️
42,2026-01-01 09:22:00,acc2,Opening theme has been stuck in my head. 📚,,
43,2026-01-01 09:24:00,acc3,Opening theme has been stuck in my head. 😭,32,😮
44,2026-01-01 09:26:00,acc4,Who's your favorite character from Fullmetal Alchemist? ❤️,,😮
45,2026-01-01 09:28:00,acc1,I'm rewatching My Hero Academia this weekend. 😀,38,❤️
46,2026-01-01 09:30:00,acc2,Who's your favorite character from Bleach? ✨,,👏
47,2026-01-01 09:32:00,acc3,Random anime fact: Voice actors in Japan are called seiyuu. 😎,,😎
48,2026-01-01 09:34:00,acc4,No spoilers please! 😀,,❤️
49,2026-01-01 09:36:00,acc1,My favorite moment in Jujutsu Kaisen still gives me chills 📚,35,😮
50,2026-01-01 09:38:00,acc2,I think today's episode was incredible! 🙌,,😮
51,2026-01-01 09:40:00,acc3,That animation quality was insane! 😂,35,👍
52,2026-01-01 09:42:00,acc4,I'm rewatching Solo Leveling this weekend. 🔥,42,😎
53,2026-01-01 09:44:00,acc1,Random anime fact: Did you know? Anime is often adapted from manga or light novels. 📚,50,👏
54,2026-01-01 09:46:00,acc2,Who's your favorite character from Jujutsu Kaisen? 😀,,👍
55,2026-01-01 09:48:00,acc3,My favorite moment in Dragon Ball still gives me chills 💯,,😎
56,2026-01-01 09:50:00,acc4,"Quote of the day: ""A lesson without pain is meaningless."" 📚",52,😂
57,2026-01-01 09:52:00,acc1,I think today's episode was incredible! 🙌,47,🔥
58,2026-01-01 09:54:00,acc2,Anyone watching Steins;Gate lately? 😭,45,🔥
59,2026-01-01 09:56:00,acc3,"Quote of the day: ""Power comes in response to a need."" 🍜",,🔥
60,2026-01-01 09:58:00,acc4,My favorite moment in Haikyuu!! still gives me chills 🍜,48,👏
61,2026-01-01 10:00:00,acc1,Anyone watching Haikyuu!! lately? 🤔,,😮
62,2026-01-01 10:02:00,acc2,My favorite moment in Demon Slayer still gives me chills 😀,51,👏
63,2026-01-01 10:04:00,acc3,That animation quality was insane! 😂,50,😮
64,2026-01-01 10:06:00,acc4,No spoilers please! 😀,56,🔥
65,2026-01-01 10:08:00,acc1,I think today's episode was incredible! 💯,59,❤️
66,2026-01-01 10:10:00,acc2,That animation quality was insane! 💯,,😮
67,2026-01-01 10:12:00,acc3,That animation quality was insane! 💯,65,😂
68,2026-01-01 10:14:00,acc4,Anyone watching Frieren lately? 🍜,,🔥
69,2026-01-01 10:16:00,acc1,I think today's episode was incredible! 💯,60,🔥
70,2026-01-01 10:18:00,acc2,My favorite moment in Death Note still gives me chills 💯,,
71,2026-01-01 10:20:00,acc3,Who's your favorite character from Solo Leveling? 💯,,🔥
72,2026-01-01 10:22:00,acc4,I'm rewatching Jujutsu Kaisen this weekend. ❤️,68,❤️
73,2026-01-01 10:24:00,acc1,That animation quality was insane! ❤️,60,😂
74,2026-01-01 10:26:00,acc2,Random anime fact: Did you know? Anime is often adapted from manga or light novels. ❤️,69,😎
75,2026-01-01 10:28:00,acc3,My favorite moment in My Hero Academia still gives me chills ❤️,71,😭
76,2026-01-01 10:30:00,acc4,No spoilers please! 🍜,,😎
77,2026-01-01 10:32:00,acc1,Who's your favorite character from My Hero Academia? ⚡,74,😮
78,2026-01-01 10:34:00,acc2,I'm rewatching Death Note this weekend. 😎,,😮
79,2026-01-01 10:36:00,acc3,No spoilers please! 🤔,,😂
80,2026-01-01 10:38:00,acc4,"Quote of the day: ""A lesson without pain is meaningless."" 🙌",,💯
81,2026-01-01 10:40:00,acc1,Anyone watching Solo Leveling lately? 😭,,💯
82,2026-01-01 10:42:00,acc2,Opening theme has been stuck in my head. 🍜,,👍
83,2026-01-01 10:44:00,acc3,That animation quality was insane! 🍜,78,😎
84,2026-01-01 10:46:00,acc4,That animation quality was insane! 😎,74,👏
85,2026-01-01 10:48:00,acc1,I'm rewatching Haikyuu!! this weekend. 🍜,78,😎
86,2026-01-01 10:50:00,acc2,Anyone watching One Piece lately? 👀,,💯
87,2026-01-01 10:52:00,acc3,Who's your favorite character from Jujutsu Kaisen? 😀,,🔥
88,2026-01-01 10:54:00,acc4,That animation quality was insane! 🎉,,💯
89,2026-01-01 10:56:00,acc1,No spoilers please! 😀,,👏
90,2026-01-01 10:58:00,acc2,Anyone watching Hunter x Hunter lately? 🎉,77,🔥
91,2026-01-01 11:00:00,acc3,Random anime fact: Attack on Titan changed many viewers' expectations of anime. ❤️,76,
92,2026-01-01 11:02:00,acc4,I think today's episode was incredible! 🎉,,
93,2026-01-01 11:04:00,acc1,Opening theme has been stuck in my head. 😂,,😮
94,2026-01-01 11:06:00,acc2,Opening theme has been stuck in my head. 😂,88,🔥
95,2026-01-01 11:08:00,acc3,Opening theme has been stuck in my head. 🍜,91,
96,2026-01-01 11:10:00,acc4,I think today's episode was incredible! 😭,,👏
97,2026-01-01 11:12:00,acc1,That animation quality was insane! 😂,91,😭
98,2026-01-01 11:14:00,acc2,No spoilers please! 🙌,86,
99,2026-01-01 11:16:00,acc3,Opening theme has been stuck in my head. 🍜,,🔥
100,2026-01-01 11:18:00,acc4,I'm rewatching Bleach this weekend. ❤️,94,💯
101,2026-01-01 11:20:00,acc1,I think today's episode was incredible! 🍜,,🔥
102,2026-01-01 11:22:00,acc2,Opening theme has been stuck in my head. 😎,90,😎
103,2026-01-01 11:24:00,acc3,"Quote of the day: ""A lesson without pain is meaningless."" 😂",94,😎
104,2026-01-01 11:26:00,acc4,I'm rewatching Hunter x Hunter this weekend. 💯,,👍
105,2026-01-01 11:28:00,acc1,"Quote of the day: ""A lesson without pain is meaningless."" 😭",,
106,2026-01-01 11:30:00,acc2,I think today's episode was incredible! ✨,,😎
107,2026-01-01 11:32:00,acc3,Who's your favorite character from Solo Leveling? 😎,,❤️
108,2026-01-01 11:34:00,acc4,No spoilers please! 🙌,103,😂
109,2026-01-01 11:36:00,acc1,Opening theme has been stuck in my head. 😎,101,
110,2026-01-01 11:38:00,acc2,"Quote of the day: ""A lesson without pain is meaningless."" 😎",,😮
111,2026-01-01 11:40:00,acc3,Who's your favorite character from One Piece? 🔥,,👍
112,2026-01-01 11:42:00,acc4,I'm rewatching Frieren this weekend. 💯,,👍
113,2026-01-01 11:44:00,acc1,I think today's episode was incredible! ⚡,,👍
114,2026-01-01 11:46:00,acc2,My favorite moment in Steins;Gate still gives me chills 🍜,,❤️
115,2026-01-01 11:48:00,acc3,Opening theme has been stuck in my head. 🎉,100,🔥
116,2026-01-01 11:50:00,acc4,Opening theme has been stuck in my head. 👀,103,😎
117,2026-01-01 11:52:00,acc1,Opening theme has been stuck in my head. 😎,105,
118,2026-01-01 11:54:00,acc2,"Quote of the day: ""People's dreams never end."" 🎉",106,❤️
119,2026-01-01 11:56:00,acc3,My favorite moment in Demon Slayer still gives me chills ✨,,💯
120,2026-01-01 11:58:00,acc4,Who's your favorite character from My Hero Academia? ⚡,,😮
121,2026-01-01 12:00:00,acc1,"Quote of the day: ""The world isn't perfect, but it's beautiful."" 😂",117,
122,2026-01-01 12:02:00,acc2,"Quote of the day: ""People's dreams never end."" ✨",120,😮
123,2026-01-01 12:04:00,acc3,Who's your favorite character from Jujutsu Kaisen? 🔥,120,
124,2026-01-01 12:06:00,acc4,Who's your favorite character from Frieren? ⚡,112,😎
125,2026-01-01 12:08:00,acc1,Anyone watching Death Note lately? 👀,120,👏
126,2026-01-01 12:10:00,acc2,Opening theme has been stuck in my head. ❤️,110,😮
127,2026-01-01 12:12:00,acc3,I'm rewatching Naruto this weekend. ✨,113,
128,2026-01-01 12:14:00,acc4,I'm rewatching Vinland Saga this weekend. 😂,,👏
129,2026-01-01 12:16:00,acc1,Random anime fact: Many anime openings become chart-topping songs. 🍜,,😭
130,2026-01-01 12:18:00,acc2,No spoilers please! 🍜,,❤️
131,2026-01-01 12:20:00,acc3,That animation quality was insane! 😂,128,👍
132,2026-01-01 12:22:00,acc4,No spoilers please! ❤️,,😭
133,2026-01-01 12:24:00,acc1,No spoilers please! 😎,,😮
134,2026-01-01 12:26:00,acc2,Anyone watching My Hero Academia lately? 😂,127,🔥
135,2026-01-01 12:28:00,acc3,No spoilers please! 😀,,🔥
136,2026-01-01 12:30:00,acc4,Random anime fact: One Piece is among the best-selling manga series. 💯,131,😮
137,2026-01-01 12:32:00,acc1,"Quote of the day: ""The world isn't perfect, but it's beautiful."" ⚡",123,💯
138,2026-01-01 12:34:00,acc2,Random anime fact: Attack on Titan changed many viewers' expectations of anime. 🙌,126,💯
139,2026-01-01 12:36:00,acc3,Anyone watching Solo Leveling lately? 🍜,,😮
140,2026-01-01 12:38:00,acc4,I'm rewatching Death Note this weekend. ✨,,😎
141,2026-01-01 12:40:00,acc1,"Quote of the day: ""Power comes in response to a need."" 🍜",128,
142,2026-01-01 12:42:00,acc2,I think today's episode was incredible! 😀,137,💯
143,2026-01-01 12:44:00,acc3,Anyone watching Haikyuu!! lately? ⚡,,
144,2026-01-01 12:46:00,acc4,No spoilers please! 😂,128,😂
145,2026-01-01 12:48:00,acc1,I'm rewatching Vinland Saga this weekend. 😂,133,👏
146,2026-01-01 12:50:00,acc2,I think today's episode was incredible! 🍜,143,😎
147,2026-01-01 12:52:00,acc3,No spoilers please! 🍜,,❤️
148,2026-01-01 12:54:00,acc4,My favorite moment in Hunter x Hunter still gives me chills ❤️,,❤️
149,2026-01-01 12:56:00,acc1,Who's your favorite character from Attack on Titan? 🙌,133,👏
150,2026-01-01 12:58:00,acc2,That animation quality was insane! 🤔,,😎
151,2026-01-01 13:00:00,acc3,Random anime fact: Attack on Titan changed many viewers' expectations of anime. 🔥,,💯
152,2026-01-01 13:02:00,acc4,"Quote of the day: ""Keep moving forward."" 🔥",140,😭
153,2026-01-01 13:04:00,acc1,I'm rewatching Steins;Gate this weekend. 📚,147,😎
154,2026-01-01 13:06:00,acc2,Opening theme has been stuck in my head. 🤔,,💯
155,2026-01-01 13:08:00,acc3,That animation quality was insane! ❤️,140,🔥
156,2026-01-01 13:10:00,acc4,Who's your favorite character from Haikyuu!!? 👀,144,👍
157,2026-01-01 13:12:00,acc1,Anyone watching Haikyuu!! lately? 👀,152,😭
158,2026-01-01 13:14:00,acc2,I think today's episode was incredible! 🎉,,🔥
159,2026-01-01 13:16:00,acc3,My favorite moment in Steins;Gate still gives me chills 💯,153,👍
160,2026-01-01 13:18:00,acc4,I think today's episode was incredible! 👀,145,😮
161,2026-01-01 13:20:00,acc1,"Quote of the day: ""The world isn't perfect, but it's beautiful."" 🔥",,😎
162,2026-01-01 13:22:00,acc2,Who's your favorite character from Dragon Ball? 📚,150,😭
163,2026-01-01 13:24:00,acc3,My favorite moment in Frieren still gives me chills 🎉,148,😂
164,2026-01-01 13:26:00,acc4,No spoilers please! 🍜,,💯
165,2026-01-01 13:28:00,acc1,I'm rewatching One Piece this weekend. 😂,,😮
166,2026-01-01 13:30:00,acc2,"Quote of the day: ""Power comes in response to a need."" 😂",159,😎
167,2026-01-01 13:32:00,acc3,My favorite moment in Solo Leveling still gives me chills 💯,158,😮
168,2026-01-01 13:34:00,acc4,Anyone watching Vinland Saga lately? 😀,,😭
169,2026-01-01 13:36:00,acc1,No spoilers please! 📚,,😭
170,2026-01-01 13:38:00,acc2,Opening theme has been stuck in my head. 😭,156,💯
171,2026-01-01 13:40:00,acc3,Who's your favorite character from Attack on Titan? 😭,,👏
172,2026-01-01 13:42:00,acc4,I think today's episode was incredible! ❤️,,👏
173,2026-01-01 13:44:00,acc1,"Quote of the day: ""The world isn't perfect, but it's beautiful."" 😎",170,😭
174,2026-01-01 13:46:00,acc2,Opening theme has been stuck in my head. 💯,158,👏
175,2026-01-01 13:48:00,acc3,My favorite moment in Hunter x Hunter still gives me chills ❤️,167,🔥
176,2026-01-01 13:50:00,acc4,Random anime fact: Voice actors in Japan are called seiyuu. 🎉,169,👍
177,2026-01-01 13:52:00,acc1,Who's your favorite character from Steins;Gate? ✨,162,👍
178,2026-01-01 13:54:00,acc2,"Quote of the day: ""Power comes in response to a need."" 🎉",162,😂
179,2026-01-01 13:56:00,acc3,That animation quality was insane! 🙌,174,❤️
180,2026-01-01 13:58:00,acc4,Opening theme has been stuck in my head. ✨,,😎
181,2026-01-01 14:00:00,acc1,No spoilers please! 🙌,,👍
182,2026-01-01 14:02:00,acc2,My favorite moment in Naruto still gives me chills 😭,180,😭
183,2026-01-01 14:04:00,acc3,Random anime fact: Did you know? Anime is often adapted from manga or light novels. 👀,,😮
184,2026-01-01 14:06:00,acc4,Who's your favorite character from Solo Leveling? ✨,177,💯
185,2026-01-01 14:08:00,acc1,No spoilers please! 🍜,172,💯
186,2026-01-01 14:10:00,acc2,I'm rewatching My Hero Academia this weekend. 🤔,,❤️
187,2026-01-01 14:12:00,acc3,Who's your favorite character from Solo Leveling? 💯,,😂
188,2026-01-01 14:14:00,acc4,My favorite moment in Death Note still gives me chills 🍜,,❤️
189,2026-01-01 14:16:00,acc1,Opening theme has been stuck in my head. 😀,181,👏
190,2026-01-01 14:18:00,acc2,That animation quality was insane! 🍜,185,👍
191,2026-01-01 14:20:00,acc3,My favorite moment in Frieren still gives me chills 🤔,178,😂
192,2026-01-01 14:22:00,acc4,No spoilers please! 🤔,,😮
193,2026-01-01 14:24:00,acc1,Opening theme has been stuck in my head. 🎉,187,😎
194,2026-01-01 14:26:00,acc2,Random anime fact: Attack on Titan changed many viewers' expectations of anime. 😀,,😮
195,2026-01-01 14:28:00,acc3,Random anime fact: Studio Ghibli films are famous for hand-drawn animation. 🔥,185,❤️
196,2026-01-01 14:30:00,acc4,No spoilers please! 😂,,💯
197,2026-01-01 14:32:00,acc1,Who's your favorite character from My Hero Academia? 🤔,193,
198,2026-01-01 14:34:00,acc2,Opening theme has been stuck in my head. 🔥,,❤️
199,2026-01-01 14:36:00,acc3,Opening theme has been stuck in my head. ⚡,,😮
200,2026-01-01 14:38:00,acc4,That animation quality was insane! 🤔,,
201,2026-01-01 14:40:00,acc1,"Quote of the day: ""Power comes in response to a need."" 😀",,
202,2026-01-01 14:42:00,acc2,"Quote of the day: ""A lesson without pain is meaningless."" 😎",198,😮
203,2026-01-01 14:44:00,acc3,I'm rewatching Frieren this weekend. 😀,189,😂
204,2026-01-01 14:46:00,acc4,No spoilers please! ✨,200,👏
205,2026-01-01 14:48:00,acc1,Anyone watching Bleach lately? 😭,190,👏
206,2026-01-01 14:50:00,acc2,That animation quality was insane! 🙌,,💯
207,2026-01-01 14:52:00,acc3,Opening theme has been stuck in my head. 🎉,202,👏
208,2026-01-01 14:54:00,acc4,That animation quality was insane! ❤️,200,❤️
209,2026-01-01 14:56:00,acc1,I think today's episode was incredible! ❤️,194,😎
210,2026-01-01 14:58:00,acc2,I think today's episode was incredible! ❤️,,😂
211,2026-01-01 15:00:00,acc3,"Quote of the day: ""A lesson without pain is meaningless."" 😎",,😂
212,2026-01-01 15:02:00,acc4,Opening theme has been stuck in my head. ⚡,203,
213,2026-01-01 15:04:00,acc1,I'm rewatching Solo Leveling this weekend. 🔥,,😭
214,2026-01-01 15:06:00,acc2,I think today's episode was incredible! 😀,202,😭
215,2026-01-01 15:08:00,acc3,Who's your favorite character from My Hero Academia? 🤔,,❤️
216,2026-01-01 15:10:00,acc4,Anyone watching Haikyuu!! lately? ✨,,
217,2026-01-01 15:12:00,acc1,No spoilers please! ⚡,,👍
218,2026-01-01 15:14:00,acc2,My favorite moment in My Hero Academia still gives me chills 🙌,204,👍
219,2026-01-01 15:16:00,acc3,No spoilers please! ⚡,205,👏
220,2026-01-01 15:18:00,acc4,I think today's episode was incredible! 😭,204,👏
221,2026-01-01 15:20:00,acc1,That animation quality was insane! ✨,,
222,2026-01-01 15:22:00,acc2,Random anime fact: Studio Ghibli films are famous for hand-drawn animation. 👀,210,💯
223,2026-01-01 15:24:00,acc3,No spoilers please! 😎,,👏
224,2026-01-01 15:26:00,acc4,That animation quality was insane! 😂,208,👏
225,2026-01-01 15:28:00,acc1,I'm rewatching Frieren this weekend. 🤔,,😂
226,2026-01-01 15:30:00,acc2,My favorite moment in Jujutsu Kaisen still gives me chills 🍜,218,😎
227,2026-01-01 15:32:00,acc3,Opening theme has been stuck in my head. 📚,,💯
228,2026-01-01 15:34:00,acc4,Opening theme has been stuck in my head. 🍜,214,😭
229,2026-01-01 15:36:00,acc1,"Quote of the day: ""Power comes in response to a need."" 💯",222,😮
230,2026-01-01 15:38:00,acc2,Who's your favorite character from My Hero Academia? ❤️,226,😭
231,2026-01-01 15:40:00,acc3,I'm rewatching Fullmetal Alchemist this weekend. ⚡,227,💯
232,2026-01-01 15:42:00,acc4,Opening theme has been stuck in my head. 🎉,,😮
233,2026-01-01 15:44:00,acc1,I think today's episode was incredible! 🍜,218,😎
234,2026-01-01 15:46:00,acc2,Random anime fact: Studio Ghibli films are famous for hand-drawn animation. 🎉,,😎
235,2026-01-01 15:48:00,acc3,"Quote of the day: ""People's dreams never end."" 📚",233,👏
236,2026-01-01 15:50:00,acc4,No spoilers please! 😭,,💯
237,2026-01-01 15:52:00,acc1,I think today's episode was incredible! 😀,234,👏
238,2026-01-01 15:54:00,acc2,I'm rewatching Jujutsu Kaisen this weekend. 😎,224,😭
239,2026-01-01 15:56:00,acc3,My favorite moment in My Hero Academia still gives me chills 📚,,🔥
240,2026-01-01 15:58:00,acc4,That animation quality was insane! ✨,,😮
241,2026-01-01 16:00:00,acc1,"Quote of the day: ""People's dreams never end."" 😀",,
242,2026-01-01 16:02:00,acc2,I'm rewatching My Hero Academia this weekend. 🍜,226,😎
243,2026-01-01 16:04:00,acc3,That animation quality was insane! 😎,,👏
244,2026-01-01 16:06:00,acc4,My favorite moment in Hunter x Hunter still gives me chills 🔥,233,❤️
245,2026-01-01 16:08:00,acc1,That animation quality was insane! 😀,233,👍
246,2026-01-01 16:10:00,acc2,My favorite moment in Dragon Ball still gives me chills ❤️,241,👏
247,2026-01-01 16:12:00,acc3,I think today's episode was incredible! ✨,233,😭
248,2026-01-01 16:14:00,acc4,Random anime fact: Many anime openings become chart-topping songs. 🎉,,😭
249,2026-01-01 16:16:00,acc1,"Quote of the day: ""A lesson without pain is meaningless."" 😀",238,😮
250,2026-01-01 16:18:00,acc2,Anyone watching Haikyuu!! lately? 😎,237,😮
251,2026-01-01 16:20:00,acc3,My favorite moment in Dragon Ball still gives me chills 😎,241,💯
252,2026-01-01 16:22:00,acc4,I'm rewatching My Hero Academia this weekend. 🔥,241,😎
253,2026-01-01 16:24:00,acc1,That animation quality was insane! 😂,250,😂
254,2026-01-01 16:26:00,acc2,I think today's episode was incredible! 😂,242,😭
255,2026-01-01 16:28:00,acc3,I'm rewatching Vinland Saga this weekend. 🤔,,👏
256,2026-01-01 16:30:00,acc4,That animation quality was insane! 😂,,😂
257,2026-01-01 16:32:00,acc1,I'm rewatching One Piece this weekend. 💯,,❤️
258,2026-01-01 16:34:00,acc2,That animation quality was insane! 🤔,242,
259,2026-01-01 16:36:00,acc3,I think today's episode was incredible! 🤔,,❤️
260,2026-01-01 16:38:00,acc4,I think today's episode was incredible! 😭,247,❤️
261,2026-01-01 16:40:00,acc1,No spoilers please! ⚡,,😎
262,2026-01-01 16:42:00,acc2,I'm rewatching Attack on Titan this weekend. 🙌,,
263,2026-01-01 16:44:00,acc3,My favorite moment in Frieren still gives me chills ❤️,,❤️
264,2026-01-01 16:46:00,acc4,I think today's episode was incredible! 😂,259,❤️
265,2026-01-01 16:48:00,acc1,Random anime fact: Studio Ghibli films are famous for hand-drawn animation. 🙌,257,🔥
266,2026-01-01 16:50:00,acc2,I'm rewatching Attack on Titan this weekend. ❤️,,😎
267,2026-01-01 16:52:00,acc3,Opening theme has been stuck in my head. 🔥,252,😮
268,2026-01-01 16:54:00,acc4,That animation quality was insane! ✨,265,
269,2026-01-01 16:56:00,acc1,My favorite moment in Bleach still gives me chills 💯,,😎
270,2026-01-01 16:58:00,acc2,Opening theme has been stuck in my head. 💯,,😂
271,2026-01-01 17:00:00,acc3,My favorite moment in Vinland Saga still gives me chills 🍜,259,😂
272,2026-01-01 17:02:00,acc4,No spoilers please! 🤔,269,❤️
273,2026-01-01 17:04:00,acc1,Random anime fact: Voice actors in Japan are called seiyuu. 😎,266,😎
274,2026-01-01 17:06:00,acc2,Opening theme has been stuck in my head. 👀,,
275,2026-01-01 17:08:00,acc3,Anyone watching Solo Leveling lately? 🍜,,
276,2026-01-01 17:10:00,acc4,Opening theme has been stuck in my head. 🎉,,👍
277,2026-01-01 17:12:00,acc1,Who's your favorite character from Death Note? 😎,273,💯
278,2026-01-01 17:14:00,acc2,Anyone watching Frieren lately? 🙌,,💯
279,2026-01-01 17:16:00,acc3,Opening theme has been stuck in my head. 🤔,,👏
280,2026-01-01 17:18:00,acc4,I think today's episode was incredible! 🎉,265,👏
281,2026-01-01 17:20:00,acc1,I'm rewatching Hunter x Hunter this weekend. 😎,,❤️
282,2026-01-01 17:22:00,acc2,Opening theme has been stuck in my head. 🍜,,😂
283,2026-01-01 17:24:00,acc3,Random anime fact: Attack on Titan changed many viewers' expectations of anime. ❤️,275,😭
284,2026-01-01 17:26:00,acc4,My favorite moment in Death Note still gives me chills 😀,276,😭
285,2026-01-01 17:28:00,acc1,Anyone watching Hunter x Hunter lately? 🤔,,😭
286,2026-01-01 17:30:00,acc2,My favorite moment in Death Note still gives me chills 😀,,😮
287,2026-01-01 17:32:00,acc3,That animation quality was insane! 😀,,😎
288,2026-01-01 17:34:00,acc4,My favorite moment in Fullmetal Alchemist still gives me chills 😎,,😭
289,2026-01-01 17:36:00,acc1,Random anime fact: Attack on Titan changed many viewers' expectations of anime. 😂,279,👏
290,2026-01-01 17:38:00,acc2,Random anime fact: Attack on Titan changed many viewers' expectations of anime. 🎉,,😎
291,2026-01-01 17:40:00,acc3,Anyone watching Haikyuu!! lately? 😀,,👏
292,2026-01-01 17:42:00,acc4,Opening theme has been stuck in my head. 🔥,278,👏
293,2026-01-01 17:44:00,acc1,Who's your favorite character from Solo Leveling? 👀,285,😎
294,2026-01-01 17:46:00,acc2,I'm rewatching Death Note this weekend. 😎,283,👏
295,2026-01-01 17:48:00,acc3,Anyone watching Attack on Titan lately? 😎,283,
296,2026-01-01 17:50:00,acc4,I'm rewatching Hunter x Hunter this weekend. 👀,,
297,2026-01-01 17:52:00,acc1,Opening theme has been stuck in my head. 😀,282,🔥
298,2026-01-01 17:54:00,acc2,Random anime fact: One Piece is among the best-selling manga series. 😭,,🔥
299,2026-01-01 17:56:00,acc3,I'm rewatching Vinland Saga this weekend. 📚,294,👍
300,2026-01-01 17:58:00,acc4,I think today's episode was incredible! ✨,291,😎
301,2026-01-01 18:00:00,acc1,No spoilers please! ⚡,,👏
302,2026-01-01 18:02:00,acc2,"Quote of the day: ""The world isn't perfect, but it's beautiful."" ❤️",,😮
303,2026-01-01 18:04:00,acc3,"Quote of the day: ""Power comes in response to a need."" 🙌",294,👏
304,2026-01-01 18:06:00,acc4,Who's your favorite character from Death Note? 📚,,
305,2026-01-01 18:08:00,acc1,Random anime fact: One Piece is among the best-selling manga series. 🎉,,😮
306,2026-01-01 18:10:00,acc2,Who's your favorite character from Bleach? 💯,293,🔥
307,2026-01-01 18:12:00,acc3,My favorite moment in Steins;Gate still gives me chills 🔥,300,🔥
308,2026-01-01 18:14:00,acc4,"Quote of the day: ""Keep moving forward."" ❤️",,💯
309,2026-01-01 18:16:00,acc1,Random anime fact: Many anime openings become chart-topping songs. 😂,,😎
310,2026-01-01 18:18:00,acc2,"Quote of the day: ""The world isn't perfect, but it's beautiful."" ⚡",298,👏
311,2026-01-01 18:20:00,acc3,My favorite moment in Frieren still gives me chills 📚,298,😎
312,2026-01-01 18:22:00,acc4,Random anime fact: Voice actors in Japan are called seiyuu. 📚,296,💯
313,2026-01-01 18:24:00,acc1,Anyone watching Death Note lately? 📚,,
314,2026-01-01 18:26:00,acc2,No spoilers please! ⚡,312,😂
315,2026-01-01 18:28:00,acc3,My favorite moment in My Hero Academia still gives me chills 🎉,,😭
316,2026-01-01 18:30:00,acc4,I think today's episode was incredible! 😀,309,🔥
317,2026-01-01 18:32:00,acc1,That animation quality was insane! 🍜,302,💯
318,2026-01-01 18:34:00,acc2,I think today's episode was incredible! ⚡,302,😮
319,2026-01-01 18:36:00,acc3,Who's your favorite character from Haikyuu!!? 🎉,307,
320,2026-01-01 18:38:00,acc4,"Quote of the day: ""Power comes in response to a need."" 🙌",,❤️
321,2026-01-01 18:40:00,acc1,No spoilers please! 😭,319,😮
322,2026-01-01 18:42:00,acc2,Opening theme has been stuck in my head. 🤔,,😂
323,2026-01-01 18:44:00,acc3,Opening theme has been stuck in my head. 🙌,,😎
324,2026-01-01 18:46:00,acc4,"Quote of the day: ""A lesson without pain is meaningless."" 🎉",317,❤️
325,2026-01-01 18:48:00,acc1,Opening theme has been stuck in my head. 😂,,😎
326,2026-01-01 18:50:00,acc2,Random anime fact: Attack on Titan changed many viewers' expectations of anime. 🔥,,😎
327,2026-01-01 18:52:00,acc3,Opening theme has been stuck in my head. 🙌,325,😎
328,2026-01-01 18:54:00,acc4,No spoilers please! 🔥,,
329,2026-01-01 18:56:00,acc1,Who's your favorite character from Naruto? 💯,319,😮
330,2026-01-01 18:58:00,acc2,My favorite moment in One Piece still gives me chills 👀,,👏
331,2026-01-01 19:00:00,acc3,My favorite moment in Bleach still gives me chills 📚,322,👍
332,2026-01-01 19:02:00,acc4,Random anime fact: One Piece is among the best-selling manga series. 🎉,327,💯
333,2026-01-01 19:04:00,acc1,That animation quality was insane! 🍜,,😎
334,2026-01-01 19:06:00,acc2,Random anime fact: Many anime openings become chart-topping songs. 😂,324,😎
335,2026-01-01 19:08:00,acc3,Anyone watching Jujutsu Kaisen lately? 🍜,323,😭
336,2026-01-01 19:10:00,acc4,"Quote of the day: ""The world isn't perfect, but it's beautiful."" 🍜",,👏
337,2026-01-01 19:12:00,acc1,My favorite moment in Jujutsu Kaisen still gives me chills 📚,,💯
338,2026-01-01 19:14:00,acc2,My favorite moment in One Piece still gives me chills 😂,329,
339,2026-01-01 19:16:00,acc3,I'm rewatching Naruto this weekend. 😭,,🔥
340,2026-01-01 19:18:00,acc4,"Quote of the day: ""Keep moving forward."" 😎",335,
341,2026-01-01 19:20:00,acc1,I think today's episode was incredible! 🎉,,😂
342,2026-01-01 19:22:00,acc2,Anyone watching Hunter x Hunter lately? 😎,335,😂
343,2026-01-01 19:24:00,acc3,I think today's episode was incredible! 😀,337,💯
344,2026-01-01 19:26:00,acc4,Random anime fact: Many anime openings become chart-topping songs. 😭,,😂
345,2026-01-01 19:28:00,acc1,Random anime fact: Voice actors in Japan are called seiyuu. 😎,343,👍
346,2026-01-01 19:30:00,acc2,Random anime fact: One Piece is among the best-selling manga series. ✨,,😮
347,2026-01-01 19:32:00,acc3,I'm rewatching Fullmetal Alchemist this weekend. 📚,332,😎
348,2026-01-01 19:34:00,acc4,Opening theme has been stuck in my head. 😭,345,❤️
349,2026-01-01 19:36:00,acc1,I'm rewatching Fullmetal Alchemist this weekend. ❤️,,👏
350,2026-01-01 19:38:00,acc2,"Quote of the day: ""A lesson without pain is meaningless."" 📚",335,😭
351,2026-01-01 19:40:00,acc3,"Quote of the day: ""Keep moving forward."" 🙌",,🔥
352,2026-01-01 19:42:00,acc4,No spoilers please! ⚡,340,😮
353,2026-01-01 19:44:00,acc1,My favorite moment in Dragon Ball still gives me chills ⚡,348,😭
354,2026-01-01 19:46:00,acc2,That animation quality was insane! 🤔,,🔥
355,2026-01-01 19:48:00,acc3,Opening theme has been stuck in my head. ✨,345,😮
356,2026-01-01 19:50:00,acc4,That animation quality was insane! ❤️,343,😭
357,2026-01-01 19:52:00,acc1,I'm rewatching Solo Leveling this weekend. 🙌,352,👏
358,2026-01-01 19:54:00,acc2,Random anime fact: Voice actors in Japan are called seiyuu. ⚡,350,👍
359,2026-01-01 19:56:00,acc3,Anyone watching Naruto lately? 🎉,,🔥
360,2026-01-01 19:58:00,acc4,"Quote of the day: ""A lesson without pain is meaningless."" 😀",349,👍
361,2026-01-01 20:00:00,acc1,Anyone watching Death Note lately? 😀,351,👍
362,2026-01-01 20:02:00,acc2,Who's your favorite character from One Piece? ✨,,💯
363,2026-01-01 20:04:00,acc3,Random anime fact: Did you know? Anime is often adapted from manga or light novels. ✨,,
364,2026-01-01 20:06:00,acc4,That animation quality was insane! 🎉,,💯
365,2026-01-01 20:08:00,acc1,"Quote of the day: ""A lesson without pain is meaningless."" 🙌",,❤️
366,2026-01-01 20:10:00,acc2,That animation quality was insane! 😭,350,👍
367,2026-01-01 20:12:00,acc3,That animation quality was insane! 🍜,356,
368,2026-01-01 20:14:00,acc4,"Quote of the day: ""People's dreams never end."" ❤️",363,
369,2026-01-01 20:16:00,acc1,My favorite moment in Death Note still gives me chills 📚,357,😎
370,2026-01-01 20:18:00,acc2,"Quote of the day: ""Power comes in response to a need."" 😀",366,💯
371,2026-01-01 20:20:00,acc3,"Quote of the day: ""A lesson without pain is meaningless."" 👀",368,💯
372,2026-01-01 20:22:00,acc4,My favorite moment in Solo Leveling still gives me chills 🎉,361,👍
373,2026-01-01 20:24:00,acc1,My favorite moment in Attack on Titan still gives me chills 🍜,,
374,2026-01-01 20:26:00,acc2,Who's your favorite character from Haikyuu!!? 💯,365,😭
375,2026-01-01 20:28:00,acc3,That animation quality was insane! 😭,,
376,2026-01-01 20:30:00,acc4,"Quote of the day: ""Keep moving forward."" 😎",361,😮
377,2026-01-01 20:32:00,acc1,That animation quality was insane! 🙌,,❤️
378,2026-01-01 20:34:00,acc2,I think today's episode was incredible! ⚡,363,😂
379,2026-01-01 20:36:00,acc3,No spoilers please! ⚡,369,❤️
380,2026-01-01 20:38:00,acc4,My favorite moment in One Piece still gives me chills ✨,376,👏
381,2026-01-01 20:40:00,acc1,That animation quality was insane! 😭,376,😎
382,2026-01-01 20:42:00,acc2,That animation quality was insane! 🔥,,😮
383,2026-01-01 20:44:00,acc3,My favorite moment in Frieren still gives me chills 🔥,,😮
384,2026-01-01 20:46:00,acc4,My favorite moment in Vinland Saga still gives me chills 🎉,,🔥
385,2026-01-01 20:48:00,acc1,I'm rewatching Death Note this weekend. ❤️,,😮
386,2026-01-01 20:50:00,acc2,Opening theme has been stuck in my head. 🍜,,👏
387,2026-01-01 20:52:00,acc3,Opening theme has been stuck in my head. 🍜,,👏
388,2026-01-01 20:54:00,acc4,That animation quality was insane! 🔥,376,😭
389,2026-01-01 20:56:00,acc1,That animation quality was insane! 😎,,
390,2026-01-01 20:58:00,acc2,No spoilers please! 🔥,,😭
391,2026-01-01 21:00:00,acc3,My favorite moment in Fullmetal Alchemist still gives me chills 🍜,387,💯
392,2026-01-01 21:02:00,acc4,Who's your favorite character from Death Note? ❤️,387,💯
393,2026-01-01 21:04:00,acc1,I'm rewatching Haikyuu!! this weekend. 👀,385,😎
394,2026-01-01 21:06:00,acc2,I think today's episode was incredible! 🎉,390,😎
395,2026-01-01 21:08:00,acc3,I think today's episode was incredible! 💯,,
396,2026-01-01 21:10:00,acc4,I think today's episode was incredible! 🎉,386,❤️
397,2026-01-01 21:12:00,acc1,No spoilers please! ❤️,389,
398,2026-01-01 21:14:00,acc2,I'm rewatching Hunter x Hunter this weekend. 😭,391,😎
399,2026-01-01 21:16:00,acc3,My favorite moment in Jujutsu Kaisen still gives me chills ⚡,,❤️
400,2026-01-01 21:18:00,acc4,Who's your favorite character from Attack on Titan? 🤔,,🔥
401,2026-01-01 21:20:00,acc1,I'm rewatching Death Note this weekend. 😂,392,👏
402,2026-01-01 21:22:00,acc2,My favorite moment in Bleach still gives me chills 🎉,,👏
403,2026-01-01 21:24:00,acc3,"Quote of the day: ""A lesson without pain is meaningless."" 📚",395,😂
404,2026-01-01 21:26:00,acc4,"Quote of the day: ""The world isn't perfect, but it's beautiful."" ⚡",398,😂
405,2026-01-01 21:28:00,acc1,Anyone watching Demon Slayer lately? 😭,403,🔥
406,2026-01-01 21:30:00,acc2,Anyone watching My Hero Academia lately? 😭,393,😮
407,2026-01-01 21:32:00,acc3,No spoilers please! 🎉,,👏
408,2026-01-01 21:34:00,acc4,I'm rewatching Fullmetal Alchemist this weekend. 😎,402,👏
409,2026-01-01 21:36:00,acc1,My favorite moment in Haikyuu!! still gives me chills 👀,,😭
410,2026-01-01 21:38:00,acc2,Opening theme has been stuck in my head. 📚,404,😂
411,2026-01-01 21:40:00,acc3,My favorite moment in Solo Leveling still gives me chills 😎,,😂
412,2026-01-01 21:42:00,acc4,Opening theme has been stuck in my head. 🔥,,😂
413,2026-01-01 21:44:00,acc1,Random anime fact: Many anime openings become chart-topping songs. 🙌,404,😮
414,2026-01-01 21:46:00,acc2,I'm rewatching Jujutsu Kaisen this weekend. 🍜,411,👏
415,2026-01-01 21:48:00,acc3,That animation quality was insane! ❤️,407,😭
416,2026-01-01 21:50:00,acc4,I'm rewatching Vinland Saga this weekend. 😭,401,
417,2026-01-01 21:52:00,acc1,Who's your favorite character from One Piece? 😀,,😮
418,2026-01-01 21:54:00,acc2,I'm rewatching Demon Slayer this weekend. 🙌,403,
419,2026-01-01 21:56:00,acc3,I think today's episode was incredible! 🍜,415,👍
420,2026-01-01 21:58:00,acc4,My favorite moment in My Hero Academia still gives me chills 😭,414,🔥
421,2026-01-01 22:00:00,acc1,I think today's episode was incredible! 😎,406,😭
422,2026-01-01 22:02:00,acc2,Opening theme has been stuck in my head. 🎉,419,
423,2026-01-01 22:04:00,acc3,"Quote of the day: ""Keep moving forward."" 🔥",419,👍
424,2026-01-01 22:06:00,acc4,No spoilers please! 👀,,😮
425,2026-01-01 22:08:00,acc1,No spoilers please! 🍜,419,❤️
426,2026-01-01 22:10:00,acc2,Random anime fact: One Piece is among the best-selling manga series. 😎,412,🔥
427,2026-01-01 22:12:00,acc3,"Quote of the day: ""Power comes in response to a need."" 🍜",421,💯
428,2026-01-01 22:14:00,acc4,Who's your favorite character from Death Note? 💯,418,😭
429,2026-01-01 22:16:00,acc1,No spoilers please! 😭,424,👏
430,2026-01-01 22:18:00,acc2,Anyone watching My Hero Academia lately? 👀,427,❤️
431,2026-01-01 22:20:00,acc3,My favorite moment in My Hero Academia still gives me chills 🍜,421,🔥
432,2026-01-01 22:22:00,acc4,I think today's episode was incredible! 😎,421,😎
433,2026-01-01 22:24:00,acc1,I think today's episode was incredible! 🎉,429,👍
434,2026-01-01 22:26:00,acc2,My favorite moment in Naruto still gives me chills 😀,420,😭
435,2026-01-01 22:28:00,acc3,Random anime fact: Did you know? Anime is often adapted from manga or light novels. ❤️,423,😂
436,2026-01-01 22:30:00,acc4,My favorite moment in Steins;Gate still gives me chills 😎,,😂
437,2026-01-01 22:32:00,acc1,"Quote of the day: ""Power comes in response to a need."" 🙌",,❤️
438,2026-01-01 22:34:00,acc2,My favorite moment in Attack on Titan still gives me chills ⚡,,🔥
439,2026-01-01 22:36:00,acc3,I think today's episode was incredible! 🙌,436,💯
440,2026-01-01 22:38:00,acc4,That animation quality was insane! ❤️,,❤️
441,2026-01-01 22:40:00,acc1,Who's your favorite character from Attack on Titan? 📚,,😂
442,2026-01-01 22:42:00,acc2,Anyone watching Jujutsu Kaisen lately? 👀,428,😭
443,2026-01-01 22:44:00,acc3,Random anime fact: Many anime openings become chart-topping songs. 💯,436,😭
444,2026-01-01 22:46:00,acc4,My favorite moment in Fullmetal Alchemist still gives me chills 🔥,434,👏
445,2026-01-01 22:48:00,acc1,Who's your favorite character from Vinland Saga? ❤️,432,😎
446,2026-01-01 22:50:00,acc2,Who's your favorite character from Frieren? 🍜,,
447,2026-01-01 22:52:00,acc3,Anyone watching Fullmetal Alchemist lately? 😎,443,🔥
448,2026-01-01 22:54:00,acc4,I'm rewatching Death Note this weekend. ❤️,433,😎
449,2026-01-01 22:56:00,acc1,That animation quality was insane! 🔥,442,💯
450,2026-01-01 22:58:00,acc2,I'm rewatching Dragon Ball this weekend. 🎉,446,❤️
451,2026-01-01 23:00:00,acc3,Who's your favorite character from One Piece? 😀,,👍
452,2026-01-01 23:02:00,acc4,No spoilers please! 💯,442,💯
453,2026-01-01 23:04:00,acc1,Opening theme has been stuck in my head. ✨,,❤️
454,2026-01-01 23:06:00,acc2,"Quote of the day: ""Keep moving forward."" 📚",440,😎
455,2026-01-01 23:08:00,acc3,My favorite moment in Solo Leveling still gives me chills 💯,,💯
456,2026-01-01 23:10:00,acc4,That animation quality was insane! 😂,,
457,2026-01-01 23:12:00,acc1,Anyone watching Naruto lately? 😂,452,👍
458,2026-01-01 23:14:00,acc2,No spoilers please! ✨,453,😮
459,2026-01-01 23:16:00,acc3,Who's your favorite character from Demon Slayer? 🙌,444,👍
460,2026-01-01 23:18:00,acc4,My favorite moment in Solo Leveling still gives me chills ✨,,
461,2026-01-01 23:20:00,acc1,I think today's episode was incredible! ✨,,
462,2026-01-01 23:22:00,acc2,My favorite moment in Demon Slayer still gives me chills 😎,456,❤️
463,2026-01-01 23:24:00,acc3,Anyone watching Hunter x Hunter lately? 😀,447,🔥
464,2026-01-01 23:26:00,acc4,Random anime fact: One Piece is among the best-selling manga series. 😭,,👍
465,2026-01-01 23:28:00,acc1,That animation quality was insane! ❤️,454,😮
466,2026-01-01 23:30:00,acc2,No spoilers please! 😂,450,😂
467,2026-01-01 23:32:00,acc3,My favorite moment in Hunter x Hunter still gives me chills 😭,464,😮
468,2026-01-01 23:34:00,acc4,I'm rewatching Frieren this weekend. ✨,,🔥
469,2026-01-01 23:36:00,acc1,Opening theme has been stuck in my head. 🙌,,👏
470,2026-01-01 23:38:00,acc2,"Quote of the day: ""Keep moving forward."" 🎉",,💯
471,2026-01-01 23:40:00,acc3,Anyone watching One Piece lately? 🤔,455,💯
472,2026-01-01 23:42:00,acc4,"Quote of the day: ""A lesson without pain is meaningless."" ✨",,👍
473,2026-01-01 23:44:00,acc1,Anyone watching Jujutsu Kaisen lately? 😂,471,😎
474,2026-01-01 23:46:00,acc2,My favorite moment in Vinland Saga still gives me chills ⚡,466,😂
475,2026-01-01 23:48:00,acc3,Anyone watching Haikyuu!! lately? 👀,,😂
476,2026-01-01 23:50:00,acc4,I think today's episode was incredible! 🍜,466,👏
477,2026-01-01 23:52:00,acc1,My favorite moment in Solo Leveling still gives me chills ❤️,463,
478,2026-01-01 23:54:00,acc2,I'm rewatching Attack on Titan this weekend. 🔥,468,❤️
479,2026-01-01 23:56:00,acc3,I'm rewatching Dragon Ball this weekend. 😎,,❤️
480,2026-01-01 23:58:00,acc4,Opening theme has been stuck in my head. 🍜,,👏
481,2026-01-02 00:00:00,acc1,That animation quality was insane! 🤔,475,😮
482,2026-01-02 00:02:00,acc2,I'm rewatching Steins;Gate this weekend. 😭,474,🔥
483,2026-01-02 00:04:00,acc3,Random anime fact: One Piece is among the best-selling manga series. 🎉,,👍
484,2026-01-02 00:06:00,acc4,That animation quality was insane! 🍜,,❤️
485,2026-01-02 00:08:00,acc1,"Quote of the day: ""People's dreams never end."" 😂",476,😂
486,2026-01-02 00:10:00,acc2,I'm rewatching Bleach this weekend. 😀,,
487,2026-01-02 00:12:00,acc3,Anyone watching Vinland Saga lately? ⚡,,💯
488,2026-01-02 00:14:00,acc4,Random anime fact: Studio Ghibli films are famous for hand-drawn animation. 📚,,😭
489,2026-01-02 00:16:00,acc1,Opening theme has been stuck in my head. 👀,,😮
490,2026-01-02 00:18:00,acc2,Anyone watching Death Note lately? ⚡,,💯
491,2026-01-02 00:20:00,acc3,No spoilers please! 💯,,😎
492,2026-01-02 00:22:00,acc4,No spoilers please! ⚡,481,
493,2026-01-02 00:24:00,acc1,Anyone watching Solo Leveling lately? 🔥,,🔥
494,2026-01-02 00:26:00,acc2,I'm rewatching One Piece this weekend. 🎉,490,
495,2026-01-02 00:28:00,acc3,"Quote of the day: ""People's dreams never end."" ❤️",,👍
496,2026-01-02 00:30:00,acc4,Random anime fact: Attack on Titan changed many viewers' expectations of anime. 🤔,,
497,2026-01-02 00:32:00,acc1,Opening theme has been stuck in my head. 📚,,👏
498,2026-01-02 00:34:00,acc2,I'm rewatching Jujutsu Kaisen this weekend. 🍜,484,😭
499,2026-01-02 00:36:00,acc3,Opening theme has been stuck in my head. ❤️,,😎
500,2026-01-02 00:38:00,acc4,Opening theme has been stuck in my head. 📚,,😂
501,2026-01-02 00:40:00,acc1,I think today's episode was incredible! 📚,,😂
502,2026-01-02 00:42:00,acc2,I think today's episode was incredible! 🍜,491,💯
503,2026-01-02 00:44:00,acc3,Random anime fact: Studio Ghibli films are famous for hand-drawn animation. 🤔,498,💯
504,2026-01-02 00:46:00,acc4,No spoilers please! 🔥,502,
505,2026-01-02 00:48:00,acc1,Random anime fact: Voice actors in Japan are called seiyuu. 🍜,,😮
506,2026-01-02 00:50:00,acc2,Opening theme has been stuck in my head. 🙌,,
507,2026-01-02 00:52:00,acc3,Opening theme has been stuck in my head. 🤔,,
508,2026-01-02 00:54:00,acc4,My favorite moment in Attack on Titan still gives me chills 🤔,,👏
509,2026-01-02 00:56:00,acc1,I think today's episode was incredible! 🍜,,😮
510,2026-01-02 00:58:00,acc2,Who's your favorite character from Fullmetal Alchemist? 🤔,505,👍
511,2026-01-02 01:00:00,acc3,That animation quality was insane! 🙌,509,💯
512,2026-01-02 01:02:00,acc4,That animation quality was insane! ✨,,😭
513,2026-01-02 01:04:00,acc1,Anyone watching Hunter x Hunter lately? 😂,,👏
514,2026-01-02 01:06:00,acc2,Random anime fact: Did you know? Anime is often adapted from manga or light novels. 🤔,500,❤️
515,2026-01-02 01:08:00,acc3,I'm rewatching Bleach this weekend. 👀,505,😂
516,2026-01-02 01:10:00,acc4,I think today's episode was incredible! 😂,,🔥
517,2026-01-02 01:12:00,acc1,No spoilers please! 🙌,,😮
518,2026-01-02 01:14:00,acc2,That animation quality was insane! 😀,515,😭
519,2026-01-02 01:16:00,acc3,That animation quality was insane! 😀,,
520,2026-01-02 01:18:00,acc4,"Quote of the day: ""People's dreams never end."" 😀",,😮
521,2026-01-02 01:20:00,acc1,That animation quality was insane! 😎,519,😮
522,2026-01-02 01:22:00,acc2,Random anime fact: Many anime openings become chart-topping songs. 😭,,💯
523,2026-01-02 01:24:00,acc3,Who's your favorite character from Dragon Ball? 😀,,😮
524,2026-01-02 01:26:00,acc4,Random anime fact: Studio Ghibli films are famous for hand-drawn animation. 😀,518,❤️
525,2026-01-02 01:28:00,acc1,No spoilers please! 🎉,,
526,2026-01-02 01:30:00,acc2,That animation quality was insane! 🍜,516,😎
527,2026-01-02 01:32:00,acc3,Who's your favorite character from Death Note? ⚡,,👍
528,2026-01-02 01:34:00,acc4,Random anime fact: Did you know? Anime is often adapted from manga or light novels. 🔥,524,🔥
529,2026-01-02 01:36:00,acc1,That animation quality was insane! 😂,,😂
530,2026-01-02 01:38:00,acc2,That animation quality was insane! 😂,522,👏
531,2026-01-02 01:40:00,acc3,Anyone watching Steins;Gate lately? 📚,524,
532,2026-01-02 01:42:00,acc4,Random anime fact: Did you know? Anime is often adapted from manga or light novels. 🔥,525,❤️
533,2026-01-02 01:44:00,acc1,Who's your favorite character from Attack on Titan? 🎉,531,👏
534,2026-01-02 01:46:00,acc2,I'm rewatching Vinland Saga this weekend. 💯,525,👍
535,2026-01-02 01:48:00,acc3,Opening theme has been stuck in my head. 🔥,530,💯
536,2026-01-02 01:50:00,acc4,"Quote of the day: ""Power comes in response to a need."" 🙌",,😭
537,2026-01-02 01:52:00,acc1,Who's your favorite character from Steins;Gate? 🤔,,😭
538,2026-01-02 01:54:00,acc2,I'm rewatching Attack on Titan this weekend. 😎,527,😮
539,2026-01-02 01:56:00,acc3,I'm rewatching Vinland Saga this weekend. ❤️,,💯
540,2026-01-02 01:58:00,acc4,Anyone watching Death Note lately? 🍜,526,❤️
541,2026-01-02 02:00:00,acc1,Random anime fact: Many anime openings become chart-topping songs. 😭,533,
542,2026-01-02 02:02:00,acc2,"Quote of the day: ""A lesson without pain is meaningless."" 📚",529,👍
543,2026-01-02 02:04:00,acc3,"Quote of the day: ""Power comes in response to a need."" 🙌",,😭
544,2026-01-02 02:06:00,acc4,Anyone watching Haikyuu!! lately? 💯,,😭
545,2026-01-02 02:08:00,acc1,No spoilers please! 👀,,😂
546,2026-01-02 02:10:00,acc2,Anyone watching Steins;Gate lately? 😎,,😂
547,2026-01-02 02:12:00,acc3,"Quote of the day: ""A lesson without pain is meaningless."" 💯",,💯
548,2026-01-02 02:14:00,acc4,Random anime fact: Many anime openings become chart-topping songs. ⚡,541,👍
549,2026-01-02 02:16:00,acc1,Who's your favorite character from Hunter x Hunter? 🎉,544,😮
550,2026-01-02 02:18:00,acc2,Who's your favorite character from Vinland Saga? ⚡,,😮
551,2026-01-02 02:20:00,acc3,No spoilers please! 😀,548,👏
552,2026-01-02 02:22:00,acc4,My favorite moment in Frieren still gives me chills ⚡,,😮
553,2026-01-02 02:24:00,acc1,Who's your favorite character from Solo Leveling? 💯,,😎
554,2026-01-02 02:26:00,acc2,I think today's episode was incredible! 😭,549,👍
555,2026-01-02 02:28:00,acc3,That animation quality was insane! 📚,,👍
556,2026-01-02 02:30:00,acc4,No spoilers please! 💯,547,👏
557,2026-01-02 02:32:00,acc1,Who's your favorite character from Frieren? 🔥,,😂
558,2026-01-02 02:34:00,acc2,Random anime fact: Many anime openings become chart-topping songs. 🎉,556,👏
559,2026-01-02 02:36:00,acc3,Who's your favorite character from Bleach? ❤️,,👏
560,2026-01-02 02:38:00,acc4,I'm rewatching Dragon Ball this weekend. 😎,551,👍
561,2026-01-02 02:40:00,acc1,My favorite moment in Bleach still gives me chills ✨,551,😎
562,2026-01-02 02:42:00,acc2,Random anime fact: One Piece is among the best-selling manga series. 🍜,,🔥
563,2026-01-02 02:44:00,acc3,I'm rewatching Solo Leveling this weekend. 📚,,😂
564,2026-01-02 02:46:00,acc4,Random anime fact: One Piece is among the best-selling manga series. 💯,,👍
565,2026-01-02 02:48:00,acc1,Random anime fact: One Piece is among the best-selling manga series. ❤️,551,😭
566,2026-01-02 02:50:00,acc2,That animation quality was insane! 😭,,😭
567,2026-01-02 02:52:00,acc3,"Quote of the day: ""People's dreams never end."" ✨",551,👏
568,2026-01-02 02:54:00,acc4,"Quote of the day: ""People's dreams never end."" 💯",,👏
569,2026-01-02 02:56:00,acc1,No spoilers please! 😭,555,❤️
570,2026-01-02 02:58:00,acc2,No spoilers please! ⚡,559,💯
571,2026-01-02 03:00:00,acc3,"Quote of the day: ""The world isn't perfect, but it's beautiful."" 🤔",,💯
572,2026-01-02 03:02:00,acc4,Random anime fact: Voice actors in Japan are called seiyuu. 🙌,,👍
573,2026-01-02 03:04:00,acc1,Anyone watching Demon Slayer lately? 🙌,,😮
574,2026-01-02 03:06:00,acc2,My favorite moment in Naruto still gives me chills 💯,558,👍
575,2026-01-02 03:08:00,acc3,My favorite moment in Attack on Titan still gives me chills 😭,566,😂
576,2026-01-02 03:10:00,acc4,That animation quality was insane! 😎,570,😎
577,2026-01-02 03:12:00,acc1,Random anime fact: Attack on Titan changed many viewers' expectations of anime. 🙌,,❤️
578,2026-01-02 03:14:00,acc2,My favorite moment in Attack on Titan still gives me chills 🎉,571,🔥
579,2026-01-02 03:16:00,acc3,That animation quality was insane! 🤔,,👍
580,2026-01-02 03:18:00,acc4,"Quote of the day: ""The world isn't perfect, but it's beautiful."" 🤔",,❤️
581,2026-01-02 03:20:00,acc1,My favorite moment in Attack on Titan still gives me chills 🔥,566,❤️
582,2026-01-02 03:22:00,acc2,Who's your favorite character from Steins;Gate? ⚡,,👍
583,2026-01-02 03:24:00,acc3,Who's your favorite character from Attack on Titan? 🍜,,👏
584,2026-01-02 03:26:00,acc4,Anyone watching Vinland Saga lately? 😂,,😂
585,2026-01-02 03:28:00,acc1,I'm rewatching Demon Slayer this weekend. 📚,573,❤️
586,2026-01-02 03:30:00,acc2,That animation quality was insane! 😂,,😭
587,2026-01-02 03:32:00,acc3,That animation quality was insane! 🎉,583,😂
588,2026-01-02 03:34:00,acc4,Random anime fact: Voice actors in Japan are called seiyuu. 🍜,,
589,2026-01-02 03:36:00,acc1,Opening theme has been stuck in my head. 🔥,,👏
590,2026-01-02 03:38:00,acc2,I'm rewatching One Piece this weekend. ⚡,,💯
591,2026-01-02 03:40:00,acc3,I think today's episode was incredible! 😎,,😎
592,2026-01-02 03:42:00,acc4,No spoilers please! ✨,585,❤️
593,2026-01-02 03:44:00,acc1,I think today's episode was incredible! ⚡,587,💯
594,2026-01-02 03:46:00,acc2,Anyone watching Jujutsu Kaisen lately? 😀,580,😎
595,2026-01-02 03:48:00,acc3,I'm rewatching Death Note this weekend. 😂,,👏
596,2026-01-02 03:50:00,acc4,No spoilers please! ❤️,586,🔥
597,2026-01-02 03:52:00,acc1,Opening theme has been stuck in my head. 🎉,,😭
598,2026-01-02 03:54:00,acc2,Anyone watching My Hero Academia lately? ⚡,,💯
599,2026-01-02 03:56:00,acc3,My favorite moment in Naruto still gives me chills 😀,592,😮
600,2026-01-02 03:58:00,acc4,I think today's episode was incredible! 🤔,597,🔥
601,2026-01-02 04:00:00,acc1,Opening theme has been stuck in my head. 🎉,596,👏
602,2026-01-02 04:02:00,acc2,"Quote of the day: ""People's dreams never end."" 🎉",,👏
603,2026-01-02 04:04:00,acc3,My favorite moment in Frieren still gives me chills 🤔,,😂
604,2026-01-02 04:06:00,acc4,Who's your favorite character from Death Note? 😂,591,❤️
605,2026-01-02 04:08:00,acc1,"Quote of the day: ""The world isn't perfect, but it's beautiful."" 🍜",590,💯
606,2026-01-02 04:10:00,acc2,I'm rewatching Naruto this weekend. 😂,599,😎
607,2026-01-02 04:12:00,acc3,Anyone watching Jujutsu Kaisen lately? ✨,597,
608,2026-01-02 04:14:00,acc4,Opening theme has been stuck in my head. 🙌,,😂
609,2026-01-02 04:16:00,acc1,I think today's episode was incredible! 👀,599,💯
610,2026-01-02 04:18:00,acc2,Who's your favorite character from Hunter x Hunter? 🤔,596,😂
611,2026-01-02 04:20:00,acc3,No spoilers please! 😎,606,😎
612,2026-01-02 04:22:00,acc4,Who's your favorite character from Fullmetal Alchemist? 👀,610,😂
613,2026-01-02 04:24:00,acc1,I think today's episode was incredible! 🙌,609,👏
614,2026-01-02 04:26:00,acc2,That animation quality was insane! 💯,612,😎
615,2026-01-02 04:28:00,acc3,My favorite moment in Frieren still gives me chills ✨,,😂
616,2026-01-02 04:30:00,acc4,Who's your favorite character from Naruto? ❤️,602,😮
617,2026-01-02 04:32:00,acc1,Who's your favorite character from Steins;Gate? 🙌,,😎
618,2026-01-02 04:34:00,acc2,Opening theme has been stuck in my head. 😂,613,😎
619,2026-01-02 04:36:00,acc3,"Quote of the day: ""Keep moving forward."" 😭",615,😮
620,2026-01-02 04:38:00,acc4,I think today's episode was incredible! 😭,604,👍
621,2026-01-02 04:40:00,acc1,I'm rewatching Steins;Gate this weekend. 🍜,619,👏
622,2026-01-02 04:42:00,acc2,I'm rewatching Fullmetal Alchemist this weekend. 😎,,❤️
623,2026-01-02 04:44:00,acc3,That animation quality was insane! 😂,,😮
624,2026-01-02 04:46:00,acc4,Who's your favorite character from Steins;Gate? 👀,,😭
625,2026-01-02 04:48:00,acc1,I think today's episode was incredible! 📚,621,
626,2026-01-02 04:50:00,acc2,I think today's episode was incredible! ✨,,👏
627,2026-01-02 04:52:00,acc3,No spoilers please! 😂,,😎
628,2026-01-02 04:54:00,acc4,"Quote of the day: ""Power comes in response to a need."" ❤️",617,👏
629,2026-01-02 04:56:00,acc1,I'm rewatching Frieren this weekend. ✨,626,👍
630,2026-01-02 04:58:00,acc2,"Quote of the day: ""Power comes in response to a need."" ⚡",623,
631,2026-01-02 05:00:00,acc3,My favorite moment in Hunter x Hunter still gives me chills 😭,,😎
632,2026-01-02 05:02:00,acc4,I think today's episode was incredible! 🍜,624,😭
633,2026-01-02 05:04:00,acc1,"Quote of the day: ""Power comes in response to a need."" 📚",,❤️
634,2026-01-02 05:06:00,acc2,Anyone watching Attack on Titan lately? ✨,621,🔥
635,2026-01-02 05:08:00,acc3,That animation quality was insane! ✨,620,😂
636,2026-01-02 05:10:00,acc4,My favorite moment in One Piece still gives me chills 😀,,😂
637,2026-01-02 05:12:00,acc1,"Quote of the day: ""People's dreams never end."" 👀",627,💯
638,2026-01-02 05:14:00,acc2,I think today's episode was incredible! 😭,,❤️
639,2026-01-02 05:16:00,acc3,Opening theme has been stuck in my head. 😂,,❤️
640,2026-01-02 05:18:00,acc4,Who's your favorite character from Dragon Ball? 😎,628,😭
641,2026-01-02 05:20:00,acc1,Random anime fact: One Piece is among the best-selling manga series. ⚡,627,💯
642,2026-01-02 05:22:00,acc2,I think today's episode was incredible! 😎,626,😎
643,2026-01-02 05:24:00,acc3,Opening theme has been stuck in my head. 😀,635,😎
644,2026-01-02 05:26:00,acc4,I think today's episode was incredible! 🙌,,😎
645,2026-01-02 05:28:00,acc1,Opening theme has been stuck in my head. ❤️,632,❤️
646,2026-01-02 05:30:00,acc2,Anyone watching Demon Slayer lately? 🍜,644,😎
647,2026-01-02 05:32:00,acc3,Who's your favorite character from My Hero Academia? 😂,635,❤️
648,2026-01-02 05:34:00,acc4,I think today's episode was incredible! ⚡,,🔥
649,2026-01-02 05:36:00,acc1,"Quote of the day: ""Keep moving forward."" 😂",,😭
650,2026-01-02 05:38:00,acc2,Opening theme has been stuck in my head. 🙌,,
651,2026-01-02 05:40:00,acc3,Anyone watching Dragon Ball lately? 🔥,,🔥
652,2026-01-02 05:42:00,acc4,I think today's episode was incredible! 🔥,643,😭
653,2026-01-02 05:44:00,acc1,My favorite moment in Dragon Ball still gives me chills ✨,,
654,2026-01-02 05:46:00,acc2,No spoilers please! 📚,,❤️
655,2026-01-02 05:48:00,acc3,Anyone watching Bleach lately? 💯,648,💯
656,2026-01-02 05:50:00,acc4,No spoilers please! 😎,648,😭
657,2026-01-02 05:52:00,acc1,Opening theme has been stuck in my head. ❤️,645,😂
658,2026-01-02 05:54:00,acc2,That animation quality was insane! 😂,,👍
659,2026-01-02 05:56:00,acc3,No spoilers please! 🎉,,😂
660,2026-01-02 05:58:00,acc4,Random anime fact: Attack on Titan changed many viewers' expectations of anime. 💯,651,👏
661,2026-01-02 06:00:00,acc1,My favorite moment in Naruto still gives me chills ❤️,,🔥
662,2026-01-02 06:02:00,acc2,I think today's episode was incredible! ✨,,😭
663,2026-01-02 06:04:00,acc3,No spoilers please! 😂,651,😮
664,2026-01-02 06:06:00,acc4,Opening theme has been stuck in my head. 🤔,661,❤️
665,2026-01-02 06:08:00,acc1,That animation quality was insane! ✨,,👏
666,2026-01-02 06:10:00,acc2,No spoilers please! 😀,657,😂
667,2026-01-02 06:12:00,acc3,Who's your favorite character from Hunter x Hunter? 💯,,😂
668,2026-01-02 06:14:00,acc4,My favorite moment in Demon Slayer still gives me chills 🙌,658,👏
669,2026-01-02 06:16:00,acc1,"Quote of the day: ""The world isn't perfect, but it's beautiful."" ⚡",663,💯
670,2026-01-02 06:18:00,acc2,Opening theme has been stuck in my head. 🔥,656,😎
671,2026-01-02 06:20:00,acc3,Random anime fact: Attack on Titan changed many viewers' expectations of anime. 😀,,😂
672,2026-01-02 06:22:00,acc4,Anyone watching Haikyuu!! lately? 💯,667,😮
673,2026-01-02 06:24:00,acc1,I'm rewatching Bleach this weekend. 👀,659,🔥
674,2026-01-02 06:26:00,acc2,Opening theme has been stuck in my head. 🎉,660,
675,2026-01-02 06:28:00,acc3,I'm rewatching Steins;Gate this weekend. 📚,660,🔥
676,2026-01-02 06:30:00,acc4,Anyone watching Haikyuu!! lately? 😂,,😎
677,2026-01-02 06:32:00,acc1,Random anime fact: Voice actors in Japan are called seiyuu. 😂,670,
678,2026-01-02 06:34:00,acc2,My favorite moment in Naruto still gives me chills 🎉,,😂
679,2026-01-02 06:36:00,acc3,That animation quality was insane! ✨,,👍
680,2026-01-02 06:38:00,acc4,That animation quality was insane! 🎉,,
681,2026-01-02 06:40:00,acc1,I'm rewatching Attack on Titan this weekend. 😎,679,❤️
682,2026-01-02 06:42:00,acc2,Who's your favorite character from Frieren? 😭,,👍
683,2026-01-02 06:44:00,acc3,"Quote of the day: ""People's dreams never end."" 😭",672,💯
684,2026-01-02 06:46:00,acc4,Opening theme has been stuck in my head. 😭,,😎
685,2026-01-02 06:48:00,acc1,Who's your favorite character from Vinland Saga? 👀,675,🔥
686,2026-01-02 06:50:00,acc2,Random anime fact: Attack on Titan changed many viewers' expectations of anime. ⚡,,😎
687,2026-01-02 06:52:00,acc3,I think today's episode was incredible! 👀,677,😂
688,2026-01-02 06:54:00,acc4,Random anime fact: Many anime openings become chart-topping songs. ⚡,,😎
689,2026-01-02 06:56:00,acc1,Anyone watching Haikyuu!! lately? 👀,,👍
690,2026-01-02 06:58:00,acc2,Opening theme has been stuck in my head. 📚,,❤️
691,2026-01-02 07:00:00,acc3,Opening theme has been stuck in my head. 😂,,💯
692,2026-01-02 07:02:00,acc4,Opening theme has been stuck in my head. 😎,,😂
693,2026-01-02 07:04:00,acc1,No spoilers please! ❤️,,👍
694,2026-01-02 07:06:00,acc2,Anyone watching Hunter x Hunter lately? 💯,,👍
695,2026-01-02 07:08:00,acc3,That animation quality was insane! 🎉,,💯
696,2026-01-02 07:10:00,acc4,Anyone watching Haikyuu!! lately? ✨,681,❤️
697,2026-01-02 07:12:00,acc1,Opening theme has been stuck in my head. 📚,,😮
698,2026-01-02 07:14:00,acc2,That animation quality was insane! ⚡,686,😂
699,2026-01-02 07:16:00,acc3,My favorite moment in Vinland Saga still gives me chills ✨,688,❤️
700,2026-01-02 07:18:00,acc4,I'm rewatching Steins;Gate this weekend. 😎,693,😭
701,2026-01-02 07:20:00,acc1,I'm rewatching Hunter x Hunter this weekend. 💯,698,👍
702,2026-01-02 07:22:00,acc2,That animation quality was insane! 😂,689,🔥
703,2026-01-02 07:24:00,acc3,No spoilers please! ✨,,😮
704,2026-01-02 07:26:00,acc4,I think today's episode was incredible! 😭,,😂
705,2026-01-02 07:28:00,acc1,Opening theme has been stuck in my head. ❤️,,🔥
706,2026-01-02 07:30:00,acc2,"Quote of the day: ""A lesson without pain is meaningless."" ❤️",693,🔥
707,2026-01-02 07:32:00,acc3,Random anime fact: Voice actors in Japan are called seiyuu. 🤔,692,❤️
708,2026-01-02 07:34:00,acc4,No spoilers please! 🎉,705,😭
709,2026-01-02 07:36:00,acc1,Opening theme has been stuck in my head. ⚡,700,😂
710,2026-01-02 07:38:00,acc2,Opening theme has been stuck in my head. 🎉,,😎
711,2026-01-02 07:40:00,acc3,No spoilers please! 😀,,😂
712,2026-01-02 07:42:00,acc4,I think today's episode was incredible! ⚡,696,🔥
713,2026-01-02 07:44:00,acc1,I think today's episode was incredible! 🤔,701,😂
714,2026-01-02 07:46:00,acc2,Opening theme has been stuck in my head. ⚡,,😂
715,2026-01-02 07:48:00,acc3,I think today's episode was incredible! 😭,,💯
716,2026-01-02 07:50:00,acc4,Random anime fact: One Piece is among the best-selling manga series. 👀,710,🔥
717,2026-01-02 07:52:00,acc1,"Quote of the day: ""Power comes in response to a need."" 🎉",714,💯
718,2026-01-02 07:54:00,acc2,Anyone watching Fullmetal Alchemist lately? ⚡,,😭
719,2026-01-02 07:56:00,acc3,I think today's episode was incredible! ✨,707,😮
720,2026-01-02 07:58:00,acc4,Random anime fact: One Piece is among the best-selling manga series. 🙌,,😮
721,2026-01-02 08:00:00,acc1,I think today's episode was incredible! ⚡,,👏
722,2026-01-02 08:02:00,acc2,My favorite moment in Steins;Gate still gives me chills 😭,,
723,2026-01-02 08:04:00,acc3,No spoilers please! 💯,,😮
724,2026-01-02 08:06:00,acc4,I'm rewatching Dragon Ball this weekend. ⚡,714,
725,2026-01-02 08:08:00,acc1,Random anime fact: One Piece is among the best-selling manga series. 🍜,723,👏
726,2026-01-02 08:10:00,acc2,That animation quality was insane! 👀,711,❤️
727,2026-01-02 08:12:00,acc3,I think today's episode was incredible! 🤔,722,😮
728,2026-01-02 08:14:00,acc4,I think today's episode was incredible! 🎉,720,😭
729,2026-01-02 08:16:00,acc1,Anyone watching Vinland Saga lately? 🍜,,🔥
730,2026-01-02 08:18:00,acc2,Random anime fact: Many anime openings become chart-topping songs. ❤️,,❤️
731,2026-01-02 08:20:00,acc3,Anyone watching Bleach lately? 😀,723,❤️
732,2026-01-02 08:22:00,acc4,My favorite moment in Attack on Titan still gives me chills 🔥,730,💯
733,2026-01-02 08:24:00,acc1,Who's your favorite character from Frieren? 🙌,,😂
734,2026-01-02 08:26:00,acc2,Anyone watching Jujutsu Kaisen lately? 😀,731,👏
735,2026-01-02 08:28:00,acc3,Who's your favorite character from Death Note? 📚,721,😎
736,2026-01-02 08:30:00,acc4,Opening theme has been stuck in my head. ⚡,,😎
737,2026-01-02 08:32:00,acc1,"Quote of the day: ""The world isn't perfect, but it's beautiful."" ✨",728,😮
738,2026-01-02 08:34:00,acc2,Who's your favorite character from Dragon Ball? 🔥,,😎
739,2026-01-02 08:36:00,acc3,No spoilers please! ⚡,,😭
740,2026-01-02 08:38:00,acc4,That animation quality was insane! 🎉,733,🔥
741,2026-01-02 08:40:00,acc1,That animation quality was insane! ❤️,731,💯
742,2026-01-02 08:42:00,acc2,That animation quality was insane! 🍜,,❤️
743,2026-01-02 08:44:00,acc3,Opening theme has been stuck in my head. ✨,737,😮
744,2026-01-02 08:46:00,acc4,Who's your favorite character from Frieren? 🎉,,❤️
745,2026-01-02 08:48:00,acc1,I'm rewatching Demon Slayer this weekend. 😂,733,
746,2026-01-02 08:50:00,acc2,Random anime fact: Voice actors in Japan are called seiyuu. 😀,,😎
747,2026-01-02 08:52:00,acc3,Who's your favorite character from One Piece? 😎,,😭
748,2026-01-02 08:54:00,acc4,Anyone watching One Piece lately? 🔥,737,💯
749,2026-01-02 08:56:00,acc1,Anyone watching Frieren lately? ⚡,,😂
750,2026-01-02 08:58:00,acc2,No spoilers please! 😂,737,😮
751,2026-01-02 09:00:00,acc3,"Quote of the day: ""People's dreams never end."" 🎉",,😭
752,2026-01-02 09:02:00,acc4,I'm rewatching Hunter x Hunter this weekend. ❤️,737,😎
753,2026-01-02 09:04:00,acc1,Who's your favorite character from Fullmetal Alchemist? 💯,739,👍
754,2026-01-02 09:06:00,acc2,Who's your favorite character from Attack on Titan? 💯,,👍
755,2026-01-02 09:08:00,acc3,That animation quality was insane! 💯,,😂
756,2026-01-02 09:10:00,acc4,"Quote of the day: ""People's dreams never end."" 😭",,👍
757,2026-01-02 09:12:00,acc1,I think today's episode was incredible! 🔥,744,😂
758,2026-01-02 09:14:00,acc2,Anyone watching Death Note lately? 🤔,,😂
759,2026-01-02 09:16:00,acc3,I think today's episode was incredible! ❤️,755,👏
760,2026-01-02 09:18:00,acc4,That animation quality was insane! 😀,,😂
761,2026-01-02 09:20:00,acc1,I'm rewatching Steins;Gate this weekend. 🙌,753,😭
762,2026-01-02 09:22:00,acc2,I think today's episode was incredible! ✨,,😭
763,2026-01-02 09:24:00,acc3,My favorite moment in Steins;Gate still gives me chills 🔥,754,😮
764,2026-01-02 09:26:00,acc4,Anyone watching Steins;Gate lately? ⚡,756,💯
765,2026-01-02 09:28:00,acc1,I think today's episode was incredible! 🍜,752,👏
766,2026-01-02 09:30:00,acc2,That animation quality was insane! 🍜,,😭
767,2026-01-02 09:32:00,acc3,That animation quality was insane! 🤔,752,❤️
768,2026-01-02 09:34:00,acc4,Anyone watching Bleach lately? 🔥,,😭
769,2026-01-02 09:36:00,acc1,That animation quality was insane! 👀,761,
770,2026-01-02 09:38:00,acc2,Opening theme has been stuck in my head. ❤️,754,🔥
771,2026-01-02 09:40:00,acc3,Anyone watching Death Note lately? 🎉,,💯
772,2026-01-02 09:42:00,acc4,Opening theme has been stuck in my head. 🍜,,👍
773,2026-01-02 09:44:00,acc1,No spoilers please! ❤️,,🔥
774,2026-01-02 09:46:00,acc2,"Quote of the day: ""A lesson without pain is meaningless."" ✨",760,😎
775,2026-01-02 09:48:00,acc3,Opening theme has been stuck in my head. 🎉,,😭
776,2026-01-02 09:50:00,acc4,Random anime fact: Did you know? Anime is often adapted from manga or light novels. 🎉,768,👏
777,2026-01-02 09:52:00,acc1,I think today's episode was incredible! ⚡,769,👏
778,2026-01-02 09:54:00,acc2,I think today's episode was incredible! 🍜,771,😎
779,2026-01-02 09:56:00,acc3,Who's your favorite character from Fullmetal Alchemist? 📚,,😭
780,2026-01-02 09:58:00,acc4,Anyone watching My Hero Academia lately? 🙌,773,👍
781,2026-01-02 10:00:00,acc1,"Quote of the day: ""People's dreams never end."" 😎",,👏
782,2026-01-02 10:02:00,acc2,No spoilers please! 📚,775,
783,2026-01-02 10:04:00,acc3,I think today's episode was incredible! ⚡,,😮
784,2026-01-02 10:06:00,acc4,Who's your favorite character from Dragon Ball? ❤️,769,
785,2026-01-02 10:08:00,acc1,My favorite moment in Haikyuu!! still gives me chills 🙌,781,😭
786,2026-01-02 10:10:00,acc2,My favorite moment in Demon Slayer still gives me chills 🍜,774,👍
787,2026-01-02 10:12:00,acc3,I think today's episode was incredible! 📚,,💯
788,2026-01-02 10:14:00,acc4,Opening theme has been stuck in my head. 🙌,782,💯
789,2026-01-02 10:16:00,acc1,I think today's episode was incredible! 😀,775,👏
790,2026-01-02 10:18:00,acc2,That animation quality was insane! 💯,786,
791,2026-01-02 10:20:00,acc3,That animation quality was insane! 😎,,👏
792,2026-01-02 10:22:00,acc4,Anyone watching Bleach lately? 🙌,780,❤️
793,2026-01-02 10:24:00,acc1,Random anime fact: Attack on Titan changed many viewers' expectations of anime. 🎉,784,😎
794,2026-01-02 10:26:00,acc2,Opening theme has been stuck in my head. 💯,,
795,2026-01-02 10:28:00,acc3,That animation quality was insane! 😎,,
796,2026-01-02 10:30:00,acc4,I think today's episode was incredible! 😭,,👏
797,2026-01-02 10:32:00,acc1,Who's your favorite character from Dragon Ball? 🎉,,👏
798,2026-01-02 10:34:00,acc2,Anyone watching My Hero Academia lately? ⚡,785,🔥
799,2026-01-02 10:36:00,acc3,Anyone watching Dragon Ball lately? 😂,,
800,2026-01-02 10:38:00,acc4,My favorite moment in Jujutsu Kaisen still gives me chills 🤔,,😭
801,2026-01-02 10:40:00,acc1,No spoilers please! 🙌,,😎
802,2026-01-02 10:42:00,acc2,Random anime fact: Attack on Titan changed many viewers' expectations of anime. 👀,796,👍
803,2026-01-02 10:44:00,acc3,Who's your favorite character from Haikyuu!!? 😀,,😮
804,2026-01-02 10:46:00,acc4,Anyone watching Fullmetal Alchemist lately? 😎,788,❤️
805,2026-01-02 10:48:00,acc1,I think today's episode was incredible! 💯,789,😮
806,2026-01-02 10:50:00,acc2,My favorite moment in Haikyuu!! still gives me chills ✨,797,
807,2026-01-02 10:52:00,acc3,I'm rewatching Bleach this weekend. ✨,802,👍
808,2026-01-02 10:54:00,acc4,I think today's episode was incredible! 😎,803,😂
809,2026-01-02 10:56:00,acc1,Who's your favorite character from One Piece? 🤔,,😎
810,2026-01-02 10:58:00,acc2,That animation quality was insane! 📚,807,👍
811,2026-01-02 11:00:00,acc3,That animation quality was insane! 🤔,796,💯
812,2026-01-02 11:02:00,acc4,Random anime fact: One Piece is among the best-selling manga series. 👀,,😮
813,2026-01-02 11:04:00,acc1,"Quote of the day: ""Keep moving forward."" 🔥",806,😎
814,2026-01-02 11:06:00,acc2,No spoilers please! 🙌,804,😂
815,2026-01-02 11:08:00,acc3,No spoilers please! ✨,800,😂
816,2026-01-02 11:10:00,acc4,I think today's episode was incredible! 🎉,806,💯
817,2026-01-02 11:12:00,acc1,"Quote of the day: ""Power comes in response to a need."" 🔥",,😂
818,2026-01-02 11:14:00,acc2,Opening theme has been stuck in my head. 😎,805,
819,2026-01-02 11:16:00,acc3,My favorite moment in Hunter x Hunter still gives me chills 🤔,810,😂
820,2026-01-02 11:18:00,acc4,That animation quality was insane! 🔥,806,😂
821,2026-01-02 11:20:00,acc1,Anyone watching Fullmetal Alchemist lately? 😭,811,🔥
822,2026-01-02 11:22:00,acc2,I'm rewatching Fullmetal Alchemist this weekend. 🔥,813,👏
823,2026-01-02 11:24:00,acc3,Anyone watching My Hero Academia lately? 😭,820,💯
824,2026-01-02 11:26:00,acc4,Opening theme has been stuck in my head. 🙌,816,👍
825,2026-01-02 11:28:00,acc1,Anyone watching Attack on Titan lately? 🍜,812,😎
826,2026-01-02 11:30:00,acc2,That animation quality was insane! ✨,820,👍
827,2026-01-02 11:32:00,acc3,Who's your favorite character from Fullmetal Alchemist? 😭,815,😭
828,2026-01-02 11:34:00,acc4,Anyone watching Demon Slayer lately? 👀,826,😂
829,2026-01-02 11:36:00,acc1,No spoilers please! 😂,,
830,2026-01-02 11:38:00,acc2,I'm rewatching Jujutsu Kaisen this weekend. 🤔,,😭
831,2026-01-02 11:40:00,acc3,I think today's episode was incredible! 😎,829,😂
832,2026-01-02 11:42:00,acc4,I'm rewatching Attack on Titan this weekend. 🙌,817,😎
833,2026-01-02 11:44:00,acc1,Random anime fact: Many anime openings become chart-topping songs. 👀,,💯
834,2026-01-02 11:46:00,acc2,Random anime fact: Voice actors in Japan are called seiyuu. 👀,,😂
835,2026-01-02 11:48:00,acc3,Who's your favorite character from Demon Slayer? 😭,,😭
836,2026-01-02 11:50:00,acc4,Random anime fact: Many anime openings become chart-topping songs. 😂,820,
837,2026-01-02 11:52:00,acc1,I'm rewatching Steins;Gate this weekend. ⚡,821,
838,2026-01-02 11:54:00,acc2,I'm rewatching Death Note this weekend. 👀,829,❤️
839,2026-01-02 11:56:00,acc3,Opening theme has been stuck in my head. 😎,836,🔥
840,2026-01-02 11:58:00,acc4,I think today's episode was incredible! 😀,,👍
841,2026-01-02 12:00:00,acc1,My favorite moment in Frieren still gives me chills 😀,,😂
842,2026-01-02 12:02:00,acc2,Opening theme has been stuck in my head. 👀,834,😂
843,2026-01-02 12:04:00,acc3,Anyone watching My Hero Academia lately? 🤔,,😮
844,2026-01-02 12:06:00,acc4,My favorite moment in Solo Leveling still gives me chills 🍜,841,😎
845,2026-01-02 12:08:00,acc1,My favorite moment in Bleach still gives me chills 🔥,833,👏
846,2026-01-02 12:10:00,acc2,"Quote of the day: ""A lesson without pain is meaningless."" 🙌",831,
847,2026-01-02 12:12:00,acc3,Who's your favorite character from Bleach? 📚,,👏
848,2026-01-02 12:14:00,acc4,I think today's episode was incredible! 👀,841,
849,2026-01-02 12:16:00,acc1,Random anime fact: Attack on Titan changed many viewers' expectations of anime. ⚡,836,😮
850,2026-01-02 12:18:00,acc2,I'm rewatching Fullmetal Alchemist this weekend. 😀,835,🔥
851,2026-01-02 12:20:00,acc3,I think today's episode was incredible! 🤔,845,🔥
852,2026-01-02 12:22:00,acc4,Who's your favorite character from One Piece? 🙌,,❤️
853,2026-01-02 12:24:00,acc1,I think today's episode was incredible! ✨,838,👏
854,2026-01-02 12:26:00,acc2,Anyone watching Solo Leveling lately? 👀,841,👏
855,2026-01-02 12:28:00,acc3,I'm rewatching Solo Leveling this weekend. 📚,849,😂
856,2026-01-02 12:30:00,acc4,No spoilers please! 📚,847,💯
857,2026-01-02 12:32:00,acc1,I think today's episode was incredible! 👀,841,🔥
858,2026-01-02 12:34:00,acc2,Who's your favorite character from Solo Leveling? 🔥,847,💯
859,2026-01-02 12:36:00,acc3,Random anime fact: Attack on Titan changed many viewers' expectations of anime. 😭,856,😮
860,2026-01-02 12:38:00,acc4,That animation quality was insane! 😎,,🔥
861,2026-01-02 12:40:00,acc1,No spoilers please! ❤️,,❤️
862,2026-01-02 12:42:00,acc2,My favorite moment in Dragon Ball still gives me chills 📚,,👍
863,2026-01-02 12:44:00,acc3,I think today's episode was incredible! ❤️,858,😎
864,2026-01-02 12:46:00,acc4,My favorite moment in Frieren still gives me chills 🎉,856,😂
865,2026-01-02 12:48:00,acc1,That animation quality was insane! ⚡,857,❤️
866,2026-01-02 12:50:00,acc2,Opening theme has been stuck in my head. 💯,855,😭
867,2026-01-02 12:52:00,acc3,Who's your favorite character from Naruto? 🎉,,😮
868,2026-01-02 12:54:00,acc4,Who's your favorite character from Fullmetal Alchemist? ❤️,,👏
869,2026-01-02 12:56:00,acc1,Random anime fact: Many anime openings become chart-topping songs. 😎,,❤️
870,2026-01-02 12:58:00,acc2,My favorite moment in One Piece still gives me chills ✨,,👏
871,2026-01-02 13:00:00,acc3,Who's your favorite character from Solo Leveling? 🙌,857,❤️
872,2026-01-02 13:02:00,acc4,I'm rewatching Frieren this weekend. ✨,,👍
873,2026-01-02 13:04:00,acc1,That animation quality was insane! 😂,,💯
874,2026-01-02 13:06:00,acc2,Opening theme has been stuck in my head. 📚,869,😭
875,2026-01-02 13:08:00,acc3,"Quote of the day: ""Power comes in response to a need."" 🍜",869,😎
876,2026-01-02 13:10:00,acc4,My favorite moment in Bleach still gives me chills 🔥,874,😭
877,2026-01-02 13:12:00,acc1,I'm rewatching Attack on Titan this weekend. 💯,864,😂
878,2026-01-02 13:14:00,acc2,I think today's episode was incredible! 🔥,876,👏
879,2026-01-02 13:16:00,acc3,I'm rewatching My Hero Academia this weekend. 😂,,😭
880,2026-01-02 13:18:00,acc4,I think today's episode was incredible! 🎉,866,😎
881,2026-01-02 13:20:00,acc1,No spoilers please! 🤔,877,😮
882,2026-01-02 13:22:00,acc2,"Quote of the day: ""Keep moving forward."" 😭",874,😂
883,2026-01-02 13:24:00,acc3,"Quote of the day: ""People's dreams never end."" 🤔",876,💯
884,2026-01-02 13:26:00,acc4,"Quote of the day: ""Power comes in response to a need."" ✨",,❤️
885,2026-01-02 13:28:00,acc1,I'm rewatching Death Note this weekend. 👀,,❤️
886,2026-01-02 13:30:00,acc2,My favorite moment in My Hero Academia still gives me chills 😭,880,
887,2026-01-02 13:32:00,acc3,Anyone watching Haikyuu!! lately? 💯,,😂
888,2026-01-02 13:34:00,acc4,No spoilers please! ⚡,,
889,2026-01-02 13:36:00,acc1,I think today's episode was incredible! 💯,,😮
890,2026-01-02 13:38:00,acc2,Opening theme has been stuck in my head. 😂,,😎
891,2026-01-02 13:40:00,acc3,I think today's episode was incredible! 😀,875,👍
892,2026-01-02 13:42:00,acc4,Anyone watching Dragon Ball lately? 🍜,,
893,2026-01-02 13:44:00,acc1,That animation quality was insane! 🙌,,💯
894,2026-01-02 13:46:00,acc2,Random anime fact: Many anime openings become chart-topping songs. ⚡,,💯
895,2026-01-02 13:48:00,acc3,Random anime fact: One Piece is among the best-selling manga series. 😎,,❤️
896,2026-01-02 13:50:00,acc4,That animation quality was insane! 💯,882,❤️
897,2026-01-02 13:52:00,acc1,I'm rewatching Jujutsu Kaisen this weekend. 🍜,892,
898,2026-01-02 13:54:00,acc2,No spoilers please! ⚡,,😭
899,2026-01-02 13:56:00,acc3,That animation quality was insane! 🔥,892,😭
900,2026-01-02 13:58:00,acc4,That animation quality was insane! 😎,893,👏
901,2026-01-02 14:00:00,acc1,I think today's episode was incredible! ⚡,,😭
902,2026-01-02 14:02:00,acc2,Who's your favorite character from Bleach? 🍜,887,😎
903,2026-01-02 14:04:00,acc3,My favorite moment in Bleach still gives me chills 💯,895,
904,2026-01-02 14:06:00,acc4,I think today's episode was incredible! 📚,888,😭
905,2026-01-02 14:08:00,acc1,I think today's episode was incredible! 👀,,😮
906,2026-01-02 14:10:00,acc2,Opening theme has been stuck in my head. 🙌,901,
907,2026-01-02 14:12:00,acc3,Random anime fact: Did you know? Anime is often adapted from manga or light novels. 👀,901,😮
908,2026-01-02 14:14:00,acc4,Random anime fact: Studio Ghibli films are famous for hand-drawn animation. 😂,905,😮
909,2026-01-02 14:16:00,acc1,Who's your favorite character from Steins;Gate? 😎,893,❤️
910,2026-01-02 14:18:00,acc2,I'm rewatching Demon Slayer this weekend. 💯,,😂
911,2026-01-02 14:20:00,acc3,Random anime fact: Many anime openings become chart-topping songs. ⚡,908,👍
912,2026-01-02 14:22:00,acc4,Random anime fact: Did you know? Anime is often adapted from manga or light novels. 👀,908,💯
913,2026-01-02 14:24:00,acc1,Random anime fact: Voice actors in Japan are called seiyuu. 🙌,,👏
914,2026-01-02 14:26:00,acc2,My favorite moment in Naruto still gives me chills 🎉,,😭
915,2026-01-02 14:28:00,acc3,No spoilers please! ⚡,,💯
916,2026-01-02 14:30:00,acc4,That animation quality was insane! ✨,,😭
917,2026-01-02 14:32:00,acc1,Anyone watching Haikyuu!! lately? ✨,,😎
918,2026-01-02 14:34:00,acc2,Who's your favorite character from Dragon Ball? 📚,,😮
919,2026-01-02 14:36:00,acc3,I'm rewatching Attack on Titan this weekend. 😭,914,🔥
920,2026-01-02 14:38:00,acc4,Random anime fact: Attack on Titan changed many viewers' expectations of anime. 💯,,👍
921,2026-01-02 14:40:00,acc1,My favorite moment in One Piece still gives me chills 😭,915,😭
922,2026-01-02 14:42:00,acc2,"Quote of the day: ""Power comes in response to a need."" 😎",,
923,2026-01-02 14:44:00,acc3,"Quote of the day: ""Keep moving forward."" 💯",917,❤️
924,2026-01-02 14:46:00,acc4,That animation quality was insane! 🔥,922,
925,2026-01-02 14:48:00,acc1,Who's your favorite character from Demon Slayer? 😎,923,❤️
926,2026-01-02 14:50:00,acc2,I think today's episode was incredible! 🙌,,❤️
927,2026-01-02 14:52:00,acc3,I think today's episode was incredible! 😭,915,😮
928,2026-01-02 14:54:00,acc4,"Quote of the day: ""People's dreams never end."" ⚡",914,😭
929,2026-01-02 14:56:00,acc1,That animation quality was insane! 🎉,,❤️
930,2026-01-02 14:58:00,acc2,Anyone watching My Hero Academia lately? 😂,,
931,2026-01-02 15:00:00,acc3,I'm rewatching Steins;Gate this weekend. 📚,,👍
932,2026-01-02 15:02:00,acc4,Random anime fact: Many anime openings become chart-topping songs. 😎,930,💯
933,2026-01-02 15:04:00,acc1,That animation quality was insane! ⚡,,❤️
934,2026-01-02 15:06:00,acc2,I'm rewatching Hunter x Hunter this weekend. 🙌,,😎
935,2026-01-02 15:08:00,acc3,Anyone watching Dragon Ball lately? 😭,929,❤️
936,2026-01-02 15:10:00,acc4,I'm rewatching Dragon Ball this weekend. 😂,924,🔥
937,2026-01-02 15:12:00,acc1,"Quote of the day: ""People's dreams never end."" 😭",,💯
938,2026-01-02 15:14:00,acc2,My favorite moment in Attack on Titan still gives me chills ⚡,929,🔥
939,2026-01-02 15:16:00,acc3,Opening theme has been stuck in my head. 😀,,💯
940,2026-01-02 15:18:00,acc4,No spoilers please! ⚡,936,😭
941,2026-01-02 15:20:00,acc1,I think today's episode was incredible! 😀,925,💯
942,2026-01-02 15:22:00,acc2,No spoilers please! ⚡,,
943,2026-01-02 15:24:00,acc3,Random anime fact: Did you know? Anime is often adapted from manga or light novels. 🙌,927,😭
944,2026-01-02 15:26:00,acc4,Random anime fact: Voice actors in Japan are called seiyuu. 😀,942,😮
945,2026-01-02 15:28:00,acc1,Opening theme has been stuck in my head. 🔥,,❤️
946,2026-01-02 15:30:00,acc2,Opening theme has been stuck in my head. 🎉,,🔥
947,2026-01-02 15:32:00,acc3,My favorite moment in Vinland Saga still gives me chills 🤔,940,😎
948,2026-01-02 15:34:00,acc4,Anyone watching Jujutsu Kaisen lately? 🎉,937,❤️
949,2026-01-02 15:36:00,acc1,That animation quality was insane! 🎉,,👏
950,2026-01-02 15:38:00,acc2,Opening theme has been stuck in my head. 📚,,❤️
951,2026-01-02 15:40:00,acc3,I'm rewatching Haikyuu!! this weekend. 📚,,👍
952,2026-01-02 15:42:00,acc4,Who's your favorite character from Demon Slayer? 📚,,😭
953,2026-01-02 15:44:00,acc1,Who's your favorite character from Jujutsu Kaisen? 💯,943,🔥
954,2026-01-02 15:46:00,acc2,Random anime fact: Attack on Titan changed many viewers' expectations of anime. 👀,947,❤️
955,2026-01-02 15:48:00,acc3,No spoilers please! 😀,,❤️
956,2026-01-02 15:50:00,acc4,No spoilers please! 🍜,947,🔥
957,2026-01-02 15:52:00,acc1,Random anime fact: Did you know? Anime is often adapted from manga or light novels. 😂,955,😭
958,2026-01-02 15:54:00,acc2,Anyone watching Death Note lately? 💯,,👏
959,2026-01-02 15:56:00,acc3,I think today's episode was incredible! 😎,957,😭
960,2026-01-02 15:58:00,acc4,No spoilers please! 📚,,👍
961,2026-01-02 16:00:00,acc1,"Quote of the day: ""People's dreams never end."" 😂",954,
962,2026-01-02 16:02:00,acc2,I think today's episode was incredible! 🙌,,❤️
963,2026-01-02 16:04:00,acc3,That animation quality was insane! ❤️,953,🔥
964,2026-01-02 16:06:00,acc4,Anyone watching Bleach lately? ⚡,950,🔥
965,2026-01-02 16:08:00,acc1,Random anime fact: Voice actors in Japan are called seiyuu. 🤔,952,👏
966,2026-01-02 16:10:00,acc2,Anyone watching Steins;Gate lately? 🔥,950,😮
967,2026-01-02 16:12:00,acc3,That animation quality was insane! ⚡,,👏
968,2026-01-02 16:14:00,acc4,Opening theme has been stuck in my head. 🔥,961,😎
969,2026-01-02 16:16:00,acc1,No spoilers please! 🍜,956,
970,2026-01-02 16:18:00,acc2,That animation quality was insane! 😀,957,🔥
971,2026-01-02 16:20:00,acc3,Opening theme has been stuck in my head. ❤️,969,
972,2026-01-02 16:22:00,acc4,I'm rewatching One Piece this weekend. 😀,964,👍
973,2026-01-02 16:24:00,acc1,My favorite moment in Vinland Saga still gives me chills ⚡,960,❤️
974,2026-01-02 16:26:00,acc2,Random anime fact: Many anime openings become chart-topping songs. ❤️,,🔥
975,2026-01-02 16:28:00,acc3,Who's your favorite character from Bleach? 💯,,😭
976,2026-01-02 16:30:00,acc4,Random anime fact: One Piece is among the best-selling manga series. 🎉,966,😂
977,2026-01-02 16:32:00,acc1,Anyone watching Dragon Ball lately? 🙌,962,💯
978,2026-01-02 16:34:00,acc2,That animation quality was insane! 😎,973,
979,2026-01-02 16:36:00,acc3,I think today's episode was incredible! 👀,963,😎
980,2026-01-02 16:38:00,acc4,I think today's episode was incredible! 😭,964,👏
981,2026-01-02 16:40:00,acc1,My favorite moment in Dragon Ball still gives me chills 🙌,977,🔥
982,2026-01-02 16:42:00,acc2,My favorite moment in Jujutsu Kaisen still gives me chills ✨,977,
983,2026-01-02 16:44:00,acc3,I think today's episode was incredible! 🤔,975,💯
984,2026-01-02 16:46:00,acc4,I think today's episode was incredible! 🤔,976,😎
985,2026-01-02 16:48:00,acc1,No spoilers please! 💯,976,
986,2026-01-02 16:50:00,acc2,I'm rewatching Dragon Ball this weekend. ❤️,,💯
987,2026-01-02 16:52:00,acc3,Random anime fact: Studio Ghibli films are famous for hand-drawn animation. 😂,,😂
988,2026-01-02 16:54:00,acc4,Anyone watching Death Note lately? ✨,,😎
989,2026-01-02 16:56:00,acc1,I'm rewatching Jujutsu Kaisen this weekend. 😭,973,😮
990,2026-01-02 16:58:00,acc2,"Quote of the day: ""People's dreams never end."" 🍜",982,👏
991,2026-01-02 17:00:00,acc3,I think today's episode was incredible! 💯,985,😎
992,2026-01-02 17:02:00,acc4,Random anime fact: One Piece is among the best-selling manga series. 👀,980,😂
993,2026-01-02 17:04:00,acc1,Who's your favorite character from Steins;Gate? 🤔,977,😂
994,2026-01-02 17:06:00,acc2,Opening theme has been stuck in my head. 🔥,989,😎
995,2026-01-02 17:08:00,acc3,Random anime fact: Voice actors in Japan are called seiyuu. 🍜,,❤️
996,2026-01-02 17:10:00,acc4,I'm rewatching Naruto this weekend. 🔥,,😂
997,2026-01-02 17:12:00,acc1,I think today's episode was incredible! 💯,983,👏
998,2026-01-02 17:14:00,acc2,Who's your favorite character from My Hero Academia? ✨,,👍
999,2026-01-02 17:16:00,acc3,I think today's episode was incredible! ⚡,,😎
1000,2026-01-02 17:18:00,acc4,Who's your favorite character from Solo Leveling? ⚡,996,
1001,2026-01-02 17:20:00,acc1,My favorite moment in Jujutsu Kaisen still gives me chills 🤔,999,👍
1002,2026-01-02 17:22:00,acc2,Who's your favorite character from Jujutsu Kaisen? 😂,,
1003,2026-01-02 17:24:00,acc3,I think today's episode was incredible! 😂,,🔥
1004,2026-01-02 17:26:00,acc4,My favorite moment in Hunter x Hunter still gives me chills 😀,995,❤️
1005,2026-01-02 17:28:00,acc1,Opening theme has been stuck in my head. 🤔,989,👏
1006,2026-01-02 17:30:00,acc2,That animation quality was insane! 🤔,,😮
1007,2026-01-02 17:32:00,acc3,No spoilers please! ⚡,,😭
1008,2026-01-02 17:34:00,acc4,That animation quality was insane! 🔥,998,😂
1009,2026-01-02 17:36:00,acc1,I'm rewatching Bleach this weekend. 😎,1001,👏
1010,2026-01-02 17:38:00,acc2,Anyone watching Bleach lately? 😂,,😮
1011,2026-01-02 17:40:00,acc3,Opening theme has been stuck in my head. ⚡,997,🔥
1012,2026-01-02 17:42:00,acc4,I'm rewatching Demon Slayer this weekend. ✨,,😮
1013,2026-01-02 17:44:00,acc1,I'm rewatching Frieren this weekend. 🙌,,👍
1014,2026-01-02 17:46:00,acc2,I'm rewatching Jujutsu Kaisen this weekend. 💯,,😮
1015,2026-01-02 17:48:00,acc3,"Quote of the day: ""The world isn't perfect, but it's beautiful."" 📚",,😮
1016,2026-01-02 17:50:00,acc4,I think today's episode was incredible! 🙌,1009,💯
1017,2026-01-02 17:52:00,acc1,My favorite moment in Steins;Gate still gives me chills 🙌,,
1018,2026-01-02 17:54:00,acc2,Anyone watching One Piece lately? 👀,,😭
1019,2026-01-02 17:56:00,acc3,Who's your favorite character from Jujutsu Kaisen? 😀,,👏
1020,2026-01-02 17:58:00,acc4,My favorite moment in Naruto still gives me chills ✨,1016,😂
1021,2026-01-02 18:00:00,acc1,I think today's episode was incredible! ✨,1018,😮
1022,2026-01-02 18:02:00,acc2,No spoilers please! 😂,1019,😂
1023,2026-01-02 18:04:00,acc3,I think today's episode was incredible! 😎,1013,👏
1024,2026-01-02 18:06:00,acc4,No spoilers please! 🔥,,🔥
1025,2026-01-02 18:08:00,acc1,My favorite moment in Attack on Titan still gives me chills 📚,,😂
1026,2026-01-02 18:10:00,acc2,I think today's episode was incredible! 😎,,😭
1027,2026-01-02 18:12:00,acc3,My favorite moment in Solo Leveling still gives me chills 😀,,😂
1028,2026-01-02 18:14:00,acc4,Random anime fact: Studio Ghibli films are famous for hand-drawn animation. ❤️,1018,❤️
1029,2026-01-02 18:16:00,acc1,That animation quality was insane! 🎉,,❤️
1030,2026-01-02 18:18:00,acc2,Anyone watching Naruto lately? 👀,1028,😮
1031,2026-01-02 18:20:00,acc3,Anyone watching Naruto lately? 💯,1027,❤️
1032,2026-01-02 18:22:00,acc4,I think today's episode was incredible! 🔥,,😂
1033,2026-01-02 18:24:00,acc1,Random anime fact: Attack on Titan changed many viewers' expectations of anime. 🤔,1029,
1034,2026-01-02 18:26:00,acc2,My favorite moment in Hunter x Hunter still gives me chills 😂,1030,👍
1035,2026-01-02 18:28:00,acc3,Random anime fact: Many anime openings become chart-topping songs. 😎,1027,👍
1036,2026-01-02 18:30:00,acc4,I'm rewatching Attack on Titan this weekend. 🍜,,
1037,2026-01-02 18:32:00,acc1,I think today's episode was incredible! 🔥,1027,🔥
1038,2026-01-02 18:34:00,acc2,I think today's episode was incredible! 🎉,,❤️
1039,2026-01-02 18:36:00,acc3,Who's your favorite character from Jujutsu Kaisen? 🙌,1023,❤️
1040,2026-01-02 18:38:00,acc4,Who's your favorite character from Solo Leveling? 😭,1035,😮
1041,2026-01-02 18:40:00,acc1,Who's your favorite character from My Hero Academia? 😭,1031,🔥
1042,2026-01-02 18:42:00,acc2,Anyone watching Bleach lately? 🔥,1033,❤️
1043,2026-01-02 18:44:00,acc3,My favorite moment in Haikyuu!! still gives me chills 💯,,💯
1044,2026-01-02 18:46:00,acc4,Random anime fact: Many anime openings become chart-topping songs. 😂,,🔥
1045,2026-01-02 18:48:00,acc1,That animation quality was insane! 🍜,,💯
1046,2026-01-02 18:50:00,acc2,Who's your favorite character from Death Note? 👀,1042,💯
1047,2026-01-02 18:52:00,acc3,I'm rewatching Dragon Ball this weekend. 😭,1033,😭
1048,2026-01-02 18:54:00,acc4,I'm rewatching Attack on Titan this weekend. ⚡,,😂
1049,2026-01-02 18:56:00,acc1,My favorite moment in One Piece still gives me chills 🍜,1033,😂
1050,2026-01-02 18:58:00,acc2,Who's your favorite character from Haikyuu!!? 🔥,1035,❤️
1051,2026-01-02 19:00:00,acc3,I'm rewatching Death Note this weekend. 😎,1039,😎
1052,2026-01-02 19:02:00,acc4,Anyone watching Solo Leveling lately? 😀,1050,❤️
1053,2026-01-02 19:04:00,acc1,That animation quality was insane! 🍜,,👍
1054,2026-01-02 19:06:00,acc2,Who's your favorite character from Naruto? 💯,1040,😭
1055,2026-01-02 19:08:00,acc3,That animation quality was insane! 🙌,1040,
1056,2026-01-02 19:10:00,acc4,No spoilers please! 💯,1047,😎
1057,2026-01-02 19:12:00,acc1,Who's your favorite character from Demon Slayer? 😭,1047,
1058,2026-01-02 19:14:00,acc2,Anyone watching Dragon Ball lately? 😀,1044,👏
1059,2026-01-02 19:16:00,acc3,I think today's episode was incredible! 😀,,💯
1060,2026-01-02 19:18:00,acc4,Anyone watching Dragon Ball lately? 🤔,1047,🔥
1061,2026-01-02 19:20:00,acc1,My favorite moment in Frieren still gives me chills 📚,1046,👏
1062,2026-01-02 19:22:00,acc2,Anyone watching Demon Slayer lately? 🤔,1059,💯
1063,2026-01-02 19:24:00,acc3,I'm rewatching Vinland Saga this weekend. 🙌,1052,💯
1064,2026-01-02 19:26:00,acc4,I'm rewatching Haikyuu!! this weekend. 😂,,🔥
1065,2026-01-02 19:28:00,acc1,I think today's episode was incredible! 🎉,,😮
1066,2026-01-02 19:30:00,acc2,My favorite moment in Dragon Ball still gives me chills ⚡,1058,🔥
1067,2026-01-02 19:32:00,acc3,Opening theme has been stuck in my head. 😎,,🔥
1068,2026-01-02 19:34:00,acc4,Opening theme has been stuck in my head. 😂,,❤️
1069,2026-01-02 19:36:00,acc1,My favorite moment in Death Note still gives me chills 🤔,1057,😎
1070,2026-01-02 19:38:00,acc2,"Quote of the day: ""Keep moving forward."" 🤔",,😮
1071,2026-01-02 19:40:00,acc3,Anyone watching My Hero Academia lately? 🔥,1063,😂
1072,2026-01-02 19:42:00,acc4,No spoilers please! 😎,1069,💯
1073,2026-01-02 19:44:00,acc1,I'm rewatching Naruto this weekend. 🤔,,😂
1074,2026-01-02 19:46:00,acc2,My favorite moment in Frieren still gives me chills 🤔,1071,💯
1075,2026-01-02 19:48:00,acc3,Opening theme has been stuck in my head. 😎,,🔥
1076,2026-01-02 19:50:00,acc4,"Quote of the day: ""A lesson without pain is meaningless."" 😀",1064,😭
1077,2026-01-02 19:52:00,acc1,Anyone watching Death Note lately? 😭,,😮
1078,2026-01-02 19:54:00,acc2,Who's your favorite character from Jujutsu Kaisen? 🎉,1064,👍
1079,2026-01-02 19:56:00,acc3,My favorite moment in Death Note still gives me chills 🍜,,😮
1080,2026-01-02 19:58:00,acc4,My favorite moment in Bleach still gives me chills 💯,,😂
1081,2026-01-02 20:00:00,acc1,No spoilers please! 🙌,1073,
1082,2026-01-02 20:02:00,acc2,Opening theme has been stuck in my head. ❤️,,👏
1083,2026-01-02 20:04:00,acc3,"Quote of the day: ""The world isn't perfect, but it's beautiful."" 🎉",1070,😂
1084,2026-01-02 20:06:00,acc4,I'm rewatching Attack on Titan this weekend. 😎,,
1085,2026-01-02 20:08:00,acc1,My favorite moment in Naruto still gives me chills 🤔,,💯
1086,2026-01-02 20:10:00,acc2,Random anime fact: Many anime openings become chart-topping songs. 😎,,👏
1087,2026-01-02 20:12:00,acc3,Anyone watching Frieren lately? 😀,1083,🔥
1088,2026-01-02 20:14:00,acc4,I think today's episode was incredible! 😎,1082,❤️
1089,2026-01-02 20:16:00,acc1,That animation quality was insane! 😀,1087,😮
1090,2026-01-02 20:18:00,acc2,"Quote of the day: ""A lesson without pain is meaningless."" 😎",1076,😭
1091,2026-01-02 20:20:00,acc3,Anyone watching Solo Leveling lately? 🎉,,❤️
1092,2026-01-02 20:22:00,acc4,I think today's episode was incredible! 📚,1090,❤️
1093,2026-01-02 20:24:00,acc1,My favorite moment in Demon Slayer still gives me chills ✨,,
1094,2026-01-02 20:26:00,acc2,Anyone watching Solo Leveling lately? 🎉,1080,😭
1095,2026-01-02 20:28:00,acc3,Who's your favorite character from Jujutsu Kaisen? ❤️,,❤️
1096,2026-01-02 20:30:00,acc4,Random anime fact: Voice actors in Japan are called seiyuu. ✨,1090,💯
1097,2026-01-02 20:32:00,acc1,Random anime fact: One Piece is among the best-selling manga series. 🍜,,
1098,2026-01-02 20:34:00,acc2,That animation quality was insane! 😂,,💯
1099,2026-01-02 20:36:00,acc3,Anyone watching Haikyuu!! lately? 😀,1093,
1100,2026-01-02 20:38:00,acc4,Who's your favorite character from Hunter x Hunter? ❤️,1086,👍
1101,2026-01-02 20:40:00,acc1,Who's your favorite character from Haikyuu!!? 👀,,👏
1102,2026-01-02 20:42:00,acc2,No spoilers please! 😀,,😭
1103,2026-01-02 20:44:00,acc3,"Quote of the day: ""A lesson without pain is meaningless."" 🙌",,😮
1104,2026-01-02 20:46:00,acc4,Random anime fact: Many anime openings become chart-topping songs. 😭,,🔥
1105,2026-01-02 20:48:00,acc1,Random anime fact: Studio Ghibli films are famous for hand-drawn animation. 😭,,😂
1106,2026-01-02 20:50:00,acc2,Opening theme has been stuck in my head. ❤️,1093,👏
1107,2026-01-02 20:52:00,acc3,Random anime fact: Did you know? Anime is often adapted from manga or light novels. ⚡,1102,💯
1108,2026-01-02 20:54:00,acc4,That animation quality was insane! 🙌,1096,❤️
1109,2026-01-02 20:56:00,acc1,I think today's episode was incredible! 😀,1100,👏
1110,2026-01-02 20:58:00,acc2,Opening theme has been stuck in my head. ✨,,💯
1111,2026-01-02 21:00:00,acc3,Opening theme has been stuck in my head. 😀,,😂
1112,2026-01-02 21:02:00,acc4,My favorite moment in Death Note still gives me chills 🔥,,😎
1113,2026-01-02 21:04:00,acc1,I think today's episode was incredible! 😂,,😂
1114,2026-01-02 21:06:00,acc2,That animation quality was insane! 📚,,😮
1115,2026-01-02 21:08:00,acc3,Random anime fact: Attack on Titan changed many viewers' expectations of anime. 😭,,😭
1116,2026-01-02 21:10:00,acc4,"Quote of the day: ""The world isn't perfect, but it's beautiful."" 😀",,🔥
1117,2026-01-02 21:12:00,acc1,Random anime fact: Did you know? Anime is often adapted from manga or light novels. 😎,1107,❤️
1118,2026-01-02 21:14:00,acc2,No spoilers please! 🤔,1109,❤️
1119,2026-01-02 21:16:00,acc3,"Quote of the day: ""Power comes in response to a need."" 😂",1105,😂
1120,2026-01-02 21:18:00,acc4,Opening theme has been stuck in my head. ❤️,1104,😎
1121,2026-01-02 21:20:00,acc1,I'm rewatching Demon Slayer this weekend. ❤️,1119,👏
1122,2026-01-02 21:22:00,acc2,I think today's episode was incredible! 😭,1107,👏
1123,2026-01-02 21:24:00,acc3,I'm rewatching Jujutsu Kaisen this weekend. ⚡,1111,
1124,2026-01-02 21:26:00,acc4,Opening theme has been stuck in my head. 💯,1113,
1125,2026-01-02 21:28:00,acc1,Who's your favorite character from Jujutsu Kaisen? 🎉,,👍
1126,2026-01-02 21:30:00,acc2,My favorite moment in Bleach still gives me chills 😭,,😂
1127,2026-01-02 21:32:00,acc3,"Quote of the day: ""People's dreams never end."" 😀",,💯
1128,2026-01-02 21:34:00,acc4,Who's your favorite character from Frieren? 😂,1118,😮
1129,2026-01-02 21:36:00,acc1,I think today's episode was incredible! 🍜,1120,😭
1130,2026-01-02 21:38:00,acc2,Opening theme has been stuck in my head. 👀,,💯
1131,2026-01-02 21:40:00,acc3,That animation quality was insane! 😭,,😎
1132,2026-01-02 21:42:00,acc4,Random anime fact: One Piece is among the best-selling manga series. 💯,1124,😎
1133,2026-01-02 21:44:00,acc1,My favorite moment in Bleach still gives me chills 😭,1124,😮
1134,2026-01-02 21:46:00,acc2,"Quote of the day: ""Power comes in response to a need."" 🍜",1122,
1135,2026-01-02 21:48:00,acc3,Anyone watching Naruto lately? 📚,1127,💯
1136,2026-01-02 21:50:00,acc4,Opening theme has been stuck in my head. 💯,1125,😮
1137,2026-01-02 21:52:00,acc1,I'm rewatching Bleach this weekend. 😂,,😂
1138,2026-01-02 21:54:00,acc2,Who's your favorite character from Haikyuu!!? 😭,,😭
1139,2026-01-02 21:56:00,acc3,Random anime fact: Attack on Titan changed many viewers' expectations of anime. 🤔,,❤️
1140,2026-01-02 21:58:00,acc4,No spoilers please! 😭,,💯
1141,2026-01-02 22:00:00,acc1,I'm rewatching Attack on Titan this weekend. 💯,1131,
1142,2026-01-02 22:02:00,acc2,Opening theme has been stuck in my head. 🍜,,💯
1143,2026-01-02 22:04:00,acc3,Anyone watching Frieren lately? 🔥,,👍
1144,2026-01-02 22:06:00,acc4,Random anime fact: Did you know? Anime is often adapted from manga or light novels. ⚡,1134,😎
1145,2026-01-02 22:08:00,acc1,I'm rewatching Fullmetal Alchemist this weekend. 🎉,,💯
1146,2026-01-02 22:10:00,acc2,Random anime fact: Did you know? Anime is often adapted from manga or light novels. 📚,1137,😭
1147,2026-01-02 22:12:00,acc3,"Quote of the day: ""The world isn't perfect, but it's beautiful."" 👀",,
1148,2026-01-02 22:14:00,acc4,My favorite moment in Haikyuu!! still gives me chills 😀,1143,💯
1149,2026-01-02 22:16:00,acc1,No spoilers please! 👀,1133,😭
1150,2026-01-02 22:18:00,acc2,Opening theme has been stuck in my head. 👀,1148,😭
1151,2026-01-02 22:20:00,acc3,Anyone watching Hunter x Hunter lately? ✨,,👏
1152,2026-01-02 22:22:00,acc4,I'm rewatching Bleach this weekend. 📚,,
1153,2026-01-02 22:24:00,acc1,Random anime fact: One Piece is among the best-selling manga series. 😀,,🔥
1154,2026-01-02 22:26:00,acc2,No spoilers please! ❤️,,👏
1155,2026-01-02 22:28:00,acc3,That animation quality was insane! 🙌,1152,👏
1156,2026-01-02 22:30:00,acc4,Who's your favorite character from Death Note? ❤️,1141,😭
1157,2026-01-02 22:32:00,acc1,Opening theme has been stuck in my head. 🔥,1153,💯
1158,2026-01-02 22:34:00,acc2,No spoilers please! ❤️,,👍
1159,2026-01-02 22:36:00,acc3,Random anime fact: Studio Ghibli films are famous for hand-drawn animation. 💯,,😎
1160,2026-01-02 22:38:00,acc4,My favorite moment in Naruto still gives me chills 😭,1145,😎
1161,2026-01-02 22:40:00,acc1,I think today's episode was incredible! 🤔,1157,😎
1162,2026-01-02 22:42:00,acc2,My favorite moment in Steins;Gate still gives me chills 👀,1160,😭
1163,2026-01-02 22:44:00,acc3,Opening theme has been stuck in my head. 🎉,1160,❤️
1164,2026-01-02 22:46:00,acc4,My favorite moment in Naruto still gives me chills 🔥,1162,👏
1165,2026-01-02 22:48:00,acc1,I'm rewatching Demon Slayer this weekend. 🙌,1156,❤️
1166,2026-01-02 22:50:00,acc2,Random anime fact: Many anime openings become chart-topping songs. 🤔,,🔥
1167,2026-01-02 22:52:00,acc3,I'm rewatching My Hero Academia this weekend. ❤️,,😎
1168,2026-01-02 22:54:00,acc4,That animation quality was insane! 🤔,,🔥
1169,2026-01-02 22:56:00,acc1,"Quote of the day: ""The world isn't perfect, but it's beautiful."" 🎉",,💯
1170,2026-01-02 22:58:00,acc2,No spoilers please! 🍜,1159,👍
1171,2026-01-02 23:00:00,acc3,No spoilers please! 🙌,1156,👏
1172,2026-01-02 23:02:00,acc4,Anyone watching Solo Leveling lately? 😭,,👍
1173,2026-01-02 23:04:00,acc1,No spoilers please! 💯,1163,💯
1174,2026-01-02 23:06:00,acc2,I think today's episode was incredible! 📚,,😮
1175,2026-01-02 23:08:00,acc3,"Quote of the day: ""The world isn't perfect, but it's beautiful."" ⚡",1168,
1176,2026-01-02 23:10:00,acc4,That animation quality was insane! 📚,1174,😮
1177,2026-01-02 23:12:00,acc1,That animation quality was insane! 🤔,1172,😂
1178,2026-01-02 23:14:00,acc2,No spoilers please! ✨,,👏
1179,2026-01-02 23:16:00,acc3,No spoilers please! 📚,1166,😮
1180,2026-01-02 23:18:00,acc4,Anyone watching Vinland Saga lately? 🙌,1168,😎
1181,2026-01-02 23:20:00,acc1,My favorite moment in Dragon Ball still gives me chills 🎉,,
1182,2026-01-02 23:22:00,acc2,Opening theme has been stuck in my head. ❤️,1180,😎
1183,2026-01-02 23:24:00,acc3,Opening theme has been stuck in my head. 😎,1178,💯
1184,2026-01-02 23:26:00,acc4,Opening theme has been stuck in my head. ✨,,👏
1185,2026-01-02 23:28:00,acc1,That animation quality was insane! 🙌,1170,❤️
1186,2026-01-02 23:30:00,acc2,"Quote of the day: ""A lesson without pain is meaningless."" ⚡",,👏
1187,2026-01-02 23:32:00,acc3,That animation quality was insane! ✨,1180,😭
1188,2026-01-02 23:34:00,acc4,That animation quality was insane! 🙌,1174,😎
1189,2026-01-02 23:36:00,acc1,No spoilers please! 🔥,1174,🔥
1190,2026-01-02 23:38:00,acc2,Random anime fact: One Piece is among the best-selling manga series. 🙌,1179,❤️
1191,2026-01-02 23:40:00,acc3,Opening theme has been stuck in my head. 🤔,,😎
1192,2026-01-02 23:42:00,acc4,I think today's episode was incredible! 😎,,😭
1193,2026-01-02 23:44:00,acc1,Opening theme has been stuck in my head. 🎉,,😮
1194,2026-01-02 23:46:00,acc2,I'm rewatching Frieren this weekend. 🍜,,😎
1195,2026-01-02 23:48:00,acc3,I'm rewatching Dragon Ball this weekend. 😭,1188,😭
1196,2026-01-02 23:50:00,acc4,Opening theme has been stuck in my head. 🍜,,😂
1197,2026-01-02 23:52:00,acc1,I think today's episode was incredible! 🔥,,
1198,2026-01-02 23:54:00,acc2,That animation quality was insane! 📚,,👍
1199,2026-01-02 23:56:00,acc3,My favorite moment in My Hero Academia still gives me chills 💯,1194,👍
1200,2026-01-02 23:58:00,acc4,No spoilers please! 💯,,
1201,2026-01-03 00:00:00,acc1,I'm rewatching Naruto this weekend. ❤️,1185,❤️
1202,2026-01-03 00:02:00,acc2,"Quote of the day: ""Power comes in response to a need."" 🎉",,
1203,2026-01-03 00:04:00,acc3,I think today's episode was incredible! 👀,,👍
1204,2026-01-03 00:06:00,acc4,Random anime fact: Did you know? Anime is often adapted from manga or light novels. 😭,,😎
1205,2026-01-03 00:08:00,acc1,My favorite moment in Solo Leveling still gives me chills 😂,1197,😂
1206,2026-01-03 00:10:00,acc2,My favorite moment in Frieren still gives me chills 😎,,💯
1207,2026-01-03 00:12:00,acc3,Random anime fact: Did you know? Anime is often adapted from manga or light novels. 🤔,,👍
1208,2026-01-03 00:14:00,acc4,Random anime fact: One Piece is among the best-selling manga series. 🤔,,👏
1209,2026-01-03 00:16:00,acc1,"Quote of the day: ""People's dreams never end."" 😀",,
1210,2026-01-03 00:18:00,acc2,No spoilers please! 🎉,,❤️
1211,2026-01-03 00:20:00,acc3,No spoilers please! ⚡,,😭
1212,2026-01-03 00:22:00,acc4,Anyone watching One Piece lately? 📚,,
1213,2026-01-03 00:24:00,acc1,Random anime fact: Voice actors in Japan are called seiyuu. 💯,,💯
1214,2026-01-03 00:26:00,acc2,Random anime fact: Did you know? Anime is often adapted from manga or light novels. ❤️,,😂
1215,2026-01-03 00:28:00,acc3,No spoilers please! 📚,1199,😭
1216,2026-01-03 00:30:00,acc4,Anyone watching Frieren lately? 😀,1207,😮
1217,2026-01-03 00:32:00,acc1,"Quote of the day: ""The world isn't perfect, but it's beautiful."" 🤔",1209,😮
1218,2026-01-03 00:34:00,acc2,My favorite moment in Naruto still gives me chills 👀,,💯
1219,2026-01-03 00:36:00,acc3,That animation quality was insane! 😎,,😎
1220,2026-01-03 00:38:00,acc4,Who's your favorite character from Solo Leveling? 💯,1215,😭
1221,2026-01-03 00:40:00,acc1,"Quote of the day: ""Power comes in response to a need."" 🤔",1214,👏
1222,2026-01-03 00:42:00,acc2,Anyone watching One Piece lately? 💯,1206,👍
1223,2026-01-03 00:44:00,acc3,I'm rewatching Demon Slayer this weekend. 📚,1215,❤️
1224,2026-01-03 00:46:00,acc4,I'm rewatching Bleach this weekend. 📚,1213,💯
1225,2026-01-03 00:48:00,acc1,Anyone watching Dragon Ball lately? 🍜,,👏
1226,2026-01-03 00:50:00,acc2,Anyone watching Fullmetal Alchemist lately? ❤️,1220,👏
1227,2026-01-03 00:52:00,acc3,Who's your favorite character from Fullmetal Alchemist? 💯,1214,🔥
1228,2026-01-03 00:54:00,acc4,I'm rewatching Death Note this weekend. 😎,1223,
1229,2026-01-03 00:56:00,acc1,That animation quality was insane! 🍜,,😮
1230,2026-01-03 00:58:00,acc2,Opening theme has been stuck in my head. ❤️,1223,
1231,2026-01-03 01:00:00,acc3,My favorite moment in Demon Slayer still gives me chills 🔥,,
1232,2026-01-03 01:02:00,acc4,Anyone watching Hunter x Hunter lately? ❤️,1227,😎
1233,2026-01-03 01:04:00,acc1,I'm rewatching Steins;Gate this weekend. 📚,,💯
1234,2026-01-03 01:06:00,acc2,That animation quality was insane! 🍜,,😎
1235,2026-01-03 01:08:00,acc3,Anyone watching My Hero Academia lately? ✨,1222,👍
1236,2026-01-03 01:10:00,acc4,I think today's episode was incredible! ⚡,,🔥
1237,2026-01-03 01:12:00,acc1,Anyone watching Solo Leveling lately? 🎉,1224,💯
1238,2026-01-03 01:14:00,acc2,I think today's episode was incredible! 🔥,,❤️
1239,2026-01-03 01:16:00,acc3,Anyone watching One Piece lately? 🎉,1233,👏
1240,2026-01-03 01:18:00,acc4,"Quote of the day: ""People's dreams never end."" ⚡",1237,👍
1241,2026-01-03 01:20:00,acc1,Opening theme has been stuck in my head. 😂,1237,❤️
1242,2026-01-03 01:22:00,acc2,Anyone watching My Hero Academia lately? 😂,1232,👏
1243,2026-01-03 01:24:00,acc3,I'm rewatching Bleach this weekend. 📚,,
1244,2026-01-03 01:26:00,acc4,Anyone watching Vinland Saga lately? 💯,1232,💯
1245,2026-01-03 01:28:00,acc1,That animation quality was insane! 🎉,,
1246,2026-01-03 01:30:00,acc2,That animation quality was insane! ⚡,1239,❤️
1247,2026-01-03 01:32:00,acc3,No spoilers please! ⚡,,🔥
1248,2026-01-03 01:34:00,acc4,My favorite moment in Attack on Titan still gives me chills 👀,1245,🔥
1249,2026-01-03 01:36:00,acc1,I think today's episode was incredible! 😎,,
1250,2026-01-03 01:38:00,acc2,Anyone watching My Hero Academia lately? 🔥,,😮
1251,2026-01-03 01:40:00,acc3,Opening theme has been stuck in my head. 😎,1247,😂
1252,2026-01-03 01:42:00,acc4,I think today's episode was incredible! 👀,,👍
1253,2026-01-03 01:44:00,acc1,No spoilers please! ✨,1243,👏
1254,2026-01-03 01:46:00,acc2,My favorite moment in Fullmetal Alchemist still gives me chills 🎉,,😭
1255,2026-01-03 01:48:00,acc3,Opening theme has been stuck in my head. 🍜,1244,
1256,2026-01-03 01:50:00,acc4,My favorite moment in Frieren still gives me chills 🔥,1252,👍
1257,2026-01-03 01:52:00,acc1,"Quote of the day: ""People's dreams never end."" 💯",1248,
1258,2026-01-03 01:54:00,acc2,I think today's episode was incredible! 🙌,1248,🔥
1259,2026-01-03 01:56:00,acc3,Anyone watching Haikyuu!! lately? 🤔,,👍
1260,2026-01-03 01:58:00,acc4,"Quote of the day: ""Power comes in response to a need."" ⚡",1258,👏
1261,2026-01-03 02:00:00,acc1,Who's your favorite character from Naruto? ❤️,,😮
1262,2026-01-03 02:02:00,acc2,Random anime fact: Studio Ghibli films are famous for hand-drawn animation. ❤️,,😂
1263,2026-01-03 02:04:00,acc3,Random anime fact: Did you know? Anime is often adapted from manga or light novels. 🍜,,❤️
1264,2026-01-03 02:06:00,acc4,"Quote of the day: ""Power comes in response to a need."" ⚡",,👏
1265,2026-01-03 02:08:00,acc1,That animation quality was insane! 📚,1250,❤️
1266,2026-01-03 02:10:00,acc2,No spoilers please! ❤️,,👏
1267,2026-01-03 02:12:00,acc3,"Quote of the day: ""The world isn't perfect, but it's beautiful."" 💯",1263,
1268,2026-01-03 02:14:00,acc4,Random anime fact: Attack on Titan changed many viewers' expectations of anime. 🎉,,👍
1269,2026-01-03 02:16:00,acc1,I'm rewatching Steins;Gate this weekend. 👀,,❤️
1270,2026-01-03 02:18:00,acc2,Random anime fact: Many anime openings become chart-topping songs. 😂,1266,😎
1271,2026-01-03 02:20:00,acc3,Random anime fact: One Piece is among the best-selling manga series. ⚡,,👏
1272,2026-01-03 02:22:00,acc4,Who's your favorite character from Death Note? ⚡,1266,
1273,2026-01-03 02:24:00,acc1,"Quote of the day: ""A lesson without pain is meaningless."" 📚",1260,💯
1274,2026-01-03 02:26:00,acc2,That animation quality was insane! 📚,1272,👏
1275,2026-01-03 02:28:00,acc3,My favorite moment in Steins;Gate still gives me chills 🔥,,😎
1276,2026-01-03 02:30:00,acc4,I'm rewatching Dragon Ball this weekend. 😀,1265,💯
1277,2026-01-03 02:32:00,acc1,I think today's episode was incredible! 😭,1266,😮
1278,2026-01-03 02:34:00,acc2,"Quote of the day: ""A lesson without pain is meaningless."" ⚡",,❤️
1279,2026-01-03 02:36:00,acc3,No spoilers please! 🍜,1273,❤️
1280,2026-01-03 02:38:00,acc4,My favorite moment in Steins;Gate still gives me chills 😂,,😎
1281,2026-01-03 02:40:00,acc1,I think today's episode was incredible! 💯,,😮
1282,2026-01-03 02:42:00,acc2,No spoilers please! 🔥,1266,😮
1283,2026-01-03 02:44:00,acc3,Opening theme has been stuck in my head. 😭,1267,😭
1284,2026-01-03 02:46:00,acc4,"Quote of the day: ""A lesson without pain is meaningless."" ❤️",1276,
1285,2026-01-03 02:48:00,acc1,My favorite moment in My Hero Academia still gives me chills 🤔,,🔥
1286,2026-01-03 02:50:00,acc2,I'm rewatching Vinland Saga this weekend. ❤️,,😎
1287,2026-01-03 02:52:00,acc3,Random anime fact: Studio Ghibli films are famous for hand-drawn animation. 👀,,👍
1288,2026-01-03 02:54:00,acc4,"Quote of the day: ""Power comes in response to a need."" 🤔",,💯
1289,2026-01-03 02:56:00,acc1,Opening theme has been stuck in my head. 😀,1287,😂
1290,2026-01-03 02:58:00,acc2,Opening theme has been stuck in my head. 💯,1283,💯
1291,2026-01-03 03:00:00,acc3,No spoilers please! 😂,,😭
1292,2026-01-03 03:02:00,acc4,Who's your favorite character from Attack on Titan? ⚡,,❤️
1293,2026-01-03 03:04:00,acc1,Anyone watching Demon Slayer lately? ⚡,,❤️
1294,2026-01-03 03:06:00,acc2,Who's your favorite character from Haikyuu!!? ❤️,1279,😭
1295,2026-01-03 03:08:00,acc3,Random anime fact: Studio Ghibli films are famous for hand-drawn animation. 😀,,💯
1296,2026-01-03 03:10:00,acc4,No spoilers please! 🔥,,❤️
1297,2026-01-03 03:12:00,acc1,"Quote of the day: ""A lesson without pain is meaningless."" 🍜",,😭
1298,2026-01-03 03:14:00,acc2,Opening theme has been stuck in my head. 😎,,😭
1299,2026-01-03 03:16:00,acc3,I'm rewatching Steins;Gate this weekend. 🔥,,💯
1300,2026-01-03 03:18:00,acc4,Opening theme has been stuck in my head. 📚,1291,😭
1301,2026-01-03 03:20:00,acc1,I'm rewatching Naruto this weekend. 😎,,😮
1302,2026-01-03 03:22:00,acc2,"Quote of the day: ""A lesson without pain is meaningless."" 😭",,
1303,2026-01-03 03:24:00,acc3,Random anime fact: One Piece is among the best-selling manga series. 📚,1288,💯
1304,2026-01-03 03:26:00,acc4,No spoilers please! 😎,,❤️
1305,2026-01-03 03:28:00,acc1,No spoilers please! 🎉,,👏
1306,2026-01-03 03:30:00,acc2,I think today's episode was incredible! 🎉,,😂
1307,2026-01-03 03:32:00,acc3,I'm rewatching Steins;Gate this weekend. 😀,,😭
1308,2026-01-03 03:34:00,acc4,"Quote of the day: ""The world isn't perfect, but it's beautiful."" 🍜",,👍
1309,2026-01-03 03:36:00,acc1,I'm rewatching Steins;Gate this weekend. 🤔,1294,❤️
1310,2026-01-03 03:38:00,acc2,I'm rewatching Hunter x Hunter this weekend. 🔥,1307,😂
1311,2026-01-03 03:40:00,acc3,Random anime fact: Did you know? Anime is often adapted from manga or light novels. 😂,,😎
1312,2026-01-03 03:42:00,acc4,Anyone watching Haikyuu!! lately? 💯,1298,😭
1313,2026-01-03 03:44:00,acc1,Anyone watching Dragon Ball lately? 🙌,1305,🔥
1314,2026-01-03 03:46:00,acc2,No spoilers please! 🍜,1309,❤️
1315,2026-01-03 03:48:00,acc3,Anyone watching Haikyuu!! lately? ⚡,1299,💯
1316,2026-01-03 03:50:00,acc4,"Quote of the day: ""Power comes in response to a need."" 📚",,👍
1317,2026-01-03 03:52:00,acc1,"Quote of the day: ""People's dreams never end."" 🤔",1302,🔥
1318,2026-01-03 03:54:00,acc2,Random anime fact: Many anime openings become chart-topping songs. 🙌,,😎
1319,2026-01-03 03:56:00,acc3,"Quote of the day: ""Power comes in response to a need."" ✨",1317,😎
1320,2026-01-03 03:58:00,acc4,"Quote of the day: ""People's dreams never end."" ❤️",,👏
1321,2026-01-03 04:00:00,acc1,I think today's episode was incredible! 💯,,🔥
1322,2026-01-03 04:02:00,acc2,Who's your favorite character from My Hero Academia? 💯,1311,👍
1323,2026-01-03 04:04:00,acc3,Opening theme has been stuck in my head. 😎,1308,😎
1324,2026-01-03 04:06:00,acc4,I think today's episode was incredible! 👀,1319,💯
1325,2026-01-03 04:08:00,acc1,I think today's episode was incredible! 💯,1319,😭
1326,2026-01-03 04:10:00,acc2,Opening theme has been stuck in my head. 👀,,😎
1327,2026-01-03 04:12:00,acc3,Anyone watching Hunter x Hunter lately? 🙌,,
1328,2026-01-03 04:14:00,acc4,That animation quality was insane! 🙌,1321,❤️
1329,2026-01-03 04:16:00,acc1,Who's your favorite character from Naruto? ⚡,,💯
1330,2026-01-03 04:18:00,acc2,Opening theme has been stuck in my head. ❤️,1321,👏
1331,2026-01-03 04:20:00,acc3,Anyone watching Jujutsu Kaisen lately? 💯,1321,😮
1332,2026-01-03 04:22:00,acc4,"Quote of the day: ""Power comes in response to a need."" 🤔",,👍
1333,2026-01-03 04:24:00,acc1,That animation quality was insane! 👀,1319,😭
1334,2026-01-03 04:26:00,acc2,"Quote of the day: ""The world isn't perfect, but it's beautiful."" 😂",,😂
1335,2026-01-03 04:28:00,acc3,Opening theme has been stuck in my head. 🔥,1331,🔥
1336,2026-01-03 04:30:00,acc4,I'm rewatching Hunter x Hunter this weekend. 😭,,🔥
1337,2026-01-03 04:32:00,acc1,"Quote of the day: ""A lesson without pain is meaningless."" 👀",,
1338,2026-01-03 04:34:00,acc2,I'm rewatching My Hero Academia this weekend. 😎,,👏
1339,2026-01-03 04:36:00,acc3,I'm rewatching Haikyuu!! this weekend. ⚡,,
1340,2026-01-03 04:38:00,acc4,That animation quality was insane! 😀,,❤️
1341,2026-01-03 04:40:00,acc1,No spoilers please! 🔥,1329,💯
1342,2026-01-03 04:42:00,acc2,That animation quality was insane! 😎,1333,❤️
1343,2026-01-03 04:44:00,acc3,Random anime fact: Voice actors in Japan are called seiyuu. ❤️,1327,👍
1344,2026-01-03 04:46:00,acc4,That animation quality was insane! 📚,1339,👏
1345,2026-01-03 04:48:00,acc1,Opening theme has been stuck in my head. 💯,,👍
1346,2026-01-03 04:50:00,acc2,"Quote of the day: ""Keep moving forward."" 🔥",1334,👏
1347,2026-01-03 04:52:00,acc3,Anyone watching Death Note lately? 🙌,1345,💯
1348,2026-01-03 04:54:00,acc4,I think today's episode was incredible! 😀,1342,👍
1349,2026-01-03 04:56:00,acc1,Random anime fact: Studio Ghibli films are famous for hand-drawn animation. ⚡,,
1350,2026-01-03 04:58:00,acc2,My favorite moment in Demon Slayer still gives me chills 🎉,1348,💯
1351,2026-01-03 05:00:00,acc3,My favorite moment in Haikyuu!! still gives me chills 📚,1338,💯
1352,2026-01-03 05:02:00,acc4,Who's your favorite character from Demon Slayer? 🙌,1344,💯
1353,2026-01-03 05:04:00,acc1,My favorite moment in Frieren still gives me chills 🎉,,
1354,2026-01-03 05:06:00,acc2,"Quote of the day: ""Power comes in response to a need."" 🙌",1344,😮
1355,2026-01-03 05:08:00,acc3,My favorite moment in One Piece still gives me chills 😀,,💯
1356,2026-01-03 05:10:00,acc4,That animation quality was insane! 🙌,,👏
1357,2026-01-03 05:12:00,acc1,I'm rewatching Demon Slayer this weekend. ❤️,,❤️
1358,2026-01-03 05:14:00,acc2,"Quote of the day: ""A lesson without pain is meaningless."" 🔥",,😂
1359,2026-01-03 05:16:00,acc3,Opening theme has been stuck in my head. ⚡,,😂
1360,2026-01-03 05:18:00,acc4,My favorite moment in Bleach still gives me chills 😭,,👏
1361,2026-01-03 05:20:00,acc1,I'm rewatching One Piece this weekend. ⚡,1346,👍
1362,2026-01-03 05:22:00,acc2,Opening theme has been stuck in my head. 💯,1346,❤️
1363,2026-01-03 05:24:00,acc3,Opening theme has been stuck in my head. 😭,1359,😮
1364,2026-01-03 05:26:00,acc4,That animation quality was insane! 👀,,👏
1365,2026-01-03 05:28:00,acc1,That animation quality was insane! 💯,,👍
1366,2026-01-03 05:30:00,acc2,I'm rewatching Dragon Ball this weekend. 😀,1356,😂
1367,2026-01-03 05:32:00,acc3,No spoilers please! 🍜,,🔥
1368,2026-01-03 05:34:00,acc4,I'm rewatching Dragon Ball this weekend. 💯,1362,🔥
1369,2026-01-03 05:36:00,acc1,I think today's episode was incredible! 😀,1365,👏
1370,2026-01-03 05:38:00,acc2,That animation quality was insane! ⚡,1366,❤️
1371,2026-01-03 05:40:00,acc3,My favorite moment in Dragon Ball still gives me chills 💯,1359,
1372,2026-01-03 05:42:00,acc4,No spoilers please! 🍜,1368,😎
1373,2026-01-03 05:44:00,acc1,My favorite moment in Naruto still gives me chills 🎉,,😎
1374,2026-01-03 05:46:00,acc2,I'm rewatching My Hero Academia this weekend. 😂,1361,🔥
1375,2026-01-03 05:48:00,acc3,That animation quality was insane! 😂,1359,😂
1376,2026-01-03 05:50:00,acc4,Who's your favorite character from Solo Leveling? ❤️,1374,❤️
1377,2026-01-03 05:52:00,acc1,I think today's episode was incredible! 😂,1375,
1378,2026-01-03 05:54:00,acc2,That animation quality was insane! 😭,1374,😎
1379,2026-01-03 05:56:00,acc3,My favorite moment in Vinland Saga still gives me chills 😎,,❤️
1380,2026-01-03 05:58:00,acc4,"Quote of the day: ""Keep moving forward."" 📚",1365,
1381,2026-01-03 06:00:00,acc1,Opening theme has been stuck in my head. 😭,1369,👍
1382,2026-01-03 06:02:00,acc2,I think today's episode was incredible! 🤔,1380,😂
1383,2026-01-03 06:04:00,acc3,No spoilers please! 😀,1372,😂
1384,2026-01-03 06:06:00,acc4,I'm rewatching Frieren this weekend. 💯,,😮
1385,2026-01-03 06:08:00,acc1,I think today's episode was incredible! 👀,,❤️
1386,2026-01-03 06:10:00,acc2,"Quote of the day: ""Keep moving forward."" ⚡",1381,💯
1387,2026-01-03 06:12:00,acc3,"Quote of the day: ""A lesson without pain is meaningless."" 🍜",1385,🔥
1388,2026-01-03 06:14:00,acc4,That animation quality was insane! 🙌,,😂
1389,2026-01-03 06:16:00,acc1,That animation quality was insane! 🤔,1378,💯
1390,2026-01-03 06:18:00,acc2,Who's your favorite character from Haikyuu!!? 🙌,,🔥
1391,2026-01-03 06:20:00,acc3,Opening theme has been stuck in my head. 🤔,1375,😮
1392,2026-01-03 06:22:00,acc4,Random anime fact: Many anime openings become chart-topping songs. 👀,,😭
1393,2026-01-03 06:24:00,acc1,"Quote of the day: ""A lesson without pain is meaningless."" ❤️",1377,👏
1394,2026-01-03 06:26:00,acc2,That animation quality was insane! 😭,1380,👍
1395,2026-01-03 06:28:00,acc3,Anyone watching Attack on Titan lately? 🔥,,😎
1396,2026-01-03 06:30:00,acc4,That animation quality was insane! 🔥,,❤️
1397,2026-01-03 06:32:00,acc1,Opening theme has been stuck in my head. 😎,1391,💯
1398,2026-01-03 06:34:00,acc2,I'm rewatching Bleach this weekend. 😎,,❤️
1399,2026-01-03 06:36:00,acc3,No spoilers please! ⚡,,
1400,2026-01-03 06:38:00,acc4,Opening theme has been stuck in my head. 🎉,,😭
1401,2026-01-03 06:40:00,acc1,My favorite moment in Vinland Saga still gives me chills 🔥,,😎
1402,2026-01-03 06:42:00,acc2,No spoilers please! 😭,1398,😎
1403,2026-01-03 06:44:00,acc3,Opening theme has been stuck in my head. 🍜,1400,❤️
1404,2026-01-03 06:46:00,acc4,Opening theme has been stuck in my head. 🔥,1388,😎
1405,2026-01-03 06:48:00,acc1,Random anime fact: Studio Ghibli films are famous for hand-drawn animation. 😀,1399,😂
1406,2026-01-03 06:50:00,acc2,Anyone watching Bleach lately? 🍜,,❤️
1407,2026-01-03 06:52:00,acc3,That animation quality was insane! 🔥,1401,👍
1408,2026-01-03 06:54:00,acc4,Who's your favorite character from Hunter x Hunter? ✨,1399,😂
1409,2026-01-03 06:56:00,acc1,I think today's episode was incredible! ✨,1401,🔥
1410,2026-01-03 06:58:00,acc2,Anyone watching Attack on Titan lately? ❤️,,😮
1411,2026-01-03 07:00:00,acc3,"Quote of the day: ""Keep moving forward."" ✨",1399,😂
1412,2026-01-03 07:02:00,acc4,Who's your favorite character from Vinland Saga? 😎,,😂
1413,2026-01-03 07:04:00,acc1,That animation quality was insane! 😎,1399,😎
1414,2026-01-03 07:06:00,acc2,"Quote of the day: ""Power comes in response to a need."" 💯",1407,😎
1415,2026-01-03 07:08:00,acc3,That animation quality was insane! 🤔,,
1416,2026-01-03 07:10:00,acc4,No spoilers please! 😂,,😎
1417,2026-01-03 07:12:00,acc1,My favorite moment in Vinland Saga still gives me chills 💯,,👏
1418,2026-01-03 07:14:00,acc2,Anyone watching Steins;Gate lately? 😎,,🔥
1419,2026-01-03 07:16:00,acc3,No spoilers please! 🔥,1407,
1420,2026-01-03 07:18:00,acc4,Opening theme has been stuck in my head. 🤔,1412,😮
1421,2026-01-03 07:20:00,acc1,That animation quality was insane! 🤔,,😎
1422,2026-01-03 07:22:00,acc2,Who's your favorite character from Haikyuu!!? 🔥,,😎
1423,2026-01-03 07:24:00,acc3,That animation quality was insane! 🔥,1411,👍
1424,2026-01-03 07:26:00,acc4,Opening theme has been stuck in my head. 💯,,😭
1425,2026-01-03 07:28:00,acc1,I'm rewatching Demon Slayer this weekend. 🎉,1413,💯
1426,2026-01-03 07:30:00,acc2,That animation quality was insane! 😎,1423,❤️
1427,2026-01-03 07:32:00,acc3,Random anime fact: Did you know? Anime is often adapted from manga or light novels. 😂,1412,😮
1428,2026-01-03 07:34:00,acc4,No spoilers please! 💯,1414,😭
1429,2026-01-03 07:36:00,acc1,My favorite moment in Death Note still gives me chills 🙌,,
1430,2026-01-03 07:38:00,acc2,That animation quality was insane! 🙌,1425,👏
1431,2026-01-03 07:40:00,acc3,Opening theme has been stuck in my head. 💯,,😭
1432,2026-01-03 07:42:00,acc4,"Quote of the day: ""Keep moving forward."" 📚",,👏
1433,2026-01-03 07:44:00,acc1,That animation quality was insane! 😀,1419,👏
1434,2026-01-03 07:46:00,acc2,No spoilers please! 🍜,1431,❤️
1435,2026-01-03 07:48:00,acc3,Who's your favorite character from Frieren? 😎,,
1436,2026-01-03 07:50:00,acc4,No spoilers please! 📚,1420,😭
1437,2026-01-03 07:52:00,acc1,Opening theme has been stuck in my head. 😀,1425,👏
1438,2026-01-03 07:54:00,acc2,Random anime fact: Did you know? Anime is often adapted from manga or light novels. 📚,,👍
1439,2026-01-03 07:56:00,acc3,My favorite moment in Attack on Titan still gives me chills ❤️,1437,😂
1440,2026-01-03 07:58:00,acc4,Random anime fact: Did you know? Anime is often adapted from manga or light novels. 😀,1428,🔥
1441,2026-01-03 08:00:00,acc1,I think today's episode was incredible! 😎,,😂
1442,2026-01-03 08:02:00,acc2,I'm rewatching Steins;Gate this weekend. 💯,,👏
1443,2026-01-03 08:04:00,acc3,"Quote of the day: ""Power comes in response to a need."" 📚",,😮
1444,2026-01-03 08:06:00,acc4,I think today's episode was incredible! 😭,1430,🔥
1445,2026-01-03 08:08:00,acc1,That animation quality was insane! 😂,1436,😂
1446,2026-01-03 08:10:00,acc2,That animation quality was insane! 🙌,,❤️
1447,2026-01-03 08:12:00,acc3,No spoilers please! 🤔,,🔥
1448,2026-01-03 08:14:00,acc4,Opening theme has been stuck in my head. 😭,1438,😭
1449,2026-01-03 08:16:00,acc1,That animation quality was insane! 😂,,😂
1450,2026-01-03 08:18:00,acc2,My favorite moment in Demon Slayer still gives me chills 🎉,1445,🔥
1451,2026-01-03 08:20:00,acc3,My favorite moment in Vinland Saga still gives me chills 🙌,1443,
1452,2026-01-03 08:22:00,acc4,Random anime fact: Voice actors in Japan are called seiyuu. 💯,,😂
1453,2026-01-03 08:24:00,acc1,Random anime fact: Did you know? Anime is often adapted from manga or light novels. ❤️,,
1454,2026-01-03 08:26:00,acc2,That animation quality was insane! 😭,1449,🔥
1455,2026-01-03 08:28:00,acc3,Anyone watching Hunter x Hunter lately? ⚡,1449,👍
1456,2026-01-03 08:30:00,acc4,Who's your favorite character from Frieren? 🤔,1451,💯
1457,2026-01-03 08:32:00,acc1,Anyone watching Hunter x Hunter lately? 🔥,,👏
1458,2026-01-03 08:34:00,acc2,Opening theme has been stuck in my head. 😎,,😂
1459,2026-01-03 08:36:00,acc3,Who's your favorite character from Steins;Gate? 🤔,,👍
1460,2026-01-03 08:38:00,acc4,I think today's episode was incredible! 🙌,1453,😎
1461,2026-01-03 08:40:00,acc1,Opening theme has been stuck in my head. ❤️,,❤️
1462,2026-01-03 08:42:00,acc2,Anyone watching Jujutsu Kaisen lately? 😂,1460,🔥
1463,2026-01-03 08:44:00,acc3,My favorite moment in Fullmetal Alchemist still gives me chills 📚,,😎
1464,2026-01-03 08:46:00,acc4,"Quote of the day: ""The world isn't perfect, but it's beautiful."" 🎉",1450,👍
1465,2026-01-03 08:48:00,acc1,Who's your favorite character from Jujutsu Kaisen? ✨,1461,😎
1466,2026-01-03 08:50:00,acc2,My favorite moment in Dragon Ball still gives me chills 💯,1451,😭
1467,2026-01-03 08:52:00,acc3,Anyone watching Vinland Saga lately? 🎉,,😮
1468,2026-01-03 08:54:00,acc4,Anyone watching Jujutsu Kaisen lately? 👀,1463,🔥
1469,2026-01-03 08:56:00,acc1,No spoilers please! 🍜,1455,😭
1470,2026-01-03 08:58:00,acc2,Opening theme has been stuck in my head. 😭,,😂
1471,2026-01-03 09:00:00,acc3,Opening theme has been stuck in my head. ❤️,1469,😎
1472,2026-01-03 09:02:00,acc4,Who's your favorite character from My Hero Academia? 😎,1460,😮
1473,2026-01-03 09:04:00,acc1,No spoilers please! 😀,,👍
1474,2026-01-03 09:06:00,acc2,Anyone watching Jujutsu Kaisen lately? 😎,1461,🔥
1475,2026-01-03 09:08:00,acc3,Opening theme has been stuck in my head. 💯,1464,❤️
1476,2026-01-03 09:10:00,acc4,Opening theme has been stuck in my head. 😭,,👍
1477,2026-01-03 09:12:00,acc1,Who's your favorite character from One Piece? 🙌,,👍
1478,2026-01-03 09:14:00,acc2,Who's your favorite character from Attack on Titan? 💯,1472,
1479,2026-01-03 09:16:00,acc3,Who's your favorite character from Fullmetal Alchemist? 🤔,,💯
1480,2026-01-03 09:18:00,acc4,That animation quality was insane! 🙌,,😭
1481,2026-01-03 09:20:00,acc1,Random anime fact: One Piece is among the best-selling manga series. ⚡,1467,🔥
1482,2026-01-03 09:22:00,acc2,Who's your favorite character from Death Note? 💯,,😂
1483,2026-01-03 09:24:00,acc3,My favorite moment in Demon Slayer still gives me chills ❤️,,💯
1484,2026-01-03 09:26:00,acc4,No spoilers please! 😂,,👍
1485,2026-01-03 09:28:00,acc1,My favorite moment in Attack on Titan still gives me chills 😀,1481,👍
1486,2026-01-03 09:30:00,acc2,Random anime fact: Voice actors in Japan are called seiyuu. 😎,1479,👍
1487,2026-01-03 09:32:00,acc3,I think today's episode was incredible! 🙌,1472,🔥
1488,2026-01-03 09:34:00,acc4,I'm rewatching Jujutsu Kaisen this weekend. 📚,1476,👏
1489,2026-01-03 09:36:00,acc1,No spoilers please! 😀,1483,😎
1490,2026-01-03 09:38:00,acc2,No spoilers please! 😂,,😎
1491,2026-01-03 09:40:00,acc3,"Quote of the day: ""People's dreams never end."" 📚",,💯
1492,2026-01-03 09:42:00,acc4,Who's your favorite character from Haikyuu!!? 💯,,💯
1493,2026-01-03 09:44:00,acc1,"Quote of the day: ""A lesson without pain is meaningless."" 😂",,😮
1494,2026-01-03 09:46:00,acc2,My favorite moment in Dragon Ball still gives me chills 🤔,,❤️
1495,2026-01-03 09:48:00,acc3,That animation quality was insane! 🔥,1488,😂
1496,2026-01-03 09:50:00,acc4,Who's your favorite character from Vinland Saga? 👀,,❤️
1497,2026-01-03 09:52:00,acc1,Who's your favorite character from Steins;Gate? 📚,1492,❤️
1498,2026-01-03 09:54:00,acc2,Random anime fact: Voice actors in Japan are called seiyuu. 🤔,,😭
1499,2026-01-03 09:56:00,acc3,Who's your favorite character from Bleach? 😭,,👏
1500,2026-01-03 09:58:00,acc4,I think today's episode was incredible! 🤔,1491,💯
1501,2026-01-03 10:00:00,acc1,That animation quality was insane! 😭,1493,😎
1502,2026-01-03 10:02:00,acc2,"Quote of the day: ""Keep moving forward."" 🍜",,
1503,2026-01-03 10:04:00,acc3,"Quote of the day: ""Keep moving forward."" 🎉",1490,👏
1504,2026-01-03 10:06:00,acc4,No spoilers please! 🤔,1490,❤️
1505,2026-01-03 10:08:00,acc1,Random anime fact: Studio Ghibli films are famous for hand-drawn animation. 🍜,,😂
1506,2026-01-03 10:10:00,acc2,"Quote of the day: ""A lesson without pain is meaningless."" 🍜",,😂
1507,2026-01-03 10:12:00,acc3,Anyone watching Attack on Titan lately? 😭,1497,👏
1508,2026-01-03 10:14:00,acc4,Opening theme has been stuck in my head. 💯,,
1509,2026-01-03 10:16:00,acc1,Random anime fact: Did you know? Anime is often adapted from manga or light novels. 🤔,,❤️
1510,2026-01-03 10:18:00,acc2,Random anime fact: Attack on Titan changed many viewers' expectations of anime. 🔥,1496,😎
1511,2026-01-03 10:20:00,acc3,I think today's episode was incredible! 🙌,,👍
1512,2026-01-03 10:22:00,acc4,Anyone watching Frieren lately? 😀,1498,😎
1513,2026-01-03 10:24:00,acc1,That animation quality was insane! 🍜,1511,😭
1514,2026-01-03 10:26:00,acc2,"Quote of the day: ""Keep moving forward."" 😎",,😂
1515,2026-01-03 10:28:00,acc3,Random anime fact: Did you know? Anime is often adapted from manga or light novels. 😭,1505,
1516,2026-01-03 10:30:00,acc4,No spoilers please! 🔥,1501,😭
1517,2026-01-03 10:32:00,acc1,That animation quality was insane! 🍜,,👏
1518,2026-01-03 10:34:00,acc2,My favorite moment in Vinland Saga still gives me chills 😂,,
1519,2026-01-03 10:36:00,acc3,Random anime fact: Did you know? Anime is often adapted from manga or light novels. 😎,1504,🔥
1520,2026-01-03 10:38:00,acc4,"Quote of the day: ""A lesson without pain is meaningless."" ✨",1504,🔥
1521,2026-01-03 10:40:00,acc1,Anyone watching Steins;Gate lately? 👀,1517,😭
1522,2026-01-03 10:42:00,acc2,Who's your favorite character from Naruto? 😂,,👏
1523,2026-01-03 10:44:00,acc3,I think today's episode was incredible! ❤️,1518,👏
1524,2026-01-03 10:46:00,acc4,That animation quality was insane! 🤔,1516,❤️
1525,2026-01-03 10:48:00,acc1,That animation quality was insane! 🎉,1522,👍
1526,2026-01-03 10:50:00,acc2,I'm rewatching Frieren this weekend. 💯,,❤️
1527,2026-01-03 10:52:00,acc3,Random anime fact: Voice actors in Japan are called seiyuu. 🎉,1519,😎
1528,2026-01-03 10:54:00,acc4,Who's your favorite character from Solo Leveling? 🤔,,💯
1529,2026-01-03 10:56:00,acc1,"Quote of the day: ""The world isn't perfect, but it's beautiful."" ❤️",1522,❤️
1530,2026-01-03 10:58:00,acc2,Anyone watching Jujutsu Kaisen lately? 😂,,😮
1531,2026-01-03 11:00:00,acc3,I think today's episode was incredible! ⚡,,😮
1532,2026-01-03 11:02:00,acc4,I think today's episode was incredible! 👀,,❤️
1533,2026-01-03 11:04:00,acc1,I'm rewatching Demon Slayer this weekend. 😎,1529,😭
1534,2026-01-03 11:06:00,acc2,Anyone watching Jujutsu Kaisen lately? ⚡,,😮
1535,2026-01-03 11:08:00,acc3,Random anime fact: One Piece is among the best-selling manga series. 📚,,😎
1536,2026-01-03 11:10:00,acc4,That animation quality was insane! 💯,1524,👍
1537,2026-01-03 11:12:00,acc1,No spoilers please! 🙌,,❤️
1538,2026-01-03 11:14:00,acc2,That animation quality was insane! 👀,1525,💯
1539,2026-01-03 11:16:00,acc3,I'm rewatching My Hero Academia this weekend. 🤔,1531,😭
1540,2026-01-03 11:18:00,acc4,My favorite moment in Attack on Titan still gives me chills 🙌,1538,💯
1541,2026-01-03 11:20:00,acc1,My favorite moment in Vinland Saga still gives me chills 🤔,,
1542,2026-01-03 11:22:00,acc2,Who's your favorite character from Death Note? 😂,1534,😂
1543,2026-01-03 11:24:00,acc3,Opening theme has been stuck in my head. 🤔,,
1544,2026-01-03 11:26:00,acc4,That animation quality was insane! 🎉,1531,👍
1545,2026-01-03 11:28:00,acc1,Who's your favorite character from Fullmetal Alchemist? 😎,1530,😂
1546,2026-01-03 11:30:00,acc2,Who's your favorite character from Bleach? 😂,1537,💯
1547,2026-01-03 11:32:00,acc3,Anyone watching Fullmetal Alchemist lately? 🔥,,💯
1548,2026-01-03 11:34:00,acc4,I think today's episode was incredible! ❤️,1539,😭
1549,2026-01-03 11:36:00,acc1,Opening theme has been stuck in my head. 🤔,,👍
1550,2026-01-03 11:38:00,acc2,Random anime fact: Did you know? Anime is often adapted from manga or light novels. 👀,,👏
1551,2026-01-03 11:40:00,acc3,Random anime fact: Voice actors in Japan are called seiyuu. 📚,1540,❤️
1552,2026-01-03 11:42:00,acc4,Anyone watching Vinland Saga lately? 🙌,1549,😂
1553,2026-01-03 11:44:00,acc1,Anyone watching My Hero Academia lately? 😂,,🔥
1554,2026-01-03 11:46:00,acc2,Random anime fact: Many anime openings become chart-topping songs. 🎉,1541,👏
1555,2026-01-03 11:48:00,acc3,I think today's episode was incredible! 😀,1539,😮
1556,2026-01-03 11:50:00,acc4,I'm rewatching Frieren this weekend. 🙌,1547,💯
1557,2026-01-03 11:52:00,acc1,No spoilers please! 🍜,,👏
1558,2026-01-03 11:54:00,acc2,I think today's episode was incredible! 😭,,
1559,2026-01-03 11:56:00,acc3,Who's your favorite character from Demon Slayer? 😭,1554,💯
1560,2026-01-03 11:58:00,acc4,My favorite moment in Frieren still gives me chills 📚,1556,❤️
1561,2026-01-03 12:00:00,acc1,That animation quality was insane! 👀,,
1562,2026-01-03 12:02:00,acc2,Opening theme has been stuck in my head. ✨,1556,😮
1563,2026-01-03 12:04:00,acc3,I'm rewatching Vinland Saga this weekend. 🎉,1548,🔥
1564,2026-01-03 12:06:00,acc4,I'm rewatching Death Note this weekend. 🎉,,💯
1565,2026-01-03 12:08:00,acc1,Who's your favorite character from One Piece? ✨,,😮
1566,2026-01-03 12:10:00,acc2,That animation quality was insane! 😀,,👍
1567,2026-01-03 12:12:00,acc3,Opening theme has been stuck in my head. 🍜,,😂
1568,2026-01-03 12:14:00,acc4,"Quote of the day: ""Keep moving forward."" 😭",1558,👍
1569,2026-01-03 12:16:00,acc1,Random anime fact: Voice actors in Japan are called seiyuu. 🙌,,👏
1570,2026-01-03 12:18:00,acc2,Random anime fact: One Piece is among the best-selling manga series. 😂,1564,
1571,2026-01-03 12:20:00,acc3,No spoilers please! 🍜,,👏
1572,2026-01-03 12:22:00,acc4,That animation quality was insane! 😀,,
1573,2026-01-03 12:24:00,acc1,No spoilers please! 🙌,1558,
1574,2026-01-03 12:26:00,acc2,I think today's episode was incredible! ⚡,,🔥
1575,2026-01-03 12:28:00,acc3,"Quote of the day: ""Keep moving forward."" 🍜",1571,💯
1576,2026-01-03 12:30:00,acc4,My favorite moment in Steins;Gate still gives me chills 😎,1570,👍
1577,2026-01-03 12:32:00,acc1,Opening theme has been stuck in my head. 📚,,😂
1578,2026-01-03 12:34:00,acc2,My favorite moment in Frieren still gives me chills 😂,1567,🔥
1579,2026-01-03 12:36:00,acc3,Anyone watching Haikyuu!! lately? 🎉,,😭
1580,2026-01-03 12:38:00,acc4,I think today's episode was incredible! 😭,1571,😂
1581,2026-01-03 12:40:00,acc1,Random anime fact: Studio Ghibli films are famous for hand-drawn animation. 📚,1575,
1582,2026-01-03 12:42:00,acc2,I'm rewatching Naruto this weekend. 🤔,1575,😎
1583,2026-01-03 12:44:00,acc3,Who's your favorite character from One Piece? 🙌,1570,
1584,2026-01-03 12:46:00,acc4,No spoilers please! ✨,1571,👏
1585,2026-01-03 12:48:00,acc1,Random anime fact: Voice actors in Japan are called seiyuu. 🤔,,😂
1586,2026-01-03 12:50:00,acc2,My favorite moment in Steins;Gate still gives me chills ❤️,,😎
1587,2026-01-03 12:52:00,acc3,No spoilers please! 😭,1585,🔥
1588,2026-01-03 12:54:00,acc4,Who's your favorite character from Steins;Gate? 💯,1573,
1589,2026-01-03 12:56:00,acc1,I'm rewatching Frieren this weekend. 🙌,,😭
1590,2026-01-03 12:58:00,acc2,I think today's episode was incredible! 🍜,1583,💯
1591,2026-01-03 13:00:00,acc3,I think today's episode was incredible! 🤔,1588,❤️
1592,2026-01-03 13:02:00,acc4,Who's your favorite character from My Hero Academia? ✨,1580,
1593,2026-01-03 13:04:00,acc1,Random anime fact: One Piece is among the best-selling manga series. 😂,1583,😂
1594,2026-01-03 13:06:00,acc2,I think today's episode was incredible! ❤️,,👏
1595,2026-01-03 13:08:00,acc3,Anyone watching Attack on Titan lately? 🙌,1582,😭
1596,2026-01-03 13:10:00,acc4,That animation quality was insane! 😂,,🔥
1597,2026-01-03 13:12:00,acc1,Opening theme has been stuck in my head. 😎,1593,❤️
1598,2026-01-03 13:14:00,acc2,I think today's episode was incredible! 🤔,,👍
1599,2026-01-03 13:16:00,acc3,That animation quality was insane! 😎,,😭
1600,2026-01-03 13:18:00,acc4,That animation quality was insane! 👀,,👍
1601,2026-01-03 13:20:00,acc1,I'm rewatching Frieren this weekend. 😀,,💯
1602,2026-01-03 13:22:00,acc2,I think today's episode was incredible! 😀,1587,😭
1603,2026-01-03 13:24:00,acc3,I think today's episode was incredible! 😎,1593,❤️
1604,2026-01-03 13:26:00,acc4,That animation quality was insane! 😀,,😭
1605,2026-01-03 13:28:00,acc1,I think today's episode was incredible! 🍜,1590,👍
1606,2026-01-03 13:30:00,acc2,My favorite moment in Hunter x Hunter still gives me chills 🔥,1603,💯
1607,2026-01-03 13:32:00,acc3,I think today's episode was incredible! ❤️,1599,👍
1608,2026-01-03 13:34:00,acc4,Anyone watching Naruto lately? 😂,1593,😮
1609,2026-01-03 13:36:00,acc1,That animation quality was insane! 🎉,,😂
1610,2026-01-03 13:38:00,acc2,Random anime fact: Attack on Titan changed many viewers' expectations of anime. 😂,,😂
1611,2026-01-03 13:40:00,acc3,My favorite moment in Vinland Saga still gives me chills 💯,1598,
1612,2026-01-03 13:42:00,acc4,I think today's episode was incredible! 😎,1603,🔥
1613,2026-01-03 13:44:00,acc1,My favorite moment in Bleach still gives me chills 🙌,,🔥
1614,2026-01-03 13:46:00,acc2,I'm rewatching Fullmetal Alchemist this weekend. 😂,,👍
1615,2026-01-03 13:48:00,acc3,I'm rewatching Fullmetal Alchemist this weekend. ❤️,,🔥
1616,2026-01-03 13:50:00,acc4,Random anime fact: Studio Ghibli films are famous for hand-drawn animation. 💯,1601,😂
1617,2026-01-03 13:52:00,acc1,Opening theme has been stuck in my head. ⚡,1613,💯
1618,2026-01-03 13:54:00,acc2,Random anime fact: Did you know? Anime is often adapted from manga or light novels. 😭,1615,
1619,2026-01-03 13:56:00,acc3,My favorite moment in Attack on Titan still gives me chills 📚,1606,👍
1620,2026-01-03 13:58:00,acc4,I'm rewatching My Hero Academia this weekend. 😀,1611,👏
1621,2026-01-03 14:00:00,acc1,I think today's episode was incredible! 😂,,😂
1622,2026-01-03 14:02:00,acc2,I think today's episode was incredible! ✨,,😮
1623,2026-01-03 14:04:00,acc3,That animation quality was insane! 💯,1613,🔥
1624,2026-01-03 14:06:00,acc4,Opening theme has been stuck in my head. 🔥,,
1625,2026-01-03 14:08:00,acc1,Anyone watching Death Note lately? 😂,1610,🔥
1626,2026-01-03 14:10:00,acc2,Who's your favorite character from Attack on Titan? 👀,,😎
1627,2026-01-03 14:12:00,acc3,Opening theme has been stuck in my head. 📚,1617,💯
1628,2026-01-03 14:14:00,acc4,Who's your favorite character from Haikyuu!!? 🙌,1614,🔥
1629,2026-01-03 14:16:00,acc1,Opening theme has been stuck in my head. 🙌,,👍
1630,2026-01-03 14:18:00,acc2,Opening theme has been stuck in my head. 📚,1618,🔥
1631,2026-01-03 14:20:00,acc3,Random anime fact: Studio Ghibli films are famous for hand-drawn animation. 🔥,,😭
1632,2026-01-03 14:22:00,acc4,I think today's episode was incredible! 😭,,😮
1633,2026-01-03 14:24:00,acc1,I think today's episode was incredible! 👀,1626,👍
1634,2026-01-03 14:26:00,acc2,Anyone watching Death Note lately? 😂,1627,😮
1635,2026-01-03 14:28:00,acc3,Random anime fact: Attack on Titan changed many viewers' expectations of anime. 🔥,1620,😮
1636,2026-01-03 14:30:00,acc4,I think today's episode was incredible! 🙌,1624,😭
1637,2026-01-03 14:32:00,acc1,I think today's episode was incredible! 😀,,👏
1638,2026-01-03 14:34:00,acc2,No spoilers please! 💯,1622,😂
1639,2026-01-03 14:36:00,acc3,I'm rewatching Vinland Saga this weekend. 🤔,,
1640,2026-01-03 14:38:00,acc4,My favorite moment in Vinland Saga still gives me chills 🙌,,💯
1641,2026-01-03 14:40:00,acc1,I'm rewatching Attack on Titan this weekend. 📚,1639,😎
1642,2026-01-03 14:42:00,acc2,I think today's episode was incredible! 📚,,💯
1643,2026-01-03 14:44:00,acc3,Opening theme has been stuck in my head. 😀,1632,
1644,2026-01-03 14:46:00,acc4,I think today's episode was incredible! 👀,,👍
1645,2026-01-03 14:48:00,acc1,Random anime fact: Many anime openings become chart-topping songs. ⚡,1633,
1646,2026-01-03 14:50:00,acc2,My favorite moment in Demon Slayer still gives me chills 😎,1630,😭
1647,2026-01-03 14:52:00,acc3,Opening theme has been stuck in my head. 🍜,,😭
1648,2026-01-03 14:54:00,acc4,Anyone watching Frieren lately? 🤔,,😂
1649,2026-01-03 14:56:00,acc1,No spoilers please! 💯,,❤️
1650,2026-01-03 14:58:00,acc2,Opening theme has been stuck in my head. 😭,1638,🔥
1651,2026-01-03 15:00:00,acc3,That animation quality was insane! ❤️,,❤️
1652,2026-01-03 15:02:00,acc4,Random anime fact: Studio Ghibli films are famous for hand-drawn animation. 😎,1646,👏
1653,2026-01-03 15:04:00,acc1,Random anime fact: Many anime openings become chart-topping songs. 😎,,🔥
1654,2026-01-03 15:06:00,acc2,Opening theme has been stuck in my head. 😎,1645,😎
1655,2026-01-03 15:08:00,acc3,Random anime fact: One Piece is among the best-selling manga series. 😂,1650,👏
1656,2026-01-03 15:10:00,acc4,I'm rewatching Dragon Ball this weekend. 😭,,💯
1657,2026-01-03 15:12:00,acc1,That animation quality was insane! 😀,,😂
1658,2026-01-03 15:14:00,acc2,I think today's episode was incredible! ✨,,😎
1659,2026-01-03 15:16:00,acc3,That animation quality was insane! 🔥,1650,😎
1660,2026-01-03 15:18:00,acc4,Who's your favorite character from My Hero Academia? 😀,1654,❤️
1661,2026-01-03 15:20:00,acc1,Who's your favorite character from Solo Leveling? 🍜,1656,👏
1662,2026-01-03 15:22:00,acc2,No spoilers please! 💯,1646,🔥
1663,2026-01-03 15:24:00,acc3,"Quote of the day: ""The world isn't perfect, but it's beautiful."" 🔥",1657,😂
1664,2026-01-03 15:26:00,acc4,Anyone watching Frieren lately? 🙌,1657,🔥
1665,2026-01-03 15:28:00,acc1,Opening theme has been stuck in my head. 🔥,1657,❤️
1666,2026-01-03 15:30:00,acc2,Anyone watching Hunter x Hunter lately? ⚡,1657,💯
1667,2026-01-03 15:32:00,acc3,I'm rewatching Naruto this weekend. 😭,1664,🔥
1668,2026-01-03 15:34:00,acc4,Opening theme has been stuck in my head. 🍜,,😂
1669,2026-01-03 15:36:00,acc1,"Quote of the day: ""A lesson without pain is meaningless."" 🍜",,😎
1670,2026-01-03 15:38:00,acc2,Who's your favorite character from Fullmetal Alchemist? 😎,1663,😭
1671,2026-01-03 15:40:00,acc3,That animation quality was insane! 😭,1656,😭
1672,2026-01-03 15:42:00,acc4,Who's your favorite character from Vinland Saga? 😀,1665,💯
1673,2026-01-03 15:44:00,acc1,Opening theme has been stuck in my head. 😀,,👏
1674,2026-01-03 15:46:00,acc2,Anyone watching Jujutsu Kaisen lately? 😎,1663,😎
1675,2026-01-03 15:48:00,acc3,No spoilers please! 😭,,😂
1676,2026-01-03 15:50:00,acc4,I'm rewatching Dragon Ball this weekend. 🤔,1672,😂
1677,2026-01-03 15:52:00,acc1,That animation quality was insane! 📚,,😭
1678,2026-01-03 15:54:00,acc2,Random anime fact: One Piece is among the best-selling manga series. 💯,1676,😎
1679,2026-01-03 15:56:00,acc3,Opening theme has been stuck in my head. 👀,,
1680,2026-01-03 15:58:00,acc4,Random anime fact: Did you know? Anime is often adapted from manga or light novels. 😀,,❤️
1681,2026-01-03 16:00:00,acc1,"Quote of the day: ""The world isn't perfect, but it's beautiful."" 🤔",1677,🔥
1682,2026-01-03 16:02:00,acc2,That animation quality was insane! 🎉,1666,
1683,2026-01-03 16:04:00,acc3,My favorite moment in Steins;Gate still gives me chills 🍜,,👏
1684,2026-01-03 16:06:00,acc4,I'm rewatching One Piece this weekend. 😂,,
1685,2026-01-03 16:08:00,acc1,I'm rewatching Fullmetal Alchemist this weekend. ⚡,1672,🔥
1686,2026-01-03 16:10:00,acc2,"Quote of the day: ""Keep moving forward."" 🎉",,👍
1687,2026-01-03 16:12:00,acc3,Random anime fact: Voice actors in Japan are called seiyuu. 🎉,1676,💯
1688,2026-01-03 16:14:00,acc4,No spoilers please! 💯,1685,🔥
1689,2026-01-03 16:16:00,acc1,Opening theme has been stuck in my head. 🤔,1686,😂
1690,2026-01-03 16:18:00,acc2,That animation quality was insane! 💯,1683,❤️
1691,2026-01-03 16:20:00,acc3,My favorite moment in Jujutsu Kaisen still gives me chills 😂,1675,
1692,2026-01-03 16:22:00,acc4,Who's your favorite character from Solo Leveling? 🍜,1680,💯
1693,2026-01-03 16:24:00,acc1,My favorite moment in Dragon Ball still gives me chills 😎,1680,😎
1694,2026-01-03 16:26:00,acc2,No spoilers please! 😀,1679,
1695,2026-01-03 16:28:00,acc3,I think today's episode was incredible! 😀,,🔥
1696,2026-01-03 16:30:00,acc4,No spoilers please! ❤️,1685,👍
1697,2026-01-03 16:32:00,acc1,Opening theme has been stuck in my head. 🎉,1692,👍
1698,2026-01-03 16:34:00,acc2,Opening theme has been stuck in my head. 👀,1696,😎
1699,2026-01-03 16:36:00,acc3,Anyone watching Death Note lately? 🙌,,😭
1700,2026-01-03 16:38:00,acc4,I'm rewatching Hunter x Hunter this weekend. 😭,,🔥
1701,2026-01-03 16:40:00,acc1,"Quote of the day: ""People's dreams never end."" 🎉",1698,💯
1702,2026-01-03 16:42:00,acc2,That animation quality was insane! 😀,1697,😂
1703,2026-01-03 16:44:00,acc3,Random anime fact: Many anime openings become chart-topping songs. ✨,,❤️
1704,2026-01-03 16:46:00,acc4,That animation quality was insane! 🤔,1691,🔥
1705,2026-01-03 16:48:00,acc1,That animation quality was insane! ❤️,1703,😎
1706,2026-01-03 16:50:00,acc2,Anyone watching Naruto lately? 🍜,,😂
1707,2026-01-03 16:52:00,acc3,I think today's episode was incredible! 😀,,🔥
1708,2026-01-03 16:54:00,acc4,I'm rewatching Frieren this weekend. 😭,1702,❤️
1709,2026-01-03 16:56:00,acc1,I'm rewatching Bleach this weekend. ❤️,1706,👏
1710,2026-01-03 16:58:00,acc2,No spoilers please! 🤔,,🔥
1711,2026-01-03 17:00:00,acc3,My favorite moment in Steins;Gate still gives me chills ✨,,💯
1712,2026-01-03 17:02:00,acc4,Random anime fact: Studio Ghibli films are famous for hand-drawn animation. ❤️,1704,🔥
1713,2026-01-03 17:04:00,acc1,My favorite moment in Frieren still gives me chills ❤️,,😂
1714,2026-01-03 17:06:00,acc2,I'm rewatching Naruto this weekend. 💯,1698,😭
1715,2026-01-03 17:08:00,acc3,That animation quality was insane! 👀,,❤️
1716,2026-01-03 17:10:00,acc4,I'm rewatching Naruto this weekend. 😭,,💯
1717,2026-01-03 17:12:00,acc1,"Quote of the day: ""People's dreams never end."" ❤️",,💯
1718,2026-01-03 17:14:00,acc2,No spoilers please! 😀,1716,👍
1719,2026-01-03 17:16:00,acc3,Anyone watching Solo Leveling lately? ❤️,,
1720,2026-01-03 17:18:00,acc4,My favorite moment in Vinland Saga still gives me chills 🎉,1715,😮
1721,2026-01-03 17:20:00,acc1,Opening theme has been stuck in my head. 🙌,1709,😂
1722,2026-01-03 17:22:00,acc2,Anyone watching Haikyuu!! lately? 🔥,,😮
1723,2026-01-03 17:24:00,acc3,I think today's episode was incredible! 😎,1707,
1724,2026-01-03 17:26:00,acc4,Who's your favorite character from Steins;Gate? 💯,1720,
1725,2026-01-03 17:28:00,acc1,I think today's episode was incredible! 👀,1722,😂
1726,2026-01-03 17:30:00,acc2,Anyone watching My Hero Academia lately? ⚡,1715,😭
1727,2026-01-03 17:32:00,acc3,My favorite moment in Fullmetal Alchemist still gives me chills 👀,,
1728,2026-01-03 17:34:00,acc4,Who's your favorite character from Solo Leveling? 🔥,1716,😮
1729,2026-01-03 17:36:00,acc1,Random anime fact: Voice actors in Japan are called seiyuu. 💯,,
1730,2026-01-03 17:38:00,acc2,Anyone watching Naruto lately? 💯,,😎
1731,2026-01-03 17:40:00,acc3,No spoilers please! 😀,1715,😮
1732,2026-01-03 17:42:00,acc4,Anyone watching Steins;Gate lately? ✨,1721,❤️
1733,2026-01-03 17:44:00,acc1,No spoilers please! 😂,,🔥
1734,2026-01-03 17:46:00,acc2,That animation quality was insane! 🍜,,💯
1735,2026-01-03 17:48:00,acc3,Opening theme has been stuck in my head. 🤔,1724,💯
1736,2026-01-03 17:50:00,acc4,Anyone watching Dragon Ball lately? 👀,,👍
1737,2026-01-03 17:52:00,acc1,My favorite moment in Frieren still gives me chills 😀,1733,👏
1738,2026-01-03 17:54:00,acc2,Opening theme has been stuck in my head. 🍜,,😂
1739,2026-01-03 17:56:00,acc3,"Quote of the day: ""People's dreams never end."" 😂",1732,😎
1740,2026-01-03 17:58:00,acc4,No spoilers please! 🍜,1733,😭
1741,2026-01-03 18:00:00,acc1,Opening theme has been stuck in my head. ❤️,,🔥
1742,2026-01-03 18:02:00,acc2,I'm rewatching Solo Leveling this weekend. ❤️,,❤️
1743,2026-01-03 18:04:00,acc3,My favorite moment in Hunter x Hunter still gives me chills 🤔,,😎
1744,2026-01-03 18:06:00,acc4,"Quote of the day: ""The world isn't perfect, but it's beautiful."" 👀",,💯
1745,2026-01-03 18:08:00,acc1,No spoilers please! 📚,,💯
1746,2026-01-03 18:10:00,acc2,Who's your favorite character from Jujutsu Kaisen? 🎉,,❤️
1747,2026-01-03 18:12:00,acc3,Random anime fact: One Piece is among the best-selling manga series. ✨,1741,🔥
1748,2026-01-03 18:14:00,acc4,My favorite moment in Demon Slayer still gives me chills 🔥,,😎
1749,2026-01-03 18:16:00,acc1,Anyone watching Death Note lately? 🔥,1733,😂
1750,2026-01-03 18:18:00,acc2,No spoilers please! 🍜,1748,💯
1751,2026-01-03 18:20:00,acc3,No spoilers please! 🙌,,😮
1752,2026-01-03 18:22:00,acc4,Opening theme has been stuck in my head. 👀,1747,👍
1753,2026-01-03 18:24:00,acc1,That animation quality was insane! ⚡,1748,💯
1754,2026-01-03 18:26:00,acc2,Random anime fact: One Piece is among the best-selling manga series. 🙌,1747,😎
1755,2026-01-03 18:28:00,acc3,Opening theme has been stuck in my head. 👀,,😭
1756,2026-01-03 18:30:00,acc4,No spoilers please! 🔥,1744,❤️
1757,2026-01-03 18:32:00,acc1,Anyone watching Hunter x Hunter lately? 🤔,1755,😎
1758,2026-01-03 18:34:00,acc2,I think today's episode was incredible! 😭,1744,👍
1759,2026-01-03 18:36:00,acc3,Opening theme has been stuck in my head. 😎,1748,❤️
1760,2026-01-03 18:38:00,acc4,Who's your favorite character from Dragon Ball? 😂,,😭
1761,2026-01-03 18:40:00,acc1,Who's your favorite character from Hunter x Hunter? 📚,1757,❤️
1762,2026-01-03 18:42:00,acc2,My favorite moment in Hunter x Hunter still gives me chills 🔥,,😎
1763,2026-01-03 18:44:00,acc3,Anyone watching Demon Slayer lately? 📚,1755,😎
1764,2026-01-03 18:46:00,acc4,Anyone watching Fullmetal Alchemist lately? 🍜,,😮
1765,2026-01-03 18:48:00,acc1,Random anime fact: Many anime openings become chart-topping songs. ✨,1753,❤️
1766,2026-01-03 18:50:00,acc2,Who's your favorite character from Attack on Titan? ⚡,,😂
1767,2026-01-03 18:52:00,acc3,My favorite moment in Steins;Gate still gives me chills 🤔,1754,❤️
1768,2026-01-03 18:54:00,acc4,Who's your favorite character from Solo Leveling? 🤔,1763,😎
1769,2026-01-03 18:56:00,acc1,Anyone watching Bleach lately? 📚,,😎
1770,2026-01-03 18:58:00,acc2,Anyone watching Solo Leveling lately? 💯,1764,👍
1771,2026-01-03 19:00:00,acc3,"Quote of the day: ""Keep moving forward."" 😭",1759,😭
1772,2026-01-03 19:02:00,acc4,I'm rewatching Jujutsu Kaisen this weekend. 🙌,,🔥
1773,2026-01-03 19:04:00,acc1,That animation quality was insane! 😀,,😎
1774,2026-01-03 19:06:00,acc2,That animation quality was insane! 😀,1767,💯
1775,2026-01-03 19:08:00,acc3,No spoilers please! ⚡,1761,😮
1776,2026-01-03 19:10:00,acc4,That animation quality was insane! ⚡,1768,😭
1777,2026-01-03 19:12:00,acc1,Who's your favorite character from Frieren? 😂,,😭
1778,2026-01-03 19:14:00,acc2,Random anime fact: Voice actors in Japan are called seiyuu. 😂,1767,❤️
1779,2026-01-03 19:16:00,acc3,Random anime fact: Many anime openings become chart-topping songs. 🙌,1770,😭
1780,2026-01-03 19:18:00,acc4,Who's your favorite character from Vinland Saga? 😀,,🔥
1781,2026-01-03 19:20:00,acc1,I think today's episode was incredible! 🎉,,👏
1782,2026-01-03 19:22:00,acc2,That animation quality was insane! 😭,,👍
1783,2026-01-03 19:24:00,acc3,Anyone watching Steins;Gate lately? 🤔,,💯
1784,2026-01-03 19:26:00,acc4,"Quote of the day: ""A lesson without pain is meaningless."" ✨",1769,
1785,2026-01-03 19:28:00,acc1,Anyone watching Solo Leveling lately? ✨,1769,💯
1786,2026-01-03 19:30:00,acc2,I think today's episode was incredible! 📚,1778,❤️
1787,2026-01-03 19:32:00,acc3,No spoilers please! 🤔,,😂
1788,2026-01-03 19:34:00,acc4,Random anime fact: Many anime openings become chart-topping songs. 😎,1777,💯
1789,2026-01-03 19:36:00,acc1,Anyone watching Fullmetal Alchemist lately? 😀,1785,😎
1790,2026-01-03 19:38:00,acc2,I'm rewatching Attack on Titan this weekend. 🎉,,😮
1791,2026-01-03 19:40:00,acc3,"Quote of the day: ""A lesson without pain is meaningless."" 💯",,❤️
1792,2026-01-03 19:42:00,acc4,Who's your favorite character from Haikyuu!!? 🔥,1777,❤️
1793,2026-01-03 19:44:00,acc1,No spoilers please! 🙌,1779,❤️
1794,2026-01-03 19:46:00,acc2,Who's your favorite character from Haikyuu!!? 🍜,1784,😎
1795,2026-01-03 19:48:00,acc3,"Quote of the day: ""Power comes in response to a need."" ⚡",,
1796,2026-01-03 19:50:00,acc4,My favorite moment in Death Note still gives me chills 😭,,💯
1797,2026-01-03 19:52:00,acc1,No spoilers please! 📚,1787,👍
1798,2026-01-03 19:54:00,acc2,No spoilers please! 🤔,1789,🔥
1799,2026-01-03 19:56:00,acc3,I think today's episode was incredible! ⚡,1784,😮
1800,2026-01-03 19:58:00,acc4,No spoilers please! 😂,,😭
1801,2026-01-03 20:00:00,acc1,Opening theme has been stuck in my head. 😭,1793,
1802,2026-01-03 20:02:00,acc2,That animation quality was insane! 😎,,👏
1803,2026-01-03 20:04:00,acc3,Opening theme has been stuck in my head. 🙌,1800,👍
1804,2026-01-03 20:06:00,acc4,No spoilers please! 🎉,1796,😭
1805,2026-01-03 20:08:00,acc1,I'm rewatching Solo Leveling this weekend. 🤔,1797,😎
1806,2026-01-03 20:10:00,acc2,My favorite moment in Bleach still gives me chills 🙌,,👍
1807,2026-01-03 20:12:00,acc3,"Quote of the day: ""People's dreams never end."" 🔥",,❤️
1808,2026-01-03 20:14:00,acc4,No spoilers please! 🔥,1803,😎
1809,2026-01-03 20:16:00,acc1,My favorite moment in Vinland Saga still gives me chills 😎,,😮
1810,2026-01-03 20:18:00,acc2,I think today's episode was incredible! 👀,1796,😂
1811,2026-01-03 20:20:00,acc3,Opening theme has been stuck in my head. 🎉,1800,😎
1812,2026-01-03 20:22:00,acc4,I think today's episode was incredible! ❤️,1807,😂
1813,2026-01-03 20:24:00,acc1,I think today's episode was incredible! 😀,,😂
1814,2026-01-03 20:26:00,acc2,"Quote of the day: ""People's dreams never end."" 😎",,❤️
1815,2026-01-03 20:28:00,acc3,Opening theme has been stuck in my head. 😀,1801,❤️
1816,2026-01-03 20:30:00,acc4,"Quote of the day: ""Keep moving forward."" 📚",,👍
1817,2026-01-03 20:32:00,acc1,That animation quality was insane! 🍜,1805,👏
1818,2026-01-03 20:34:00,acc2,"Quote of the day: ""Keep moving forward."" ✨",,😂
1819,2026-01-03 20:36:00,acc3,Random anime fact: Many anime openings become chart-topping songs. 😎,,❤️
1820,2026-01-03 20:38:00,acc4,That animation quality was insane! 💯,,
1821,2026-01-03 20:40:00,acc1,I'm rewatching Steins;Gate this weekend. 💯,,👍
1822,2026-01-03 20:42:00,acc2,Opening theme has been stuck in my head. 📚,,😂
1823,2026-01-03 20:44:00,acc3,Anyone watching Death Note lately? 😂,,😭
1824,2026-01-03 20:46:00,acc4,Who's your favorite character from Vinland Saga? 🤔,1809,🔥
1825,2026-01-03 20:48:00,acc1,I'm rewatching Haikyuu!! this weekend. 🙌,,😎
1826,2026-01-03 20:50:00,acc2,Opening theme has been stuck in my head. 📚,1812,😮
1827,2026-01-03 20:52:00,acc3,I'm rewatching Jujutsu Kaisen this weekend. ⚡,1815,❤️
1828,2026-01-03 20:54:00,acc4,Anyone watching Vinland Saga lately? 🔥,1825,😭
1829,2026-01-03 20:56:00,acc1,Opening theme has been stuck in my head. ❤️,1827,🔥
1830,2026-01-03 20:58:00,acc2,Anyone watching Haikyuu!! lately? 📚,,👏
1831,2026-01-03 21:00:00,acc3,I think today's episode was incredible! 😎,,👏
1832,2026-01-03 21:02:00,acc4,Who's your favorite character from Steins;Gate? 👀,,😮
1833,2026-01-03 21:04:00,acc1,Who's your favorite character from Death Note? 🙌,,👍
1834,2026-01-03 21:06:00,acc2,I'm rewatching One Piece this weekend. 👀,1825,😎
1835,2026-01-03 21:08:00,acc3,Opening theme has been stuck in my head. 😀,1821,😂
1836,2026-01-03 21:10:00,acc4,My favorite moment in Jujutsu Kaisen still gives me chills 🍜,,👍
1837,2026-01-03 21:12:00,acc1,"Quote of the day: ""Keep moving forward."" 😎",1832,👍
1838,2026-01-03 21:14:00,acc2,Random anime fact: Many anime openings become chart-topping songs. 📚,1831,👏
1839,2026-01-03 21:16:00,acc3,Anyone watching One Piece lately? 😭,,😎
1840,2026-01-03 21:18:00,acc4,Random anime fact: Many anime openings become chart-topping songs. 😂,,😮
1841,2026-01-03 21:20:00,acc1,Random anime fact: Many anime openings become chart-topping songs. 😭,1838,👍
1842,2026-01-03 21:22:00,acc2,My favorite moment in Frieren still gives me chills 🤔,,
1843,2026-01-03 21:24:00,acc3,My favorite moment in Bleach still gives me chills 😂,1829,❤️
1844,2026-01-03 21:26:00,acc4,Anyone watching Demon Slayer lately? 💯,1840,👍
1845,2026-01-03 21:28:00,acc1,My favorite moment in Fullmetal Alchemist still gives me chills ⚡,1832,😮
1846,2026-01-03 21:30:00,acc2,Anyone watching Fullmetal Alchemist lately? 😎,,😮
1847,2026-01-03 21:32:00,acc3,I think today's episode was incredible! 👀,,🔥
1848,2026-01-03 21:34:00,acc4,Who's your favorite character from Steins;Gate? 😎,1836,❤️
1849,2026-01-03 21:36:00,acc1,I think today's episode was incredible! 🤔,1841,😭
1850,2026-01-03 21:38:00,acc2,Random anime fact: Did you know? Anime is often adapted from manga or light novels. 😭,1837,💯
1851,2026-01-03 21:40:00,acc3,I think today's episode was incredible! ❤️,1843,😎
1852,2026-01-03 21:42:00,acc4,"Quote of the day: ""Keep moving forward."" 🎉",,😭
1853,2026-01-03 21:44:00,acc1,Random anime fact: Did you know? Anime is often adapted from manga or light novels. ✨,1844,
1854,2026-01-03 21:46:00,acc2,Opening theme has been stuck in my head. 😭,1843,❤️
1855,2026-01-03 21:48:00,acc3,I'm rewatching Dragon Ball this weekend. 😭,,❤️
1856,2026-01-03 21:50:00,acc4,I'm rewatching Demon Slayer this weekend. 🔥,1852,👍
1857,2026-01-03 21:52:00,acc1,Opening theme has been stuck in my head. 👀,1852,💯
1858,2026-01-03 21:54:00,acc2,I think today's episode was incredible! 🙌,1849,💯
1859,2026-01-03 21:56:00,acc3,No spoilers please! 🎉,,💯
1860,2026-01-03 21:58:00,acc4,Anyone watching Steins;Gate lately? 👀,,😂
1861,2026-01-03 22:00:00,acc1,Opening theme has been stuck in my head. ❤️,1847,👏
1862,2026-01-03 22:02:00,acc2,Random anime fact: Did you know? Anime is often adapted from manga or light novels. 🎉,1853,💯
1863,2026-01-03 22:04:00,acc3,Random anime fact: One Piece is among the best-selling manga series. 💯,,😂
1864,2026-01-03 22:06:00,acc4,"Quote of the day: ""People's dreams never end."" 🔥",1854,❤️
1865,2026-01-03 22:08:00,acc1,I think today's episode was incredible! 🍜,,😂
1866,2026-01-03 22:10:00,acc2,That animation quality was insane! ✨,1864,😭
1867,2026-01-03 22:12:00,acc3,My favorite moment in Haikyuu!! still gives me chills 🎉,,👏
1868,2026-01-03 22:14:00,acc4,Who's your favorite character from Jujutsu Kaisen? 📚,1863,💯
1869,2026-01-03 22:16:00,acc1,I'm rewatching Haikyuu!! this weekend. 🤔,1862,👍
1870,2026-01-03 22:18:00,acc2,"Quote of the day: ""A lesson without pain is meaningless."" 🎉",,👏
1871,2026-01-03 22:20:00,acc3,That animation quality was insane! 🎉,1865,🔥
1872,2026-01-03 22:22:00,acc4,"Quote of the day: ""A lesson without pain is meaningless."" 😀",,❤️
1873,2026-01-03 22:24:00,acc1,Random anime fact: One Piece is among the best-selling manga series. 😭,,💯
1874,2026-01-03 22:26:00,acc2,Random anime fact: Did you know? Anime is often adapted from manga or light novels. 😭,,😎
1875,2026-01-03 22:28:00,acc3,My favorite moment in Attack on Titan still gives me chills 🤔,1865,👍
1876,2026-01-03 22:30:00,acc4,No spoilers please! 👀,,😭
1877,2026-01-03 22:32:00,acc1,Anyone watching One Piece lately? 😭,,😮
1878,2026-01-03 22:34:00,acc2,I think today's episode was incredible! ✨,1873,👏
1879,2026-01-03 22:36:00,acc3,No spoilers please! 😭,1876,❤️
1880,2026-01-03 22:38:00,acc4,Opening theme has been stuck in my head. 📚,,😎
1881,2026-01-03 22:40:00,acc1,Who's your favorite character from My Hero Academia? ⚡,,😭
1882,2026-01-03 22:42:00,acc2,Opening theme has been stuck in my head. 📚,1870,💯
1883,2026-01-03 22:44:00,acc3,Anyone watching Solo Leveling lately? 🎉,1869,😮
1884,2026-01-03 22:46:00,acc4,I think today's episode was incredible! ⚡,,👍
1885,2026-01-03 22:48:00,acc1,That animation quality was insane! ✨,,❤️
1886,2026-01-03 22:50:00,acc2,I'm rewatching Attack on Titan this weekend. 💯,,😮
1887,2026-01-03 22:52:00,acc3,No spoilers please! ❤️,1871,❤️
1888,2026-01-03 22:54:00,acc4,Opening theme has been stuck in my head. 🔥,1882,❤️
1889,2026-01-03 22:56:00,acc1,Who's your favorite character from Haikyuu!!? 🤔,,👍
1890,2026-01-03 22:58:00,acc2,My favorite moment in Demon Slayer still gives me chills 🙌,1880,❤️
1891,2026-01-03 23:00:00,acc3,Opening theme has been stuck in my head. 😎,1888,🔥
1892,2026-01-03 23:02:00,acc4,"Quote of the day: ""Keep moving forward."" ⚡",1882,😮
1893,2026-01-03 23:04:00,acc1,Anyone watching Demon Slayer lately? 💯,1891,😂
1894,2026-01-03 23:06:00,acc2,"Quote of the day: ""People's dreams never end."" 😭",,💯
1895,2026-01-03 23:08:00,acc3,Opening theme has been stuck in my head. ⚡,1889,👏
1896,2026-01-03 23:10:00,acc4,I think today's episode was incredible! 😀,,
1897,2026-01-03 23:12:00,acc1,I'm rewatching Frieren this weekend. 🍜,1891,
1898,2026-01-03 23:14:00,acc2,No spoilers please! ⚡,,👏
1899,2026-01-03 23:16:00,acc3,I'm rewatching Solo Leveling this weekend. 🔥,1890,🔥
1900,2026-01-03 23:18:00,acc4,That animation quality was insane! 😎,,
1901,2026-01-03 23:20:00,acc1,I think today's episode was incredible! ✨,,😎
1902,2026-01-03 23:22:00,acc2,I think today's episode was incredible! 🎉,1893,👍
1903,2026-01-03 23:24:00,acc3,Opening theme has been stuck in my head. 🔥,,💯
1904,2026-01-03 23:26:00,acc4,I'm rewatching Vinland Saga this weekend. ✨,1894,😎
1905,2026-01-03 23:28:00,acc1,My favorite moment in Jujutsu Kaisen still gives me chills 🍜,,🔥
1906,2026-01-03 23:30:00,acc2,Random anime fact: Did you know? Anime is often adapted from manga or light novels. 😎,1902,💯
1907,2026-01-03 23:32:00,acc3,Opening theme has been stuck in my head. 😭,,👏
1908,2026-01-03 23:34:00,acc4,No spoilers please! ✨,1895,💯
1909,2026-01-03 23:36:00,acc1,I'm rewatching Death Note this weekend. 🍜,,😂
1910,2026-01-03 23:38:00,acc2,I think today's episode was incredible! ✨,1904,😂
1911,2026-01-03 23:40:00,acc3,That animation quality was insane! 💯,1901,🔥
1912,2026-01-03 23:42:00,acc4,Opening theme has been stuck in my head. 🔥,1897,
1913,2026-01-03 23:44:00,acc1,"Quote of the day: ""Power comes in response to a need."" 👀",,😭
1914,2026-01-03 23:46:00,acc2,Opening theme has been stuck in my head. 🙌,1908,💯
1915,2026-01-03 23:48:00,acc3,"Quote of the day: ""The world isn't perfect, but it's beautiful."" 🤔",,🔥
1916,2026-01-03 23:50:00,acc4,Anyone watching Solo Leveling lately? 😂,,😭
1917,2026-01-03 23:52:00,acc1,"Quote of the day: ""Keep moving forward."" ⚡",1908,😎
1918,2026-01-03 23:54:00,acc2,Random anime fact: Attack on Titan changed many viewers' expectations of anime. 🍜,,❤️
1919,2026-01-03 23:56:00,acc3,That animation quality was insane! 💯,1910,💯
1920,2026-01-03 23:58:00,acc4,No spoilers please! 📚,,
1921,2026-01-04 00:00:00,acc1,Anyone watching One Piece lately? 🍜,,💯
1922,2026-01-04 00:02:00,acc2,No spoilers please! 🙌,1913,💯
1923,2026-01-04 00:04:00,acc3,Who's your favorite character from Attack on Titan? 🍜,1916,❤️
1924,2026-01-04 00:06:00,acc4,I think today's episode was incredible! 💯,,🔥
1925,2026-01-04 00:08:00,acc1,I think today's episode was incredible! 😂,1910,😭
1926,2026-01-04 00:10:00,acc2,Who's your favorite character from Death Note? 🤔,1915,😭
1927,2026-01-04 00:12:00,acc3,Anyone watching Steins;Gate lately? 👀,1913,😎
1928,2026-01-04 00:14:00,acc4,I think today's episode was incredible! 📚,1923,😮
1929,2026-01-04 00:16:00,acc1,Who's your favorite character from Frieren? 👀,1920,😮
1930,2026-01-04 00:18:00,acc2,Opening theme has been stuck in my head. 🔥,,💯
1931,2026-01-04 00:20:00,acc3,"Quote of the day: ""A lesson without pain is meaningless."" 😀",1917,
1932,2026-01-04 00:22:00,acc4,No spoilers please! 🙌,1924,💯
1933,2026-01-04 00:24:00,acc1,Random anime fact: Attack on Titan changed many viewers' expectations of anime. 🤔,1925,👏
1934,2026-01-04 00:26:00,acc2,Random anime fact: One Piece is among the best-selling manga series. 💯,1925,😂
1935,2026-01-04 00:28:00,acc3,My favorite moment in Death Note still gives me chills 💯,,😮
1936,2026-01-04 00:30:00,acc4,Opening theme has been stuck in my head. 😎,1932,❤️
1937,2026-01-04 00:32:00,acc1,Opening theme has been stuck in my head. ⚡,1935,👍
1938,2026-01-04 00:34:00,acc2,Anyone watching Hunter x Hunter lately? 🤔,,❤️
1939,2026-01-04 00:36:00,acc3,No spoilers please! 😎,1936,😎
1940,2026-01-04 00:38:00,acc4,No spoilers please! 👀,,😮
1941,2026-01-04 00:40:00,acc1,I'm rewatching Demon Slayer this weekend. ❤️,,
1942,2026-01-04 00:42:00,acc2,"Quote of the day: ""Power comes in response to a need."" 😂",1940,❤️
1943,2026-01-04 00:44:00,acc3,"Quote of the day: ""Power comes in response to a need."" 😀",,
1944,2026-01-04 00:46:00,acc4,Anyone watching Death Note lately? ✨,,❤️
1945,2026-01-04 00:48:00,acc1,My favorite moment in Fullmetal Alchemist still gives me chills ⚡,1930,😎
1946,2026-01-04 00:50:00,acc2,Opening theme has been stuck in my head. 😎,,💯
1947,2026-01-04 00:52:00,acc3,"Quote of the day: ""The world isn't perfect, but it's beautiful."" 🎉",1941,
1948,2026-01-04 00:54:00,acc4,That animation quality was insane! 🎉,1939,😂
1949,2026-01-04 00:56:00,acc1,Who's your favorite character from Solo Leveling? ✨,1937,😮
1950,2026-01-04 00:58:00,acc2,No spoilers please! 💯,1944,😭
1951,2026-01-04 01:00:00,acc3,I think today's episode was incredible! 😀,1943,😭
1952,2026-01-04 01:02:00,acc4,That animation quality was insane! 😂,1937,😭
1953,2026-01-04 01:04:00,acc1,Random anime fact: Many anime openings become chart-topping songs. 🍜,,❤️
1954,2026-01-04 01:06:00,acc2,Who's your favorite character from Hunter x Hunter? ✨,,😎
1955,2026-01-04 01:08:00,acc3,Opening theme has been stuck in my head. 📚,,😂
1956,2026-01-04 01:10:00,acc4,That animation quality was insane! 🎉,1953,😂
1957,2026-01-04 01:12:00,acc1,Opening theme has been stuck in my head. ⚡,1953,😮
1958,2026-01-04 01:14:00,acc2,Who's your favorite character from Hunter x Hunter? 📚,,😮
1959,2026-01-04 01:16:00,acc3,I think today's episode was incredible! 🍜,,💯
1960,2026-01-04 01:18:00,acc4,That animation quality was insane! 🎉,,💯
1961,2026-01-04 01:20:00,acc1,Who's your favorite character from Dragon Ball? ⚡,,🔥
1962,2026-01-04 01:22:00,acc2,I think today's episode was incredible! 😎,,💯
1963,2026-01-04 01:24:00,acc3,"Quote of the day: ""Keep moving forward."" ✨",1956,😎
1964,2026-01-04 01:26:00,acc4,"Quote of the day: ""People's dreams never end."" 😂",,😭
1965,2026-01-04 01:28:00,acc1,I'm rewatching Death Note this weekend. 🙌,,
1966,2026-01-04 01:30:00,acc2,I think today's episode was incredible! 😀,,👏
1967,2026-01-04 01:32:00,acc3,Random anime fact: Studio Ghibli films are famous for hand-drawn animation. ⚡,1952,👏
1968,2026-01-04 01:34:00,acc4,Who's your favorite character from Vinland Saga? 👀,1960,❤️
1969,2026-01-04 01:36:00,acc1,No spoilers please! 👀,1957,😎
1970,2026-01-04 01:38:00,acc2,My favorite moment in Frieren still gives me chills 🔥,1965,👏
1971,2026-01-04 01:40:00,acc3,I think today's episode was incredible! 🔥,1962,👏
1972,2026-01-04 01:42:00,acc4,Opening theme has been stuck in my head. 😎,1956,😂
1973,2026-01-04 01:44:00,acc1,That animation quality was insane! 😭,1969,👍
1974,2026-01-04 01:46:00,acc2,Opening theme has been stuck in my head. 😀,,👍
1975,2026-01-04 01:48:00,acc3,Opening theme has been stuck in my head. 😎,,❤️
1976,2026-01-04 01:50:00,acc4,My favorite moment in Bleach still gives me chills ✨,1972,😎
1977,2026-01-04 01:52:00,acc1,"Quote of the day: ""The world isn't perfect, but it's beautiful."" 👀",1973,💯
1978,2026-01-04 01:54:00,acc2,Random anime fact: One Piece is among the best-selling manga series. 📚,1963,😂
1979,2026-01-04 01:56:00,acc3,That animation quality was insane! 🎉,1969,
1980,2026-01-04 01:58:00,acc4,That animation quality was insane! 🍜,,🔥
1981,2026-01-04 02:00:00,acc1,"Quote of the day: ""A lesson without pain is meaningless."" 😎",1977,👏
1982,2026-01-04 02:02:00,acc2,Opening theme has been stuck in my head. 🎉,1980,
1983,2026-01-04 02:04:00,acc3,Who's your favorite character from Jujutsu Kaisen? ❤️,,👍
1984,2026-01-04 02:06:00,acc4,My favorite moment in Naruto still gives me chills 🤔,,👏
1985,2026-01-04 02:08:00,acc1,Who's your favorite character from Hunter x Hunter? ❤️,,😮
1986,2026-01-04 02:10:00,acc2,Random anime fact: Voice actors in Japan are called seiyuu. 😀,1977,❤️
1987,2026-01-04 02:12:00,acc3,"Quote of the day: ""The world isn't perfect, but it's beautiful."" 🍜",,😭
1988,2026-01-04 02:14:00,acc4,That animation quality was insane! ❤️,1973,❤️
1989,2026-01-04 02:16:00,acc1,No spoilers please! 🙌,,🔥
1990,2026-01-04 02:18:00,acc2,I think today's episode was incredible! 🤔,,🔥
1991,2026-01-04 02:20:00,acc3,Who's your favorite character from Bleach? ⚡,1982,👍
1992,2026-01-04 02:22:00,acc4,My favorite moment in One Piece still gives me chills 😭,,😮
1993,2026-01-04 02:24:00,acc1,My favorite moment in Bleach still gives me chills ❤️,1989,💯
1994,2026-01-04 02:26:00,acc2,I think today's episode was incredible! 🙌,,🔥
1995,2026-01-04 02:28:00,acc3,No spoilers please! 🔥,,😭
1996,2026-01-04 02:30:00,acc4,"Quote of the day: ""Keep moving forward."" 🎉",1990,😮
1997,2026-01-04 02:32:00,acc1,Random anime fact: Attack on Titan changed many viewers' expectations of anime. 🍜,,😂
1998,2026-01-04 02:34:00,acc2,My favorite moment in Jujutsu Kaisen still gives me chills 🤔,1982,😭
1999,2026-01-04 02:36:00,acc3,I think today's episode was incredible! 💯,1987,
2000,2026-01-04 02:38:00,acc4,Anyone watching Solo Leveling lately? 🤔,1984,😂
2001,2026-01-04 02:40:00,acc1,Opening theme has been stuck in my head. 😭,1987,😂
2002,2026-01-04 02:42:00,acc2,"Quote of the day: ""Power comes in response to a need."" 📚",,❤️
2003,2026-01-04 02:44:00,acc3,No spoilers please! 😭,,
2004,2026-01-04 02:46:00,acc4,Who's your favorite character from One Piece? ⚡,,😎
2005,2026-01-04 02:48:00,acc1,I'm rewatching Dragon Ball this weekend. ⚡,2002,
2006,2026-01-04 02:50:00,acc2,Random anime fact: Voice actors in Japan are called seiyuu. ✨,1992,🔥
2007,2026-01-04 02:52:00,acc3,That animation quality was insane! 🙌,,
2008,2026-01-04 02:54:00,acc4,Random anime fact: Voice actors in Japan are called seiyuu. 😎,1996,👏
2009,2026-01-04 02:56:00,acc1,No spoilers please! ✨,2007,😮
2010,2026-01-04 02:58:00,acc2,Random anime fact: Studio Ghibli films are famous for hand-drawn animation. 🤔,2008,👍
2011,2026-01-04 03:00:00,acc3,"Quote of the day: ""People's dreams never end."" 🎉",1995,😂
2012,2026-01-04 03:02:00,acc4,I think today's episode was incredible! 😭,,😭
2013,2026-01-04 03:04:00,acc1,Opening theme has been stuck in my head. 💯,,🔥
2014,2026-01-04 03:06:00,acc2,I'm rewatching My Hero Academia this weekend. ✨,,😮
2015,2026-01-04 03:08:00,acc3,I think today's episode was incredible! 😎,2006,😎
2016,2026-01-04 03:10:00,acc4,I think today's episode was incredible! 💯,2004,❤️
2017,2026-01-04 03:12:00,acc1,Random anime fact: One Piece is among the best-selling manga series. ✨,,😭
2018,2026-01-04 03:14:00,acc2,Who's your favorite character from Attack on Titan? 🙌,,👏
2019,2026-01-04 03:16:00,acc3,My favorite moment in Frieren still gives me chills ✨,2011,😂
2020,2026-01-04 03:18:00,acc4,"Quote of the day: ""A lesson without pain is meaningless."" 🔥",2007,👏
2021,2026-01-04 03:20:00,acc1,Anyone watching Jujutsu Kaisen lately? ✨,2010,😎
2022,2026-01-04 03:22:00,acc2,I think today's episode was incredible! 🔥,,😂
2023,2026-01-04 03:24:00,acc3,Opening theme has been stuck in my head. ✨,,🔥
2024,2026-01-04 03:26:00,acc4,That animation quality was insane! 😎,2014,😭
2025,2026-01-04 03:28:00,acc1,Who's your favorite character from My Hero Academia? 🙌,,😮
2026,2026-01-04 03:30:00,acc2,My favorite moment in Frieren still gives me chills 👀,,💯
2027,2026-01-04 03:32:00,acc3,Random anime fact: Voice actors in Japan are called seiyuu. 🍜,2023,🔥
2028,2026-01-04 03:34:00,acc4,Opening theme has been stuck in my head. 😭,,👏
2029,2026-01-04 03:36:00,acc1,That animation quality was insane! 🔥,,
2030,2026-01-04 03:38:00,acc2,Who's your favorite character from Jujutsu Kaisen? 🔥,2014,❤️
2031,2026-01-04 03:40:00,acc3,Opening theme has been stuck in my head. 🎉,2025,😭
2032,2026-01-04 03:42:00,acc4,Opening theme has been stuck in my head. 🙌,2017,👏
2033,2026-01-04 03:44:00,acc1,Who's your favorite character from Steins;Gate? 🍜,,😭
2034,2026-01-04 03:46:00,acc2,I'm rewatching Vinland Saga this weekend. 📚,2021,😎
2035,2026-01-04 03:48:00,acc3,I think today's episode was incredible! 👀,,😭
2036,2026-01-04 03:50:00,acc4,My favorite moment in Vinland Saga still gives me chills 💯,2024,😮
2037,2026-01-04 03:52:00,acc1,That animation quality was insane! 🤔,2025,👏
2038,2026-01-04 03:54:00,acc2,I'm rewatching Bleach this weekend. 🙌,,😭
2039,2026-01-04 03:56:00,acc3,Who's your favorite character from Hunter x Hunter? 💯,,😭
2040,2026-01-04 03:58:00,acc4,That animation quality was insane! 🍜,,❤️
2041,2026-01-04 04:00:00,acc1,"Quote of the day: ""People's dreams never end."" 😂",,
2042,2026-01-04 04:02:00,acc2,I'm rewatching Vinland Saga this weekend. 🤔,2035,😎
2043,2026-01-04 04:04:00,acc3,Anyone watching Naruto lately? 💯,,😂
2044,2026-01-04 04:06:00,acc4,Who's your favorite character from One Piece? 😂,2040,👍
2045,2026-01-04 04:08:00,acc1,I think today's episode was incredible! 🍜,,🔥
2046,2026-01-04 04:10:00,acc2,I'm rewatching Steins;Gate this weekend. 🤔,2040,😮
2047,2026-01-04 04:12:00,acc3,No spoilers please! 🎉,2042,💯
2048,2026-01-04 04:14:00,acc4,My favorite moment in Dragon Ball still gives me chills 🍜,,
2049,2026-01-04 04:16:00,acc1,My favorite moment in Hunter x Hunter still gives me chills 😂,2038,
2050,2026-01-04 04:18:00,acc2,That animation quality was insane! 🎉,,😭
2051,2026-01-04 04:20:00,acc3,I think today's episode was incredible! 📚,2037,👏
2052,2026-01-04 04:22:00,acc4,Who's your favorite character from One Piece? 👀,2047,😎
2053,2026-01-04 04:24:00,acc1,That animation quality was insane! 🔥,2038,🔥
2054,2026-01-04 04:26:00,acc2,That animation quality was insane! 📚,2040,👏
2055,2026-01-04 04:28:00,acc3,That animation quality was insane! 📚,,😮
2056,2026-01-04 04:30:00,acc4,Anyone watching Bleach lately? ⚡,,😂
2057,2026-01-04 04:32:00,acc1,"Quote of the day: ""The world isn't perfect, but it's beautiful."" ❤️",,🔥
2058,2026-01-04 04:34:00,acc2,Anyone watching My Hero Academia lately? 🔥,,👍
2059,2026-01-04 04:36:00,acc3,No spoilers please! ✨,2046,💯
2060,2026-01-04 04:38:00,acc4,Opening theme has been stuck in my head. 😭,2050,😮
2061,2026-01-04 04:40:00,acc1,I think today's episode was incredible! 🤔,2059,🔥
2062,2026-01-04 04:42:00,acc2,Random anime fact: Attack on Titan changed many viewers' expectations of anime. 😂,,🔥
2063,2026-01-04 04:44:00,acc3,I'm rewatching Jujutsu Kaisen this weekend. 🙌,2048,
2064,2026-01-04 04:46:00,acc4,No spoilers please! 🙌,2051,😭
2065,2026-01-04 04:48:00,acc1,Opening theme has been stuck in my head. ⚡,,
2066,2026-01-04 04:50:00,acc2,No spoilers please! 😀,,👍
2067,2026-01-04 04:52:00,acc3,I think today's episode was incredible! 😂,,😮
2068,2026-01-04 04:54:00,acc4,Opening theme has been stuck in my head. 🙌,2063,😂
2069,2026-01-04 04:56:00,acc1,No spoilers please! 😎,2057,👏
2070,2026-01-04 04:58:00,acc2,Random anime fact: Attack on Titan changed many viewers' expectations of anime. 😭,2064,
2071,2026-01-04 05:00:00,acc3,I think today's episode was incredible! 😀,2067,❤️
2072,2026-01-04 05:02:00,acc4,Random anime fact: Attack on Titan changed many viewers' expectations of anime. 🙌,2059,
2073,2026-01-04 05:04:00,acc1,I'm rewatching Demon Slayer this weekend. 💯,2062,❤️
2074,2026-01-04 05:06:00,acc2,That animation quality was insane! 🙌,2064,😭
2075,2026-01-04 05:08:00,acc3,Who's your favorite character from Jujutsu Kaisen? 😂,,💯
2076,2026-01-04 05:10:00,acc4,Who's your favorite character from Steins;Gate? 🔥,,🔥
2077,2026-01-04 05:12:00,acc1,I'm rewatching Dragon Ball this weekend. 🤔,2069,😮
2078,2026-01-04 05:14:00,acc2,Anyone watching One Piece lately? ✨,2063,😂
2079,2026-01-04 05:16:00,acc3,I think today's episode was incredible! 😀,,👍
2080,2026-01-04 05:18:00,acc4,Opening theme has been stuck in my head. ❤️,2072,🔥
2081,2026-01-04 05:20:00,acc1,I think today's episode was incredible! 👀,2079,😭
2082,2026-01-04 05:22:00,acc2,I'm rewatching Demon Slayer this weekend. 🍜,,👍
2083,2026-01-04 05:24:00,acc3,I think today's episode was incredible! 😂,2076,😎
2084,2026-01-04 05:26:00,acc4,Opening theme has been stuck in my head. ❤️,,
2085,2026-01-04 05:28:00,acc1,That animation quality was insane! 🍜,2070,😎
2086,2026-01-04 05:30:00,acc2,Random anime fact: Studio Ghibli films are famous for hand-drawn animation. 🤔,,😭
2087,2026-01-04 05:32:00,acc3,Anyone watching Fullmetal Alchemist lately? 🤔,2085,😭
2088,2026-01-04 05:34:00,acc4,I think today's episode was incredible! 💯,2081,
2089,2026-01-04 05:36:00,acc1,I think today's episode was incredible! 😎,,🔥
2090,2026-01-04 05:38:00,acc2,That animation quality was insane! 😭,,😭
2091,2026-01-04 05:40:00,acc3,No spoilers please! 🤔,2081,😮
2092,2026-01-04 05:42:00,acc4,Anyone watching Death Note lately? ✨,,❤️
2093,2026-01-04 05:44:00,acc1,Random anime fact: Attack on Titan changed many viewers' expectations of anime. ✨,2088,👍
2094,2026-01-04 05:46:00,acc2,"Quote of the day: ""Power comes in response to a need."" 😭",,😎
2095,2026-01-04 05:48:00,acc3,No spoilers please! 🙌,2081,😎
2096,2026-01-04 05:50:00,acc4,"Quote of the day: ""People's dreams never end."" 📚",,😂
2097,2026-01-04 05:52:00,acc1,"Quote of the day: ""Power comes in response to a need."" 😂",2090,
2098,2026-01-04 05:54:00,acc2,My favorite moment in One Piece still gives me chills ❤️,2082,🔥
2099,2026-01-04 05:56:00,acc3,"Quote of the day: ""The world isn't perfect, but it's beautiful."" 🍜",,💯
2100,2026-01-04 05:58:00,acc4,"Quote of the day: ""A lesson without pain is meaningless."" 👀",2088,💯
2101,2026-01-04 06:00:00,acc1,Anyone watching Frieren lately? 😭,,💯
2102,2026-01-04 06:02:00,acc2,I'm rewatching Haikyuu!! this weekend. 🍜,,👍
2103,2026-01-04 06:04:00,acc3,"Quote of the day: ""The world isn't perfect, but it's beautiful."" 🔥",,❤️
2104,2026-01-04 06:06:00,acc4,Random anime fact: Voice actors in Japan are called seiyuu. 😂,2090,😮
2105,2026-01-04 06:08:00,acc1,Who's your favorite character from Haikyuu!!? 😎,2093,❤️
2106,2026-01-04 06:10:00,acc2,No spoilers please! 😂,2093,😂
2107,2026-01-04 06:12:00,acc3,My favorite moment in Naruto still gives me chills 😂,,💯
2108,2026-01-04 06:14:00,acc4,That animation quality was insane! ❤️,2099,😂
2109,2026-01-04 06:16:00,acc1,No spoilers please! 💯,2096,🔥
2110,2026-01-04 06:18:00,acc2,Random anime fact: Did you know? Anime is often adapted from manga or light novels. 😀,,😮
2111,2026-01-04 06:20:00,acc3,Anyone watching Demon Slayer lately? ❤️,,😂
2112,2026-01-04 06:22:00,acc4,Random anime fact: Attack on Titan changed many viewers' expectations of anime. ❤️,2101,😭
2113,2026-01-04 06:24:00,acc1,"Quote of the day: ""People's dreams never end."" 🍜",2101,😎
2114,2026-01-04 06:26:00,acc2,Anyone watching Demon Slayer lately? 🤔,,❤️
2115,2026-01-04 06:28:00,acc3,Opening theme has been stuck in my head. 😀,2110,👏
2116,2026-01-04 06:30:00,acc4,My favorite moment in Dragon Ball still gives me chills 📚,2100,💯
2117,2026-01-04 06:32:00,acc1,That animation quality was insane! 🍜,2102,🔥
2118,2026-01-04 06:34:00,acc2,Anyone watching Naruto lately? 😂,2116,😭
2119,2026-01-04 06:36:00,acc3,I'm rewatching Haikyuu!! this weekend. 😭,2106,😭
2120,2026-01-04 06:38:00,acc4,Random anime fact: Studio Ghibli films are famous for hand-drawn animation. ⚡,2118,👏
2121,2026-01-04 06:40:00,acc1,Random anime fact: Voice actors in Japan are called seiyuu. 💯,2111,😮
2122,2026-01-04 06:42:00,acc2,Who's your favorite character from Demon Slayer? 😭,,😭
2123,2026-01-04 06:44:00,acc3,"Quote of the day: ""Keep moving forward."" 🍜",2109,👏
2124,2026-01-04 06:46:00,acc4,That animation quality was insane! 📚,2115,😭
2125,2026-01-04 06:48:00,acc1,I think today's episode was incredible! 🤔,2111,😎
2126,2026-01-04 06:50:00,acc2,"Quote of the day: ""A lesson without pain is meaningless."" 🙌",2123,
2127,2026-01-04 06:52:00,acc3,That animation quality was insane! 🍜,,😮
2128,2026-01-04 06:54:00,acc4,My favorite moment in Fullmetal Alchemist still gives me chills ⚡,2119,😮
2129,2026-01-04 06:56:00,acc1,I think today's episode was incredible! ❤️,2115,💯
2130,2026-01-04 06:58:00,acc2,"Quote of the day: ""The world isn't perfect, but it's beautiful."" 😀",,😂
2131,2026-01-04 07:00:00,acc3,Random anime fact: Many anime openings become chart-topping songs. 🎉,2124,🔥
2132,2026-01-04 07:02:00,acc4,"Quote of the day: ""Power comes in response to a need."" ⚡",2118,😭
2133,2026-01-04 07:04:00,acc1,Anyone watching Solo Leveling lately? ✨,2129,❤️
2134,2026-01-04 07:06:00,acc2,Anyone watching Bleach lately? 📚,,❤️
2135,2026-01-04 07:08:00,acc3,Random anime fact: Studio Ghibli films are famous for hand-drawn animation. 🙌,2123,❤️
2136,2026-01-04 07:10:00,acc4,I'm rewatching Dragon Ball this weekend. 👀,2131,😂
2137,2026-01-04 07:12:00,acc1,No spoilers please! 🎉,,😂
2138,2026-01-04 07:14:00,acc2,Opening theme has been stuck in my head. ✨,,😎
2139,2026-01-04 07:16:00,acc3,"Quote of the day: ""Power comes in response to a need."" 🙌",2133,😂
2140,2026-01-04 07:18:00,acc4,That animation quality was insane! 🔥,2131,😂
2141,2026-01-04 07:20:00,acc1,I'm rewatching One Piece this weekend. 📚,2127,😭
2142,2026-01-04 07:22:00,acc2,I think today's episode was incredible! 🤔,2140,👏
2143,2026-01-04 07:24:00,acc3,Who's your favorite character from Bleach? 👀,2141,😂
2144,2026-01-04 07:26:00,acc4,I think today's episode was incredible! 💯,,❤️
2145,2026-01-04 07:28:00,acc1,Opening theme has been stuck in my head. 😀,2135,😂
2146,2026-01-04 07:30:00,acc2,Who's your favorite character from Dragon Ball? ✨,2144,👍
2147,2026-01-04 07:32:00,acc3,"Quote of the day: ""A lesson without pain is meaningless."" 😀",2135,😭
2148,2026-01-04 07:34:00,acc4,I'm rewatching Vinland Saga this weekend. 😎,2137,😎
2149,2026-01-04 07:36:00,acc1,Opening theme has been stuck in my head. 😀,,💯
2150,2026-01-04 07:38:00,acc2,Anyone watching Fullmetal Alchemist lately? 😭,2138,💯
2151,2026-01-04 07:40:00,acc3,That animation quality was insane! 🍜,,👏
2152,2026-01-04 07:42:00,acc4,"Quote of the day: ""Power comes in response to a need."" ✨",2140,❤️
2153,2026-01-04 07:44:00,acc1,I think today's episode was incredible! 🎉,2151,❤️
2154,2026-01-04 07:46:00,acc2,My favorite moment in One Piece still gives me chills ❤️,,❤️
2155,2026-01-04 07:48:00,acc3,My favorite moment in Jujutsu Kaisen still gives me chills 🎉,2139,👍
2156,2026-01-04 07:50:00,acc4,Opening theme has been stuck in my head. 🔥,2153,😭
2157,2026-01-04 07:52:00,acc1,My favorite moment in Solo Leveling still gives me chills 👀,,😂
2158,2026-01-04 07:54:00,acc2,My favorite moment in Fullmetal Alchemist still gives me chills 🔥,2143,👍
2159,2026-01-04 07:56:00,acc3,Anyone watching Vinland Saga lately? ❤️,2149,👏
2160,2026-01-04 07:58:00,acc4,I'm rewatching Fullmetal Alchemist this weekend. 🙌,2146,😭
2161,2026-01-04 08:00:00,acc1,Anyone watching Frieren lately? 🍜,,😎
2162,2026-01-04 08:02:00,acc2,Who's your favorite character from One Piece? ❤️,,😎
2163,2026-01-04 08:04:00,acc3,My favorite moment in Fullmetal Alchemist still gives me chills 🙌,,👏
2164,2026-01-04 08:06:00,acc4,Opening theme has been stuck in my head. 💯,,💯
2165,2026-01-04 08:08:00,acc1,I think today's episode was incredible! 😎,2157,👍
2166,2026-01-04 08:10:00,acc2,Anyone watching Steins;Gate lately? 😂,,👏
2167,2026-01-04 08:12:00,acc3,I'm rewatching Naruto this weekend. 😂,,❤️
2168,2026-01-04 08:14:00,acc4,Opening theme has been stuck in my head. 🙌,2153,
2169,2026-01-04 08:16:00,acc1,I think today's episode was incredible! ⚡,2160,👏
2170,2026-01-04 08:18:00,acc2,No spoilers please! 🤔,2157,🔥
2171,2026-01-04 08:20:00,acc3,I'm rewatching Demon Slayer this weekend. 😭,2160,💯
2172,2026-01-04 08:22:00,acc4,Random anime fact: One Piece is among the best-selling manga series. 🔥,2162,💯
2173,2026-01-04 08:24:00,acc1,Random anime fact: Voice actors in Japan are called seiyuu. 😭,,👍
2174,2026-01-04 08:26:00,acc2,Opening theme has been stuck in my head. 🔥,2161,❤️
2175,2026-01-04 08:28:00,acc3,Who's your favorite character from One Piece? 🔥,,👍
2176,2026-01-04 08:30:00,acc4,No spoilers please! 😎,,🔥
2177,2026-01-04 08:32:00,acc1,That animation quality was insane! 😭,2163,😭
2178,2026-01-04 08:34:00,acc2,I think today's episode was incredible! 😂,2171,😮
2179,2026-01-04 08:36:00,acc3,"Quote of the day: ""Keep moving forward."" ⚡",,👍
2180,2026-01-04 08:38:00,acc4,Who's your favorite character from Frieren? 🤔,2170,
2181,2026-01-04 08:40:00,acc1,Who's your favorite character from Attack on Titan? ✨,,👏
2182,2026-01-04 08:42:00,acc2,My favorite moment in Jujutsu Kaisen still gives me chills ⚡,,👏
2183,2026-01-04 08:44:00,acc3,"Quote of the day: ""A lesson without pain is meaningless."" 🤔",2181,👏
2184,2026-01-04 08:46:00,acc4,Opening theme has been stuck in my head. 🤔,2179,🔥
2185,2026-01-04 08:48:00,acc1,"Quote of the day: ""Keep moving forward."" 📚",2178,🔥
2186,2026-01-04 08:50:00,acc2,Anyone watching Hunter x Hunter lately? ⚡,,❤️
2187,2026-01-04 08:52:00,acc3,My favorite moment in Haikyuu!! still gives me chills 🤔,2178,
2188,2026-01-04 08:54:00,acc4,"Quote of the day: ""The world isn't perfect, but it's beautiful."" 😭",2176,😂
2189,2026-01-04 08:56:00,acc1,"Quote of the day: ""The world isn't perfect, but it's beautiful."" ❤️",2178,👏
2190,2026-01-04 08:58:00,acc2,Who's your favorite character from Death Note? 🎉,2181,👏
2191,2026-01-04 09:00:00,acc3,Opening theme has been stuck in my head. 📚,2179,👍
2192,2026-01-04 09:02:00,acc4,"Quote of the day: ""Keep moving forward."" 😎",2182,👍
2193,2026-01-04 09:04:00,acc1,Who's your favorite character from Frieren? 🔥,,💯
2194,2026-01-04 09:06:00,acc2,Random anime fact: Studio Ghibli films are famous for hand-drawn animation. 🎉,,💯
2195,2026-01-04 09:08:00,acc3,I think today's episode was incredible! 🎉,,😮
2196,2026-01-04 09:10:00,acc4,Opening theme has been stuck in my head. 🙌,2182,
2197,2026-01-04 09:12:00,acc1,Anyone watching Jujutsu Kaisen lately? 😂,2189,😭
2198,2026-01-04 09:14:00,acc2,That animation quality was insane! 🍜,2192,💯
2199,2026-01-04 09:16:00,acc3,Opening theme has been stuck in my head. 🤔,2183,😮
2200,2026-01-04 09:18:00,acc4,No spoilers please! 😀,,😂
2201,2026-01-04 09:20:00,acc1,Random anime fact: Did you know? Anime is often adapted from manga or light novels. 🔥,,😂
2202,2026-01-04 09:22:00,acc2,I think today's episode was incredible! 🤔,,👏
2203,2026-01-04 09:24:00,acc3,Anyone watching Bleach lately? ✨,2197,💯
2204,2026-01-04 09:26:00,acc4,"Quote of the day: ""People's dreams never end."" 🍜",,❤️
2205,2026-01-04 09:28:00,acc1,No spoilers please! 😀,,🔥
2206,2026-01-04 09:30:00,acc2,"Quote of the day: ""People's dreams never end."" ❤️",2203,😂
2207,2026-01-04 09:32:00,acc3,That animation quality was insane! 🎉,,😮
2208,2026-01-04 09:34:00,acc4,My favorite moment in Death Note still gives me chills ✨,,
2209,2026-01-04 09:36:00,acc1,I'm rewatching Naruto this weekend. 👀,,❤️
2210,2026-01-04 09:38:00,acc2,"Quote of the day: ""A lesson without pain is meaningless."" 😭",,👍
2211,2026-01-04 09:40:00,acc3,No spoilers please! 🤔,,🔥
2212,2026-01-04 09:42:00,acc4,Who's your favorite character from Steins;Gate? 🤔,,😮
2213,2026-01-04 09:44:00,acc1,No spoilers please! 👀,2200,😂
2214,2026-01-04 09:46:00,acc2,My favorite moment in Attack on Titan still gives me chills 🎉,2211,🔥
2215,2026-01-04 09:48:00,acc3,"Quote of the day: ""Power comes in response to a need."" 🍜",2212,😮
2216,2026-01-04 09:50:00,acc4,"Quote of the day: ""People's dreams never end."" 💯",2214,😮
2217,2026-01-04 09:52:00,acc1,Anyone watching Fullmetal Alchemist lately? 😎,,😂
2218,2026-01-04 09:54:00,acc2,That animation quality was insane! 🙌,2209,💯
2219,2026-01-04 09:56:00,acc3,Opening theme has been stuck in my head. ✨,,🔥
2220,2026-01-04 09:58:00,acc4,Anyone watching Bleach lately? 📚,2213,👍
2221,2026-01-04 10:00:00,acc1,I'm rewatching One Piece this weekend. 😎,,
2222,2026-01-04 10:02:00,acc2,"Quote of the day: ""People's dreams never end."" 🤔",2212,👏
2223,2026-01-04 10:04:00,acc3,Anyone watching Bleach lately? 💯,,👍
2224,2026-01-04 10:06:00,acc4,I'm rewatching Attack on Titan this weekend. 😎,2222,🔥
2225,2026-01-04 10:08:00,acc1,I'm rewatching Attack on Titan this weekend. 📚,,❤️
2226,2026-01-04 10:10:00,acc2,Opening theme has been stuck in my head. ⚡,2214,😮
2227,2026-01-04 10:12:00,acc3,My favorite moment in One Piece still gives me chills ⚡,2213,🔥
2228,2026-01-04 10:14:00,acc4,Anyone watching Bleach lately? 😀,2225,😭
2229,2026-01-04 10:16:00,acc1,Anyone watching Vinland Saga lately? 👀,2225,😮
2230,2026-01-04 10:18:00,acc2,Who's your favorite character from Frieren? ❤️,,😮
2231,2026-01-04 10:20:00,acc3,Anyone watching Fullmetal Alchemist lately? 🎉,2215,
2232,2026-01-04 10:22:00,acc4,"Quote of the day: ""The world isn't perfect, but it's beautiful."" 🎉",2227,👍
2233,2026-01-04 10:24:00,acc1,I think today's episode was incredible! 👀,2224,😎
2234,2026-01-04 10:26:00,acc2,No spoilers please! 🙌,2223,👏
2235,2026-01-04 10:28:00,acc3,I think today's episode was incredible! 😭,2224,😮
2236,2026-01-04 10:30:00,acc4,No spoilers please! 💯,,💯
2237,2026-01-04 10:32:00,acc1,Random anime fact: Attack on Titan changed many viewers' expectations of anime. 📚,,👏
2238,2026-01-04 10:34:00,acc2,Random anime fact: One Piece is among the best-selling manga series. 🍜,2227,😎
2239,2026-01-04 10:36:00,acc3,Random anime fact: Attack on Titan changed many viewers' expectations of anime. ✨,2232,😂
2240,2026-01-04 10:38:00,acc4,That animation quality was insane! 😂,2232,😎
2241,2026-01-04 10:40:00,acc1,Anyone watching Naruto lately? 👀,,😎
2242,2026-01-04 10:42:00,acc2,I think today's episode was incredible! 💯,2231,👏
2243,2026-01-04 10:44:00,acc3,Opening theme has been stuck in my head. ❤️,,💯
2244,2026-01-04 10:46:00,acc4,"Quote of the day: ""The world isn't perfect, but it's beautiful."" 🔥",2242,😎
2245,2026-01-04 10:48:00,acc1,My favorite moment in Attack on Titan still gives me chills 📚,2233,🔥
2246,2026-01-04 10:50:00,acc2,My favorite moment in Haikyuu!! still gives me chills ✨,2233,👍
2247,2026-01-04 10:52:00,acc3,"Quote of the day: ""Power comes in response to a need."" 😂",,❤️
2248,2026-01-04 10:54:00,acc4,That animation quality was insane! 😂,2242,💯
2249,2026-01-04 10:56:00,acc1,I think today's episode was incredible! 😎,,🔥
2250,2026-01-04 10:58:00,acc2,I'm rewatching Frieren this weekend. 👀,2243,👍
2251,2026-01-04 11:00:00,acc3,I think today's episode was incredible! 🤔,,😭
2252,2026-01-04 11:02:00,acc4,Opening theme has been stuck in my head. 😭,2241,😭
2253,2026-01-04 11:04:00,acc1,My favorite moment in One Piece still gives me chills ⚡,2245,❤️
2254,2026-01-04 11:06:00,acc2,That animation quality was insane! ⚡,2241,
2255,2026-01-04 11:08:00,acc3,No spoilers please! 😎,2252,😭
2256,2026-01-04 11:10:00,acc4,Anyone watching Fullmetal Alchemist lately? 😂,2249,👍
2257,2026-01-04 11:12:00,acc1,I'm rewatching My Hero Academia this weekend. 🔥,,
2258,2026-01-04 11:14:00,acc2,Opening theme has been stuck in my head. 😎,,😎
2259,2026-01-04 11:16:00,acc3,Random anime fact: Voice actors in Japan are called seiyuu. 😎,,
2260,2026-01-04 11:18:00,acc4,Random anime fact: One Piece is among the best-selling manga series. 💯,2245,🔥
2261,2026-01-04 11:20:00,acc1,That animation quality was insane! 😀,2257,😂
2262,2026-01-04 11:22:00,acc2,"Quote of the day: ""Power comes in response to a need."" 🔥",,
2263,2026-01-04 11:24:00,acc3,My favorite moment in Death Note still gives me chills 🎉,,😂
2264,2026-01-04 11:26:00,acc4,Anyone watching Jujutsu Kaisen lately? 👀,,👏
2265,2026-01-04 11:28:00,acc1,I think today's episode was incredible! 📚,2250,💯
2266,2026-01-04 11:30:00,acc2,No spoilers please! 😭,2251,❤️
2267,2026-01-04 11:32:00,acc3,That animation quality was insane! ⚡,2254,😂
2268,2026-01-04 11:34:00,acc4,Opening theme has been stuck in my head. 😂,,🔥
2269,2026-01-04 11:36:00,acc1,No spoilers please! 🤔,,❤️
2270,2026-01-04 11:38:00,acc2,No spoilers please! 😂,,🔥
2271,2026-01-04 11:40:00,acc3,That animation quality was insane! 🙌,,👍
2272,2026-01-04 11:42:00,acc4,Who's your favorite character from One Piece? 💯,2256,😮
2273,2026-01-04 11:44:00,acc1,I'm rewatching Jujutsu Kaisen this weekend. 🍜,2260,😭
2274,2026-01-04 11:46:00,acc2,Random anime fact: One Piece is among the best-selling manga series. 😂,,😎
2275,2026-01-04 11:48:00,acc3,No spoilers please! 🍜,,❤️
2276,2026-01-04 11:50:00,acc4,Random anime fact: Attack on Titan changed many viewers' expectations of anime. 👀,,💯
2277,2026-01-04 11:52:00,acc1,Anyone watching Dragon Ball lately? 😭,2261,👏
2278,2026-01-04 11:54:00,acc2,I think today's episode was incredible! 💯,,
2279,2026-01-04 11:56:00,acc3,Opening theme has been stuck in my head. ⚡,2271,💯
2280,2026-01-04 11:58:00,acc4,Who's your favorite character from Demon Slayer? ✨,2265,💯
2281,2026-01-04 12:00:00,acc1,My favorite moment in One Piece still gives me chills ✨,2277,😂
2282,2026-01-04 12:02:00,acc2,Who's your favorite character from Naruto? 😭,2278,👏
2283,2026-01-04 12:04:00,acc3,Who's your favorite character from Frieren? 🤔,2274,😎
2284,2026-01-04 12:06:00,acc4,No spoilers please! 🙌,2277,
2285,2026-01-04 12:08:00,acc1,I'm rewatching Jujutsu Kaisen this weekend. 😂,2277,😎
2286,2026-01-04 12:10:00,acc2,Who's your favorite character from Bleach? 📚,2279,😎
2287,2026-01-04 12:12:00,acc3,"Quote of the day: ""Power comes in response to a need."" 📚",2276,😮
2288,2026-01-04 12:14:00,acc4,That animation quality was insane! 💯,,
2289,2026-01-04 12:16:00,acc1,Opening theme has been stuck in my head. 🎉,2275,😮
2290,2026-01-04 12:18:00,acc2,No spoilers please! 🙌,2277,😭
2291,2026-01-04 12:20:00,acc3,"Quote of the day: ""Power comes in response to a need."" 💯",,👏
2292,2026-01-04 12:22:00,acc4,"Quote of the day: ""The world isn't perfect, but it's beautiful."" 🤔",,😮
2293,2026-01-04 12:24:00,acc1,Who's your favorite character from My Hero Academia? 🔥,2281,❤️
2294,2026-01-04 12:26:00,acc2,My favorite moment in Haikyuu!! still gives me chills 😀,,😮
2295,2026-01-04 12:28:00,acc3,Who's your favorite character from Death Note? 👀,2285,🔥
2296,2026-01-04 12:30:00,acc4,I'm rewatching Steins;Gate this weekend. 💯,2287,💯
2297,2026-01-04 12:32:00,acc1,Random anime fact: Studio Ghibli films are famous for hand-drawn animation. 🔥,,👍
2298,2026-01-04 12:34:00,acc2,No spoilers please! 😂,2284,❤️
2299,2026-01-04 12:36:00,acc3,Opening theme has been stuck in my head. 📚,,❤️
2300,2026-01-04 12:38:00,acc4,That animation quality was insane! 😎,,🔥
2301,2026-01-04 12:40:00,acc1,"Quote of the day: ""Power comes in response to a need."" 🍜",,😎
2302,2026-01-04 12:42:00,acc2,That animation quality was insane! 🎉,,
2303,2026-01-04 12:44:00,acc3,Opening theme has been stuck in my head. 👀,2291,😭
2304,2026-01-04 12:46:00,acc4,That animation quality was insane! 🍜,,😭
2305,2026-01-04 12:48:00,acc1,My favorite moment in Demon Slayer still gives me chills 😎,,😮
2306,2026-01-04 12:50:00,acc2,That animation quality was insane! 🍜,,🔥
2307,2026-01-04 12:52:00,acc3,I'm rewatching Attack on Titan this weekend. 🙌,,💯
2308,2026-01-04 12:54:00,acc4,Who's your favorite character from Haikyuu!!? 🎉,,😭
2309,2026-01-04 12:56:00,acc1,Anyone watching Vinland Saga lately? 🤔,2302,💯
2310,2026-01-04 12:58:00,acc2,Random anime fact: Attack on Titan changed many viewers' expectations of anime. 🤔,2303,💯
2311,2026-01-04 13:00:00,acc3,I think today's episode was incredible! ❤️,,😮
2312,2026-01-04 13:02:00,acc4,"Quote of the day: ""Power comes in response to a need."" 📚",,😭
2313,2026-01-04 13:04:00,acc1,My favorite moment in One Piece still gives me chills ❤️,2309,👍
2314,2026-01-04 13:06:00,acc2,That animation quality was insane! 🤔,,💯
2315,2026-01-04 13:08:00,acc3,Who's your favorite character from My Hero Academia? 😭,,😮
2316,2026-01-04 13:10:00,acc4,Random anime fact: Studio Ghibli films are famous for hand-drawn animation. 🔥,,
2317,2026-01-04 13:12:00,acc1,Anyone watching Fullmetal Alchemist lately? 🤔,2302,😂
2318,2026-01-04 13:14:00,acc2,Who's your favorite character from Bleach? 😀,,😮
2319,2026-01-04 13:16:00,acc3,That animation quality was insane! 🔥,,😂
2320,2026-01-04 13:18:00,acc4,No spoilers please! 🔥,,❤️
2321,2026-01-04 13:20:00,acc1,No spoilers please! 😎,2311,😂
2322,2026-01-04 13:22:00,acc2,My favorite moment in Hunter x Hunter still gives me chills 👀,,❤️
2323,2026-01-04 13:24:00,acc3,I'm rewatching Steins;Gate this weekend. 😂,2312,😂
2324,2026-01-04 13:26:00,acc4,Anyone watching Jujutsu Kaisen lately? ❤️,,😂
2325,2026-01-04 13:28:00,acc1,No spoilers please! ✨,2315,😂
2326,2026-01-04 13:30:00,acc2,Random anime fact: Did you know? Anime is often adapted from manga or light novels. 🔥,,
2327,2026-01-04 13:32:00,acc3,"Quote of the day: ""Power comes in response to a need."" ⚡",2322,❤️
2328,2026-01-04 13:34:00,acc4,Anyone watching Hunter x Hunter lately? 🎉,,💯
2329,2026-01-04 13:36:00,acc1,No spoilers please! ⚡,2323,💯
2330,2026-01-04 13:38:00,acc2,No spoilers please! 💯,,
2331,2026-01-04 13:40:00,acc3,That animation quality was insane! 📚,,😭
2332,2026-01-04 13:42:00,acc4,Opening theme has been stuck in my head. 😂,2329,😮
2333,2026-01-04 13:44:00,acc1,That animation quality was insane! 😭,,👍
2334,2026-01-04 13:46:00,acc2,Anyone watching Solo Leveling lately? 🎉,,😂
2335,2026-01-04 13:48:00,acc3,Who's your favorite character from My Hero Academia? 💯,,😂
2336,2026-01-04 13:50:00,acc4,I'm rewatching One Piece this weekend. 😎,,😭
2337,2026-01-04 13:52:00,acc1,That animation quality was insane! 🔥,2324,😂
2338,2026-01-04 13:54:00,acc2,I think today's episode was incredible! 😀,2328,💯
2339,2026-01-04 13:56:00,acc3,No spoilers please! 🤔,2323,😭
2340,2026-01-04 13:58:00,acc4,Who's your favorite character from Bleach? ❤️,2326,👍
2341,2026-01-04 14:00:00,acc1,Anyone watching Attack on Titan lately? 😎,,🔥
2342,2026-01-04 14:02:00,acc2,I think today's episode was incredible! 😭,2333,👏
2343,2026-01-04 14:04:00,acc3,No spoilers please! 😀,2341,😭
2344,2026-01-04 14:06:00,acc4,No spoilers please! 😀,2337,😎
2345,2026-01-04 14:08:00,acc1,I'm rewatching Bleach this weekend. 🤔,2339,😮
2346,2026-01-04 14:10:00,acc2,Opening theme has been stuck in my head. 😂,,💯
2347,2026-01-04 14:12:00,acc3,Anyone watching Hunter x Hunter lately? 😎,2334,💯
2348,2026-01-04 14:14:00,acc4,No spoilers please! 😭,2346,🔥
2349,2026-01-04 14:16:00,acc1,Anyone watching One Piece lately? 🍜,,😭
2350,2026-01-04 14:18:00,acc2,Random anime fact: Voice actors in Japan are called seiyuu. 📚,2341,❤️
2351,2026-01-04 14:20:00,acc3,I think today's episode was incredible! 🎉,2340,😭
2352,2026-01-04 14:22:00,acc4,I think today's episode was incredible! ✨,2341,😎
2353,2026-01-04 14:24:00,acc1,Who's your favorite character from Jujutsu Kaisen? ✨,2349,🔥
2354,2026-01-04 14:26:00,acc2,Who's your favorite character from Hunter x Hunter? ⚡,,😎
2355,2026-01-04 14:28:00,acc3,Opening theme has been stuck in my head. 😀,,😮
2356,2026-01-04 14:30:00,acc4,"Quote of the day: ""Keep moving forward."" ❤️",2343,😭
2357,2026-01-04 14:32:00,acc1,I think today's episode was incredible! ✨,,💯
2358,2026-01-04 14:34:00,acc2,My favorite moment in Vinland Saga still gives me chills 😎,,
2359,2026-01-04 14:36:00,acc3,I think today's episode was incredible! 🎉,2343,💯
2360,2026-01-04 14:38:00,acc4,I'm rewatching Haikyuu!! this weekend. 😭,2349,👏
2361,2026-01-04 14:40:00,acc1,I'm rewatching Attack on Titan this weekend. ⚡,2351,
2362,2026-01-04 14:42:00,acc2,"Quote of the day: ""The world isn't perfect, but it's beautiful."" 🍜",,
2363,2026-01-04 14:44:00,acc3,I think today's episode was incredible! 👀,2360,❤️
2364,2026-01-04 14:46:00,acc4,Anyone watching Attack on Titan lately? 🎉,,💯
2365,2026-01-04 14:48:00,acc1,Anyone watching Death Note lately? 😀,2349,😂
2366,2026-01-04 14:50:00,acc2,Opening theme has been stuck in my head. 💯,,😂
2367,2026-01-04 14:52:00,acc3,Opening theme has been stuck in my head. 😀,,👍
2368,2026-01-04 14:54:00,acc4,That animation quality was insane! 📚,2359,❤️
2369,2026-01-04 14:56:00,acc1,No spoilers please! 👀,,
2370,2026-01-04 14:58:00,acc2,Opening theme has been stuck in my head. ⚡,2356,😎
2371,2026-01-04 15:00:00,acc3,Who's your favorite character from Attack on Titan? ❤️,,👏
2372,2026-01-04 15:02:00,acc4,I'm rewatching Demon Slayer this weekend. 🎉,,😎
2373,2026-01-04 15:04:00,acc1,"Quote of the day: ""The world isn't perfect, but it's beautiful."" 😭",2370,😮
2374,2026-01-04 15:06:00,acc2,Random anime fact: Voice actors in Japan are called seiyuu. ⚡,2358,❤️
2375,2026-01-04 15:08:00,acc3,My favorite moment in Naruto still gives me chills 🔥,2361,😂
2376,2026-01-04 15:10:00,acc4,I think today's episode was incredible! 🙌,2371,😭
2377,2026-01-04 15:12:00,acc1,No spoilers please! 📚,2365,🔥
2378,2026-01-04 15:14:00,acc2,Random anime fact: Many anime openings become chart-topping songs. 🤔,,👏
2379,2026-01-04 15:16:00,acc3,Who's your favorite character from Bleach? 🍜,,😭
2380,2026-01-04 15:18:00,acc4,I think today's episode was incredible! 🎉,,👏
2381,2026-01-04 15:20:00,acc1,Opening theme has been stuck in my head. 📚,2367,👍
2382,2026-01-04 15:22:00,acc2,I'm rewatching Demon Slayer this weekend. 😂,2371,😂
2383,2026-01-04 15:24:00,acc3,Opening theme has been stuck in my head. ✨,2371,🔥
2384,2026-01-04 15:26:00,acc4,Anyone watching Demon Slayer lately? 🎉,2379,👏
2385,2026-01-04 15:28:00,acc1,I'm rewatching Dragon Ball this weekend. 😂,2377,🔥
2386,2026-01-04 15:30:00,acc2,No spoilers please! 💯,,💯
2387,2026-01-04 15:32:00,acc3,Opening theme has been stuck in my head. ⚡,2379,😭
2388,2026-01-04 15:34:00,acc4,That animation quality was insane! 😀,2384,❤️
2389,2026-01-04 15:36:00,acc1,Opening theme has been stuck in my head. 📚,2387,👏
2390,2026-01-04 15:38:00,acc2,Anyone watching Hunter x Hunter lately? 😎,2384,
2391,2026-01-04 15:40:00,acc3,No spoilers please! 😀,,🔥
2392,2026-01-04 15:42:00,acc4,That animation quality was insane! 😀,,❤️
2393,2026-01-04 15:44:00,acc1,Anyone watching Steins;Gate lately? 😭,2388,😮
2394,2026-01-04 15:46:00,acc2,No spoilers please! ❤️,2382,❤️
2395,2026-01-04 15:48:00,acc3,I think today's episode was incredible! 🙌,,🔥
2396,2026-01-04 15:50:00,acc4,I think today's episode was incredible! 😂,2387,👍
2397,2026-01-04 15:52:00,acc1,Who's your favorite character from Attack on Titan? 🔥,2387,😂
2398,2026-01-04 15:54:00,acc2,My favorite moment in Vinland Saga still gives me chills 🤔,2386,😮
2399,2026-01-04 15:56:00,acc3,My favorite moment in Bleach still gives me chills 🍜,2383,🔥
2400,2026-01-04 15:58:00,acc4,I'm rewatching Bleach this weekend. 😂,,😎
2401,2026-01-04 16:00:00,acc1,Opening theme has been stuck in my head. ⚡,,❤️
2402,2026-01-04 16:02:00,acc2,That animation quality was insane! 🔥,2394,😮
2403,2026-01-04 16:04:00,acc3,Random anime fact: Attack on Titan changed many viewers' expectations of anime. 😂,,😂
2404,2026-01-04 16:06:00,acc4,I think today's episode was incredible! 😀,2400,💯
2405,2026-01-04 16:08:00,acc1,Random anime fact: Attack on Titan changed many viewers' expectations of anime. ❤️,,😭
2406,2026-01-04 16:10:00,acc2,I'm rewatching Bleach this weekend. 🍜,2397,💯
2407,2026-01-04 16:12:00,acc3,Anyone watching Solo Leveling lately? ❤️,,🔥
2408,2026-01-04 16:14:00,acc4,I think today's episode was incredible! 😀,2398,👍
2409,2026-01-04 16:16:00,acc1,My favorite moment in Solo Leveling still gives me chills 🔥,2401,❤️
2410,2026-01-04 16:18:00,acc2,No spoilers please! ✨,2399,❤️
2411,2026-01-04 16:20:00,acc3,Who's your favorite character from Naruto? ❤️,2401,😮
2412,2026-01-04 16:22:00,acc4,Random anime fact: Did you know? Anime is often adapted from manga or light novels. 😎,2409,💯
2413,2026-01-04 16:24:00,acc1,That animation quality was insane! 🍜,2405,👏
2414,2026-01-04 16:26:00,acc2,Who's your favorite character from Bleach? 🙌,,👍
2415,2026-01-04 16:28:00,acc3,My favorite moment in Frieren still gives me chills 🙌,2413,😎
2416,2026-01-04 16:30:00,acc4,Who's your favorite character from Attack on Titan? 😂,2405,❤️
2417,2026-01-04 16:32:00,acc1,My favorite moment in Demon Slayer still gives me chills 👀,,😮
2418,2026-01-04 16:34:00,acc2,My favorite moment in Frieren still gives me chills 📚,2410,
2419,2026-01-04 16:36:00,acc3,That animation quality was insane! 😂,2403,😮
2420,2026-01-04 16:38:00,acc4,Anyone watching Vinland Saga lately? 😎,,❤️
2421,2026-01-04 16:40:00,acc1,I'm rewatching One Piece this weekend. 😀,2411,😎
2422,2026-01-04 16:42:00,acc2,No spoilers please! 👀,2409,❤️
2423,2026-01-04 16:44:00,acc3,Opening theme has been stuck in my head. 💯,2408,👍
2424,2026-01-04 16:46:00,acc4,No spoilers please! 🔥,,💯
2425,2026-01-04 16:48:00,acc1,Who's your favorite character from One Piece? 📚,2420,🔥
2426,2026-01-04 16:50:00,acc2,That animation quality was insane! 😀,,💯
2427,2026-01-04 16:52:00,acc3,Random anime fact: Attack on Titan changed many viewers' expectations of anime. 🤔,,
2428,2026-01-04 16:54:00,acc4,"Quote of the day: ""Power comes in response to a need."" 😎",2426,❤️
2429,2026-01-04 16:56:00,acc1,Anyone watching Vinland Saga lately? ⚡,2419,
2430,2026-01-04 16:58:00,acc2,Random anime fact: Many anime openings become chart-topping songs. 🙌,2427,
2431,2026-01-04 17:00:00,acc3,Anyone watching Attack on Titan lately? 🔥,,🔥
2432,2026-01-04 17:02:00,acc4,That animation quality was insane! 💯,,🔥
2433,2026-01-04 17:04:00,acc1,"Quote of the day: ""Keep moving forward."" 😀",2430,👍
2434,2026-01-04 17:06:00,acc2,I'm rewatching Vinland Saga this weekend. ❤️,,❤️
2435,2026-01-04 17:08:00,acc3,No spoilers please! 😭,2426,🔥
2436,2026-01-04 17:10:00,acc4,"Quote of the day: ""The world isn't perfect, but it's beautiful."" 🤔",2433,🔥
2437,2026-01-04 17:12:00,acc1,Anyone watching Death Note lately? 😭,,💯
2438,2026-01-04 17:14:00,acc2,Anyone watching My Hero Academia lately? 🎉,2430,😮
2439,2026-01-04 17:16:00,acc3,Who's your favorite character from Fullmetal Alchemist? 📚,,😮
2440,2026-01-04 17:18:00,acc4,No spoilers please! ⚡,,😭
2441,2026-01-04 17:20:00,acc1,"Quote of the day: ""A lesson without pain is meaningless."" ⚡",2429,😭
2442,2026-01-04 17:22:00,acc2,"Quote of the day: ""A lesson without pain is meaningless."" ⚡",,😂
2443,2026-01-04 17:24:00,acc3,"Quote of the day: ""The world isn't perfect, but it's beautiful."" 😭",2435,😎
2444,2026-01-04 17:26:00,acc4,I think today's episode was incredible! 🙌,2439,❤️
2445,2026-01-04 17:28:00,acc1,Who's your favorite character from Steins;Gate? 🎉,2429,❤️
2446,2026-01-04 17:30:00,acc2,"Quote of the day: ""Power comes in response to a need."" 😎",2440,😎
2447,2026-01-04 17:32:00,acc3,Anyone watching Demon Slayer lately? ✨,,👍
2448,2026-01-04 17:34:00,acc4,Opening theme has been stuck in my head. 😭,,😭
2449,2026-01-04 17:36:00,acc1,Who's your favorite character from Fullmetal Alchemist? 🙌,2439,😮
2450,2026-01-04 17:38:00,acc2,That animation quality was insane! 💯,2443,
2451,2026-01-04 17:40:00,acc3,Opening theme has been stuck in my head. ⚡,,🔥
2452,2026-01-04 17:42:00,acc4,I'm rewatching Solo Leveling this weekend. 🤔,2444,👏
2453,2026-01-04 17:44:00,acc1,Anyone watching Death Note lately? ✨,2438,
2454,2026-01-04 17:46:00,acc2,Anyone watching Jujutsu Kaisen lately? 🍜,,💯
2455,2026-01-04 17:48:00,acc3,Random anime fact: Did you know? Anime is often adapted from manga or light novels. ⚡,,🔥
2456,2026-01-04 17:50:00,acc4,Who's your favorite character from Fullmetal Alchemist? 😀,,
2457,2026-01-04 17:52:00,acc1,Opening theme has been stuck in my head. 💯,2455,🔥
2458,2026-01-04 17:54:00,acc2,My favorite moment in Bleach still gives me chills 👀,,😮
2459,2026-01-04 17:56:00,acc3,Who's your favorite character from Hunter x Hunter? 🙌,2453,👍
2460,2026-01-04 17:58:00,acc4,I think today's episode was incredible! 📚,,😎
2461,2026-01-04 18:00:00,acc1,That animation quality was insane! 😀,2459,👏
2462,2026-01-04 18:02:00,acc2,My favorite moment in My Hero Academia still gives me chills 😀,2455,👍
2463,2026-01-04 18:04:00,acc3,Random anime fact: Voice actors in Japan are called seiyuu. 🍜,,👍
2464,2026-01-04 18:06:00,acc4,Random anime fact: Voice actors in Japan are called seiyuu. ❤️,,👍
2465,2026-01-04 18:08:00,acc1,Anyone watching My Hero Academia lately? 🔥,,🔥
2466,2026-01-04 18:10:00,acc2,That animation quality was insane! 🍜,,❤️
2467,2026-01-04 18:12:00,acc3,Random anime fact: One Piece is among the best-selling manga series. 😀,,😎
2468,2026-01-04 18:14:00,acc4,My favorite moment in Demon Slayer still gives me chills 😂,2455,❤️
2469,2026-01-04 18:16:00,acc1,"Quote of the day: ""People's dreams never end."" 😭",2455,😮
2470,2026-01-04 18:18:00,acc2,Opening theme has been stuck in my head. 🍜,2463,🔥
2471,2026-01-04 18:20:00,acc3,I'm rewatching My Hero Academia this weekend. 👀,,😮
2472,2026-01-04 18:22:00,acc4,That animation quality was insane! ❤️,,😎
2473,2026-01-04 18:24:00,acc1,Random anime fact: Did you know? Anime is often adapted from manga or light novels. 😂,2460,😎
2474,2026-01-04 18:26:00,acc2,Opening theme has been stuck in my head. 😭,2471,😂
2475,2026-01-04 18:28:00,acc3,"Quote of the day: ""A lesson without pain is meaningless."" ✨",2462,👍
2476,2026-01-04 18:30:00,acc4,My favorite moment in Bleach still gives me chills ✨,,😎
2477,2026-01-04 18:32:00,acc1,No spoilers please! 🤔,,😂
2478,2026-01-04 18:34:00,acc2,"Quote of the day: ""The world isn't perfect, but it's beautiful."" 🍜",,🔥
2479,2026-01-04 18:36:00,acc3,I'm rewatching Bleach this weekend. 👀,,😎
2480,2026-01-04 18:38:00,acc4,Random anime fact: Many anime openings become chart-topping songs. ⚡,2477,👏
2481,2026-01-04 18:40:00,acc1,Anyone watching One Piece lately? 🎉,2476,👍
2482,2026-01-04 18:42:00,acc2,Opening theme has been stuck in my head. 🔥,,🔥
2483,2026-01-04 18:44:00,acc3,No spoilers please! 🎉,2467,
2484,2026-01-04 18:46:00,acc4,I think today's episode was incredible! 🤔,,❤️
2485,2026-01-04 18:48:00,acc1,My favorite moment in Frieren still gives me chills 🔥,2471,
2486,2026-01-04 18:50:00,acc2,My favorite moment in Death Note still gives me chills ✨,,😮
2487,2026-01-04 18:52:00,acc3,Anyone watching Naruto lately? ⚡,2478,👍
2488,2026-01-04 18:54:00,acc4,Who's your favorite character from Naruto? 😀,2478,👏
2489,2026-01-04 18:56:00,acc1,No spoilers please! 🙌,,😂
2490,2026-01-04 18:58:00,acc2,"Quote of the day: ""Keep moving forward."" 😂",,😮
2491,2026-01-04 19:00:00,acc3,Anyone watching Hunter x Hunter lately? 💯,,😂
2492,2026-01-04 19:02:00,acc4,Anyone watching Haikyuu!! lately? ✨,2476,💯
2493,2026-01-04 19:04:00,acc1,Opening theme has been stuck in my head. 👀,2486,👏
2494,2026-01-04 19:06:00,acc2,Random anime fact: Attack on Titan changed many viewers' expectations of anime. 🔥,,😮
2495,2026-01-04 19:08:00,acc3,No spoilers please! 😎,,😎
2496,2026-01-04 19:10:00,acc4,Random anime fact: Studio Ghibli films are famous for hand-drawn animation. 🍜,2487,😭
2497,2026-01-04 19:12:00,acc1,"Quote of the day: ""A lesson without pain is meaningless."" 😭",2482,💯
2498,2026-01-04 19:14:00,acc2,My favorite moment in Steins;Gate still gives me chills 💯,,💯
2499,2026-01-04 19:16:00,acc3,Opening theme has been stuck in my head. ✨,2493,😮
2500,2026-01-04 19:18:00,acc4,"Quote of the day: ""A lesson without pain is meaningless."" 😀",2496,😂
2501,2026-01-04 19:20:00,acc1,"Quote of the day: ""Keep moving forward."" 😭",,😮
2502,2026-01-04 19:22:00,acc2,That animation quality was insane! 🍜,,💯
2503,2026-01-04 19:24:00,acc3,Who's your favorite character from Demon Slayer? 🎉,2487,😂
2504,2026-01-04 19:26:00,acc4,No spoilers please! 🤔,2492,🔥
2505,2026-01-04 19:28:00,acc1,That animation quality was insane! ⚡,,😮
2506,2026-01-04 19:30:00,acc2,No spoilers please! 🍜,2504,👍
2507,2026-01-04 19:32:00,acc3,"Quote of the day: ""People's dreams never end."" 🤔",2499,😎
2508,2026-01-04 19:34:00,acc4,Random anime fact: Studio Ghibli films are famous for hand-drawn animation. 🙌,2505,👍
2509,2026-01-04 19:36:00,acc1,Anyone watching Solo Leveling lately? 💯,2497,🔥
2510,2026-01-04 19:38:00,acc2,I think today's episode was incredible! 🎉,,😎
2511,2026-01-04 19:40:00,acc3,My favorite moment in Steins;Gate still gives me chills 📚,,🔥
2512,2026-01-04 19:42:00,acc4,Opening theme has been stuck in my head. 😂,2503,❤️
2513,2026-01-04 19:44:00,acc1,Opening theme has been stuck in my head. ❤️,,🔥
2514,2026-01-04 19:46:00,acc2,I think today's episode was incredible! 😭,2498,💯
2515,2026-01-04 19:48:00,acc3,Opening theme has been stuck in my head. 😂,2506,👏
2516,2026-01-04 19:50:00,acc4,That animation quality was insane! ✨,2511,😎
2517,2026-01-04 19:52:00,acc1,Anyone watching One Piece lately? ❤️,2501,
2518,2026-01-04 19:54:00,acc2,No spoilers please! 😂,,
2519,2026-01-04 19:56:00,acc3,I'm rewatching One Piece this weekend. 🤔,2510,😮
2520,2026-01-04 19:58:00,acc4,That animation quality was insane! 🙌,2518,
2521,2026-01-04 20:00:00,acc1,I think today's episode was incredible! 👀,,👍
2522,2026-01-04 20:02:00,acc2,My favorite moment in Bleach still gives me chills 😂,2516,
2523,2026-01-04 20:04:00,acc3,"Quote of the day: ""Keep moving forward."" 😎",,😎
2524,2026-01-04 20:06:00,acc4,Random anime fact: Studio Ghibli films are famous for hand-drawn animation. 👀,2514,🔥
2525,2026-01-04 20:08:00,acc1,Opening theme has been stuck in my head. ❤️,2511,❤️
2526,2026-01-04 20:10:00,acc2,I think today's episode was incredible! 🤔,,❤️
2527,2026-01-04 20:12:00,acc3,No spoilers please! 🔥,2522,👍
2528,2026-01-04 20:14:00,acc4,I think today's episode was incredible! 🎉,,💯
2529,2026-01-04 20:16:00,acc1,My favorite moment in Vinland Saga still gives me chills ✨,,😂
2530,2026-01-04 20:18:00,acc2,Anyone watching Vinland Saga lately? ❤️,2517,👏
2531,2026-01-04 20:20:00,acc3,Anyone watching Haikyuu!! lately? 😂,,😭
2532,2026-01-04 20:22:00,acc4,Random anime fact: Studio Ghibli films are famous for hand-drawn animation. 😂,2520,👏
2533,2026-01-04 20:24:00,acc1,No spoilers please! ✨,,
2534,2026-01-04 20:26:00,acc2,No spoilers please! 😭,2520,
2535,2026-01-04 20:28:00,acc3,Anyone watching Fullmetal Alchemist lately? 😎,,😮
2536,2026-01-04 20:30:00,acc4,"Quote of the day: ""The world isn't perfect, but it's beautiful."" 🎉",,🔥
2537,2026-01-04 20:32:00,acc1,No spoilers please! 🙌,,👍
2538,2026-01-04 20:34:00,acc2,My favorite moment in Fullmetal Alchemist still gives me chills 👀,,👏
2539,2026-01-04 20:36:00,acc3,Anyone watching My Hero Academia lately? 👀,2532,
2540,2026-01-04 20:38:00,acc4,Random anime fact: Studio Ghibli films are famous for hand-drawn animation. 👀,2535,😭
2541,2026-01-04 20:40:00,acc1,Opening theme has been stuck in my head. 😭,2534,💯
2542,2026-01-04 20:42:00,acc2,No spoilers please! 🍜,2538,
2543,2026-01-04 20:44:00,acc3,Random anime fact: Did you know? Anime is often adapted from manga or light novels. 😎,2532,
2544,2026-01-04 20:46:00,acc4,Random anime fact: Many anime openings become chart-topping songs. ❤️,,❤️
2545,2026-01-04 20:48:00,acc1,Who's your favorite character from Frieren? 📚,2541,🔥
2546,2026-01-04 20:50:00,acc2,"Quote of the day: ""People's dreams never end."" 🔥",,😂
2547,2026-01-04 20:52:00,acc3,Anyone watching Vinland Saga lately? ✨,,👍
2548,2026-01-04 20:54:00,acc4,My favorite moment in Death Note still gives me chills 💯,2538,👍
2549,2026-01-04 20:56:00,acc1,No spoilers please! 😎,2544,🔥
2550,2026-01-04 20:58:00,acc2,I think today's episode was incredible! 📚,2548,😎
2551,2026-01-04 21:00:00,acc3,Anyone watching Jujutsu Kaisen lately? 🎉,2539,👍
2552,2026-01-04 21:02:00,acc4,Opening theme has been stuck in my head. 🔥,2541,👍
2553,2026-01-04 21:04:00,acc1,I think today's episode was incredible! 🎉,2539,💯
2554,2026-01-04 21:06:00,acc2,Opening theme has been stuck in my head. 😭,,💯
2555,2026-01-04 21:08:00,acc3,I'm rewatching Bleach this weekend. ✨,2540,😂
2556,2026-01-04 21:10:00,acc4,I think today's episode was incredible! 👀,2552,❤️
2557,2026-01-04 21:12:00,acc1,No spoilers please! 😭,,
2558,2026-01-04 21:14:00,acc2,Anyone watching Frieren lately? 💯,2555,😂
2559,2026-01-04 21:16:00,acc3,No spoilers please! 😀,,💯
2560,2026-01-04 21:18:00,acc4,That animation quality was insane! 😂,2545,❤️
2561,2026-01-04 21:20:00,acc1,Anyone watching Fullmetal Alchemist lately? 🍜,,❤️
2562,2026-01-04 21:22:00,acc2,Who's your favorite character from Haikyuu!!? 👀,,
2563,2026-01-04 21:24:00,acc3,I'm rewatching Bleach this weekend. 😀,,😂
2564,2026-01-04 21:26:00,acc4,That animation quality was insane! 💯,2548,👏
2565,2026-01-04 21:28:00,acc1,Anyone watching Hunter x Hunter lately? 😎,2556,😭
2566,2026-01-04 21:30:00,acc2,I'm rewatching Frieren this weekend. 😀,2561,💯
2567,2026-01-04 21:32:00,acc3,Random anime fact: Many anime openings become chart-topping songs. 👀,,😎
2568,2026-01-04 21:34:00,acc4,I'm rewatching Bleach this weekend. 🙌,2566,👍
2569,2026-01-04 21:36:00,acc1,Who's your favorite character from Demon Slayer? 😂,,😎
2570,2026-01-04 21:38:00,acc2,"Quote of the day: ""A lesson without pain is meaningless."" ❤️",2555,😂
2571,2026-01-04 21:40:00,acc3,I think today's episode was incredible! ❤️,2561,❤️
2572,2026-01-04 21:42:00,acc4,Anyone watching My Hero Academia lately? ⚡,,😂
2573,2026-01-04 21:44:00,acc1,Anyone watching Attack on Titan lately? 🔥,,🔥
2574,2026-01-04 21:46:00,acc2,I think today's episode was incredible! 💯,,😭
2575,2026-01-04 21:48:00,acc3,"Quote of the day: ""People's dreams never end."" ❤️",,😎
2576,2026-01-04 21:50:00,acc4,Anyone watching Frieren lately? 👀,2562,
2577,2026-01-04 21:52:00,acc1,That animation quality was insane! 🍜,,👍
2578,2026-01-04 21:54:00,acc2,Anyone watching Attack on Titan lately? 😎,,🔥
2579,2026-01-04 21:56:00,acc3,No spoilers please! ⚡,,😂
2580,2026-01-04 21:58:00,acc4,No spoilers please! 💯,,😂
2581,2026-01-04 22:00:00,acc1,My favorite moment in Bleach still gives me chills 💯,2579,
2582,2026-01-04 22:02:00,acc2,No spoilers please! 😎,2572,😂
2583,2026-01-04 22:04:00,acc3,Opening theme has been stuck in my head. 🎉,,💯
2584,2026-01-04 22:06:00,acc4,My favorite moment in Hunter x Hunter still gives me chills 📚,2570,😎
2585,2026-01-04 22:08:00,acc1,"Quote of the day: ""People's dreams never end."" 🤔",2576,👍
2586,2026-01-04 22:10:00,acc2,That animation quality was insane! ✨,,❤️
2587,2026-01-04 22:12:00,acc3,I'm rewatching My Hero Academia this weekend. 😭,,💯
2588,2026-01-04 22:14:00,acc4,Anyone watching Jujutsu Kaisen lately? 🎉,,😂
2589,2026-01-04 22:16:00,acc1,"Quote of the day: ""A lesson without pain is meaningless."" 🔥",2578,😂
2590,2026-01-04 22:18:00,acc2,I think today's episode was incredible! 😀,2581,❤️
2591,2026-01-04 22:20:00,acc3,My favorite moment in Steins;Gate still gives me chills 🔥,2587,😂
2592,2026-01-04 22:22:00,acc4,Opening theme has been stuck in my head. 🤔,,😭
2593,2026-01-04 22:24:00,acc1,Who's your favorite character from Naruto? ✨,,
2594,2026-01-04 22:26:00,acc2,Random anime fact: Attack on Titan changed many viewers' expectations of anime. 🔥,2578,👏
2595,2026-01-04 22:28:00,acc3,No spoilers please! 💯,,
2596,2026-01-04 22:30:00,acc4,Random anime fact: Attack on Titan changed many viewers' expectations of anime. 💯,,
2597,2026-01-04 22:32:00,acc1,No spoilers please! ✨,2591,❤️
2598,2026-01-04 22:34:00,acc2,No spoilers please! 💯,2594,👍
2599,2026-01-04 22:36:00,acc3,Random anime fact: Did you know? Anime is often adapted from manga or light novels. 📚,,😎
2600,2026-01-04 22:38:00,acc4,"Quote of the day: ""The world isn't perfect, but it's beautiful."" ⚡",2594,😂
2601,2026-01-04 22:40:00,acc1,That animation quality was insane! 😎,2594,❤️
2602,2026-01-04 22:42:00,acc2,I'm rewatching My Hero Academia this weekend. ✨,,😂
2603,2026-01-04 22:44:00,acc3,Random anime fact: Attack on Titan changed many viewers' expectations of anime. 🙌,2589,👏
2604,2026-01-04 22:46:00,acc4,No spoilers please! 🎉,,😎
2605,2026-01-04 22:48:00,acc1,"Quote of the day: ""A lesson without pain is meaningless."" 💯",,😮
2606,2026-01-04 22:50:00,acc2,That animation quality was insane! 🎉,,
2607,2026-01-04 22:52:00,acc3,Anyone watching Solo Leveling lately? 👀,,❤️
2608,2026-01-04 22:54:00,acc4,I think today's episode was incredible! 🔥,2596,😮
2609,2026-01-04 22:56:00,acc1,Opening theme has been stuck in my head. ⚡,,😂
2610,2026-01-04 22:58:00,acc2,"Quote of the day: ""Power comes in response to a need."" 🔥",2596,😎
2611,2026-01-04 23:00:00,acc3,"Quote of the day: ""A lesson without pain is meaningless."" 🍜",2609,
2612,2026-01-04 23:02:00,acc4,Who's your favorite character from Attack on Titan? 🔥,,👏
2613,2026-01-04 23:04:00,acc1,I'm rewatching Demon Slayer this weekend. 🙌,,👏
2614,2026-01-04 23:06:00,acc2,That animation quality was insane! 🔥,2601,🔥
2615,2026-01-04 23:08:00,acc3,I think today's episode was incredible! 🎉,,😎
2616,2026-01-04 23:10:00,acc4,I think today's episode was incredible! 🤔,,😭
2617,2026-01-04 23:12:00,acc1,Anyone watching Steins;Gate lately? 🤔,2613,😭
2618,2026-01-04 23:14:00,acc2,"Quote of the day: ""A lesson without pain is meaningless."" 😀",,
2619,2026-01-04 23:16:00,acc3,Opening theme has been stuck in my head. 🍜,,❤️
2620,2026-01-04 23:18:00,acc4,Anyone watching Death Note lately? 🔥,,👏
2621,2026-01-04 23:20:00,acc1,I think today's episode was incredible! 😂,,😮
2622,2026-01-04 23:22:00,acc2,My favorite moment in Bleach still gives me chills ⚡,,👏
2623,2026-01-04 23:24:00,acc3,Random anime fact: Did you know? Anime is often adapted from manga or light novels. 🙌,,🔥
2624,2026-01-04 23:26:00,acc4,"Quote of the day: ""Keep moving forward."" 😂",2615,👏
2625,2026-01-04 23:28:00,acc1,Random anime fact: Did you know? Anime is often adapted from manga or light novels. 😎,2619,❤️
2626,2026-01-04 23:30:00,acc2,I think today's episode was incredible! 🎉,,💯
2627,2026-01-04 23:32:00,acc3,I'm rewatching Attack on Titan this weekend. ✨,2620,😂
2628,2026-01-04 23:34:00,acc4,Random anime fact: Did you know? Anime is often adapted from manga or light novels. 🤔,,😎
2629,2026-01-04 23:36:00,acc1,Random anime fact: One Piece is among the best-selling manga series. 📚,2621,💯
2630,2026-01-04 23:38:00,acc2,Opening theme has been stuck in my head. 🍜,2626,😭
2631,2026-01-04 23:40:00,acc3,Random anime fact: Studio Ghibli films are famous for hand-drawn animation. 🍜,,👏
2632,2026-01-04 23:42:00,acc4,I think today's episode was incredible! ✨,2622,👏
2633,2026-01-04 23:44:00,acc1,Random anime fact: Many anime openings become chart-topping songs. 😎,2621,
2634,2026-01-04 23:46:00,acc2,Anyone watching Attack on Titan lately? 🤔,,👍
2635,2026-01-04 23:48:00,acc3,Who's your favorite character from Naruto? 🎉,,🔥
2636,2026-01-04 23:50:00,acc4,My favorite moment in Hunter x Hunter still gives me chills 🔥,2633,👏
2637,2026-01-04 23:52:00,acc1,I think today's episode was incredible! 🤔,2629,🔥
2638,2026-01-04 23:54:00,acc2,My favorite moment in Vinland Saga still gives me chills 💯,,😮
2639,2026-01-04 23:56:00,acc3,I'm rewatching Haikyuu!! this weekend. 👀,,🔥
2640,2026-01-04 23:58:00,acc4,Who's your favorite character from Vinland Saga? 🙌,2626,👍
2641,2026-01-05 00:00:00,acc1,Random anime fact: Studio Ghibli films are famous for hand-drawn animation. 🙌,2629,🔥
2642,2026-01-05 00:02:00,acc2,Random anime fact: Attack on Titan changed many viewers' expectations of anime. 🎉,2638,❤️
2643,2026-01-05 00:04:00,acc3,"Quote of the day: ""People's dreams never end."" 🔥",2641,👍
2644,2026-01-05 00:06:00,acc4,That animation quality was insane! 😀,2642,❤️
2645,2026-01-05 00:08:00,acc1,Random anime fact: One Piece is among the best-selling manga series. ⚡,,😎
2646,2026-01-05 00:10:00,acc2,Random anime fact: Studio Ghibli films are famous for hand-drawn animation. ✨,2636,😎
2647,2026-01-05 00:12:00,acc3,Random anime fact: Many anime openings become chart-topping songs. 🔥,2638,😭
2648,2026-01-05 00:14:00,acc4,Who's your favorite character from Solo Leveling? ✨,2638,😂
2649,2026-01-05 00:16:00,acc1,My favorite moment in Naruto still gives me chills 👀,2645,😭
2650,2026-01-05 00:18:00,acc2,My favorite moment in Haikyuu!! still gives me chills ❤️,,😎
2651,2026-01-05 00:20:00,acc3,I'm rewatching Demon Slayer this weekend. 😂,,😭
2652,2026-01-05 00:22:00,acc4,"Quote of the day: ""The world isn't perfect, but it's beautiful."" 🎉",2646,
2653,2026-01-05 00:24:00,acc1,Random anime fact: Did you know? Anime is often adapted from manga or light novels. 🔥,,
2654,2026-01-05 00:26:00,acc2,Random anime fact: Many anime openings become chart-topping songs. 📚,2649,💯
2655,2026-01-05 00:28:00,acc3,Who's your favorite character from Solo Leveling? 😂,,😎
2656,2026-01-05 00:30:00,acc4,I think today's episode was incredible! 🤔,2643,
2657,2026-01-05 00:32:00,acc1,Who's your favorite character from Fullmetal Alchemist? 😎,,😭
2658,2026-01-05 00:34:00,acc2,Random anime fact: Many anime openings become chart-topping songs. ❤️,2646,🔥
2659,2026-01-05 00:36:00,acc3,Who's your favorite character from One Piece? 😎,2655,😭
2660,2026-01-05 00:38:00,acc4,Opening theme has been stuck in my head. 👀,,😂
2661,2026-01-05 00:40:00,acc1,Anyone watching Demon Slayer lately? 🔥,,
2662,2026-01-05 00:42:00,acc2,My favorite moment in My Hero Academia still gives me chills 🙌,,👏
2663,2026-01-05 00:44:00,acc3,No spoilers please! 📚,,😂
2664,2026-01-05 00:46:00,acc4,I think today's episode was incredible! 🔥,,👍
2665,2026-01-05 00:48:00,acc1,Anyone watching Fullmetal Alchemist lately? 📚,,😎
2666,2026-01-05 00:50:00,acc2,No spoilers please! ✨,2659,😭
2667,2026-01-05 00:52:00,acc3,I think today's episode was incredible! 🙌,2656,😂
2668,2026-01-05 00:54:00,acc4,Anyone watching Hunter x Hunter lately? 😭,2666,👍
2669,2026-01-05 00:56:00,acc1,"Quote of the day: ""Power comes in response to a need."" 😎",2663,❤️
2670,2026-01-05 00:58:00,acc2,I think today's episode was incredible! 😂,2656,🔥
2671,2026-01-05 01:00:00,acc3,Opening theme has been stuck in my head. 💯,,
2672,2026-01-05 01:02:00,acc4,Who's your favorite character from Dragon Ball? 😂,,😮
2673,2026-01-05 01:04:00,acc1,"Quote of the day: ""Keep moving forward."" 🍜",2666,💯
2674,2026-01-05 01:06:00,acc2,Opening theme has been stuck in my head. 💯,2667,❤️
2675,2026-01-05 01:08:00,acc3,Random anime fact: One Piece is among the best-selling manga series. 💯,2660,🔥
2676,2026-01-05 01:10:00,acc4,I'm rewatching Demon Slayer this weekend. 😭,2662,👍
2677,2026-01-05 01:12:00,acc1,My favorite moment in Attack on Titan still gives me chills 😂,,❤️
2678,2026-01-05 01:14:00,acc2,Opening theme has been stuck in my head. 😂,2669,😂
2679,2026-01-05 01:16:00,acc3,I'm rewatching Solo Leveling this weekend. 🎉,2666,
2680,2026-01-05 01:18:00,acc4,"Quote of the day: ""Power comes in response to a need."" 👀",,👏
2681,2026-01-05 01:20:00,acc1,Random anime fact: Attack on Titan changed many viewers' expectations of anime. 💯,2679,😮
2682,2026-01-05 01:22:00,acc2,My favorite moment in Attack on Titan still gives me chills 🔥,,👍
2683,2026-01-05 01:24:00,acc3,I think today's episode was incredible! 🔥,2676,👏
2684,2026-01-05 01:26:00,acc4,That animation quality was insane! 😎,,
2685,2026-01-05 01:28:00,acc1,That animation quality was insane! 🤔,2670,👍
2686,2026-01-05 01:30:00,acc2,I think today's episode was incredible! 👀,,
2687,2026-01-05 01:32:00,acc3,I'm rewatching Death Note this weekend. ❤️,,😮
2688,2026-01-05 01:34:00,acc4,I think today's episode was incredible! ✨,2678,😮
2689,2026-01-05 01:36:00,acc1,My favorite moment in Jujutsu Kaisen still gives me chills 😎,2685,😂
2690,2026-01-05 01:38:00,acc2,Anyone watching One Piece lately? 📚,,👏
2691,2026-01-05 01:40:00,acc3,I'm rewatching Demon Slayer this weekend. ✨,,😂
2692,2026-01-05 01:42:00,acc4,That animation quality was insane! 😭,2676,💯
2693,2026-01-05 01:44:00,acc1,Who's your favorite character from Hunter x Hunter? 🍜,2691,❤️
2694,2026-01-05 01:46:00,acc2,Random anime fact: Studio Ghibli films are famous for hand-drawn animation. 🍜,2688,👍
2695,2026-01-05 01:48:00,acc3,"Quote of the day: ""Power comes in response to a need."" 😀",,👍
2696,2026-01-05 01:50:00,acc4,I'm rewatching Dragon Ball this weekend. 👀,,😮
2697,2026-01-05 01:52:00,acc1,I think today's episode was incredible! 👀,,💯
2698,2026-01-05 01:54:00,acc2,My favorite moment in Demon Slayer still gives me chills ⚡,,😮
2699,2026-01-05 01:56:00,acc3,Anyone watching My Hero Academia lately? 😂,2695,❤️
2700,2026-01-05 01:58:00,acc4,That animation quality was insane! 😀,2685,😭
2701,2026-01-05 02:00:00,acc1,Random anime fact: Studio Ghibli films are famous for hand-drawn animation. ⚡,,👍
2702,2026-01-05 02:02:00,acc2,I think today's episode was incredible! 🎉,,😂
2703,2026-01-05 02:04:00,acc3,Anyone watching One Piece lately? 🤔,2690,😎
2704,2026-01-05 02:06:00,acc4,"Quote of the day: ""The world isn't perfect, but it's beautiful."" 😂",,🔥
2705,2026-01-05 02:08:00,acc1,Who's your favorite character from Solo Leveling? 🍜,,😎
2706,2026-01-05 02:10:00,acc2,That animation quality was insane! ❤️,,🔥
2707,2026-01-05 02:12:00,acc3,Random anime fact: Did you know? Anime is often adapted from manga or light novels. 😭,,😎
2708,2026-01-05 02:14:00,acc4,That animation quality was insane! 🙌,2699,👍
2709,2026-01-05 02:16:00,acc1,I think today's episode was incredible! 😀,,🔥
2710,2026-01-05 02:18:00,acc2,Who's your favorite character from Haikyuu!!? 📚,2708,💯
2711,2026-01-05 02:20:00,acc3,Opening theme has been stuck in my head. 🤔,,🔥
2712,2026-01-05 02:22:00,acc4,Anyone watching Jujutsu Kaisen lately? 😀,,😮
2713,2026-01-05 02:24:00,acc1,Who's your favorite character from Haikyuu!!? 😂,2707,
2714,2026-01-05 02:26:00,acc2,I'm rewatching One Piece this weekend. 😀,2708,😭
2715,2026-01-05 02:28:00,acc3,Who's your favorite character from Attack on Titan? 😀,2707,😎
2716,2026-01-05 02:30:00,acc4,Who's your favorite character from Bleach? 🎉,2705,🔥
2717,2026-01-05 02:32:00,acc1,Who's your favorite character from Bleach? 😀,2709,👍
2718,2026-01-05 02:34:00,acc2,I'm rewatching Frieren this weekend. 🍜,2708,
2719,2026-01-05 02:36:00,acc3,My favorite moment in Death Note still gives me chills 💯,,
2720,2026-01-05 02:38:00,acc4,That animation quality was insane! 🍜,,😎
2721,2026-01-05 02:40:00,acc1,That animation quality was insane! 📚,2707,🔥
2722,2026-01-05 02:42:00,acc2,I'm rewatching Death Note this weekend. ⚡,2709,🔥
2723,2026-01-05 02:44:00,acc3,"Quote of the day: ""The world isn't perfect, but it's beautiful."" 🔥",2715,
2724,2026-01-05 02:46:00,acc4,My favorite moment in Frieren still gives me chills 📚,2715,👍
2725,2026-01-05 02:48:00,acc1,That animation quality was insane! 🔥,2719,😂
2726,2026-01-05 02:50:00,acc2,No spoilers please! 😀,2724,😎
2727,2026-01-05 02:52:00,acc3,Anyone watching Demon Slayer lately? 😭,2721,👍
2728,2026-01-05 02:54:00,acc4,My favorite moment in Steins;Gate still gives me chills 🎉,,
2729,2026-01-05 02:56:00,acc1,I'm rewatching My Hero Academia this weekend. 😂,2724,😎
2730,2026-01-05 02:58:00,acc2,My favorite moment in Frieren still gives me chills 😀,2728,💯
2731,2026-01-05 03:00:00,acc3,Random anime fact: Studio Ghibli films are famous for hand-drawn animation. 🔥,2722,👏
2732,2026-01-05 03:02:00,acc4,I think today's episode was incredible! ✨,,👍
2733,2026-01-05 03:04:00,acc1,No spoilers please! 😎,,😭
2734,2026-01-05 03:06:00,acc2,Random anime fact: One Piece is among the best-selling manga series. 🍜,2724,
2735,2026-01-05 03:08:00,acc3,My favorite moment in Bleach still gives me chills 😭,2729,❤️
2736,2026-01-05 03:10:00,acc4,Opening theme has been stuck in my head. 💯,,😂
2737,2026-01-05 03:12:00,acc1,I'm rewatching Vinland Saga this weekend. 🔥,2727,
2738,2026-01-05 03:14:00,acc2,Anyone watching Death Note lately? 😎,2725,❤️
2739,2026-01-05 03:16:00,acc3,My favorite moment in Steins;Gate still gives me chills 😭,,👍
2740,2026-01-05 03:18:00,acc4,I'm rewatching Death Note this weekend. 🔥,,😎
2741,2026-01-05 03:20:00,acc1,My favorite moment in Hunter x Hunter still gives me chills 🤔,2732,
2742,2026-01-05 03:22:00,acc2,Anyone watching Haikyuu!! lately? 💯,2740,💯
2743,2026-01-05 03:24:00,acc3,No spoilers please! 😭,,😮
2744,2026-01-05 03:26:00,acc4,No spoilers please! ⚡,,❤️
2745,2026-01-05 03:28:00,acc1,I think today's episode was incredible! ✨,,😂
2746,2026-01-05 03:30:00,acc2,"Quote of the day: ""Keep moving forward."" 🎉",2736,😮
2747,2026-01-05 03:32:00,acc3,"Quote of the day: ""Keep moving forward."" 👀",,💯
2748,2026-01-05 03:34:00,acc4,That animation quality was insane! 📚,,😮
2749,2026-01-05 03:36:00,acc1,No spoilers please! 🎉,,
2750,2026-01-05 03:38:00,acc2,My favorite moment in Bleach still gives me chills 👀,,❤️
2751,2026-01-05 03:40:00,acc3,"Quote of the day: ""Keep moving forward."" 📚",,
2752,2026-01-05 03:42:00,acc4,"Quote of the day: ""The world isn't perfect, but it's beautiful."" 😂",,💯
2753,2026-01-05 03:44:00,acc1,Anyone watching One Piece lately? ❤️,2742,😎
2754,2026-01-05 03:46:00,acc2,Anyone watching Attack on Titan lately? 🎉,2743,😮
2755,2026-01-05 03:48:00,acc3,My favorite moment in Frieren still gives me chills 😎,2745,👏
2756,2026-01-05 03:50:00,acc4,Anyone watching Naruto lately? 😎,2746,💯
2757,2026-01-05 03:52:00,acc1,My favorite moment in Bleach still gives me chills 📚,2743,😮
2758,2026-01-05 03:54:00,acc2,Anyone watching Naruto lately? 📚,2749,😎
2759,2026-01-05 03:56:00,acc3,I'm rewatching Jujutsu Kaisen this weekend. 😂,,😎
2760,2026-01-05 03:58:00,acc4,Random anime fact: Voice actors in Japan are called seiyuu. 👀,2754,💯
2761,2026-01-05 04:00:00,acc1,No spoilers please! 👀,2759,🔥
2762,2026-01-05 04:02:00,acc2,I'm rewatching Haikyuu!! this weekend. ✨,,😎
2763,2026-01-05 04:04:00,acc3,My favorite moment in Haikyuu!! still gives me chills 🙌,,
2764,2026-01-05 04:06:00,acc4,My favorite moment in Steins;Gate still gives me chills 😂,2759,
2765,2026-01-05 04:08:00,acc1,"Quote of the day: ""The world isn't perfect, but it's beautiful."" 🤔",2755,👍
2766,2026-01-05 04:10:00,acc2,My favorite moment in Dragon Ball still gives me chills ⚡,,👍
2767,2026-01-05 04:12:00,acc3,No spoilers please! 🎉,2754,💯
2768,2026-01-05 04:14:00,acc4,Random anime fact: Voice actors in Japan are called seiyuu. 🙌,,
2769,2026-01-05 04:16:00,acc1,Anyone watching Steins;Gate lately? 👀,,👍
2770,2026-01-05 04:18:00,acc2,Opening theme has been stuck in my head. 💯,,😂
2771,2026-01-05 04:20:00,acc3,Random anime fact: Attack on Titan changed many viewers' expectations of anime. 😎,,💯
2772,2026-01-05 04:22:00,acc4,No spoilers please! 🎉,2762,😭
2773,2026-01-05 04:24:00,acc1,That animation quality was insane! 🎉,,👍
2774,2026-01-05 04:26:00,acc2,I think today's episode was incredible! 🍜,2765,👏
2775,2026-01-05 04:28:00,acc3,Who's your favorite character from One Piece? 🎉,2762,🔥
2776,2026-01-05 04:30:00,acc4,I think today's episode was incredible! ❤️,,💯
2777,2026-01-05 04:32:00,acc1,That animation quality was insane! 🎉,,😮
2778,2026-01-05 04:34:00,acc2,I think today's episode was incredible! 💯,2767,🔥
2779,2026-01-05 04:36:00,acc3,Random anime fact: Did you know? Anime is often adapted from manga or light novels. 🔥,,😂
2780,2026-01-05 04:38:00,acc4,I'm rewatching Frieren this weekend. 😭,2771,😮
2781,2026-01-05 04:40:00,acc1,My favorite moment in Haikyuu!! still gives me chills 👀,,❤️
2782,2026-01-05 04:42:00,acc2,My favorite moment in Bleach still gives me chills 🙌,,😎
2783,2026-01-05 04:44:00,acc3,That animation quality was insane! 💯,2767,😎
2784,2026-01-05 04:46:00,acc4,No spoilers please! 👀,2775,😭
2785,2026-01-05 04:48:00,acc1,Opening theme has been stuck in my head. 🔥,2774,😭
2786,2026-01-05 04:50:00,acc2,That animation quality was insane! 🔥,2783,😂
2787,2026-01-05 04:52:00,acc3,My favorite moment in Vinland Saga still gives me chills 🙌,2771,🔥
2788,2026-01-05 04:54:00,acc4,"Quote of the day: ""The world isn't perfect, but it's beautiful."" 🤔",,
2789,2026-01-05 04:56:00,acc1,No spoilers please! ⚡,,😂
2790,2026-01-05 04:58:00,acc2,Who's your favorite character from Dragon Ball? 🔥,,😎
2791,2026-01-05 05:00:00,acc3,Who's your favorite character from Hunter x Hunter? 📚,,😮
2792,2026-01-05 05:02:00,acc4,Who's your favorite character from Naruto? 😎,2780,😭
2793,2026-01-05 05:04:00,acc1,"Quote of the day: ""A lesson without pain is meaningless."" 🍜",2778,❤️
2794,2026-01-05 05:06:00,acc2,I'm rewatching Jujutsu Kaisen this weekend. 📚,,😎
2795,2026-01-05 05:08:00,acc3,My favorite moment in Death Note still gives me chills 🙌,2793,💯
2796,2026-01-05 05:10:00,acc4,Random anime fact: Voice actors in Japan are called seiyuu. 💯,2780,🔥
2797,2026-01-05 05:12:00,acc1,My favorite moment in Haikyuu!! still gives me chills 🍜,2786,👍
2798,2026-01-05 05:14:00,acc2,That animation quality was insane! 🎉,2795,👍
2799,2026-01-05 05:16:00,acc3,That animation quality was insane! 😀,2795,🔥
2800,2026-01-05 05:18:00,acc4,Random anime fact: Many anime openings become chart-topping songs. ✨,,🔥
2801,2026-01-05 05:20:00,acc1,Anyone watching Solo Leveling lately? 😀,2798,❤️
2802,2026-01-05 05:22:00,acc2,I'm rewatching Bleach this weekend. ⚡,2794,❤️
2803,2026-01-05 05:24:00,acc3,Who's your favorite character from Vinland Saga? 😎,,👏
2804,2026-01-05 05:26:00,acc4,No spoilers please! 😀,,😎
2805,2026-01-05 05:28:00,acc1,Opening theme has been stuck in my head. ⚡,2796,😎
2806,2026-01-05 05:30:00,acc2,Opening theme has been stuck in my head. ❤️,,😎
2807,2026-01-05 05:32:00,acc3,Who's your favorite character from My Hero Academia? 💯,2802,💯
2808,2026-01-05 05:34:00,acc4,Random anime fact: Attack on Titan changed many viewers' expectations of anime. ✨,2804,
2809,2026-01-05 05:36:00,acc1,Opening theme has been stuck in my head. ⚡,2806,😭
2810,2026-01-05 05:38:00,acc2,Random anime fact: Studio Ghibli films are famous for hand-drawn animation. 💯,,🔥
2811,2026-01-05 05:40:00,acc3,That animation quality was insane! ✨,2797,😮
2812,2026-01-05 05:42:00,acc4,"Quote of the day: ""Keep moving forward."" 💯",2798,😎
2813,2026-01-05 05:44:00,acc1,My favorite moment in Hunter x Hunter still gives me chills 🎉,,❤️
2814,2026-01-05 05:46:00,acc2,Random anime fact: Did you know? Anime is often adapted from manga or light novels. 📚,2807,🔥
2815,2026-01-05 05:48:00,acc3,Anyone watching Demon Slayer lately? 📚,2807,🔥
2816,2026-01-05 05:50:00,acc4,My favorite moment in Demon Slayer still gives me chills 😀,,🔥
2817,2026-01-05 05:52:00,acc1,No spoilers please! 😂,,💯
2818,2026-01-05 05:54:00,acc2,Anyone watching Haikyuu!! lately? 📚,2812,
2819,2026-01-05 05:56:00,acc3,Anyone watching Death Note lately? 😂,2816,😮
2820,2026-01-05 05:58:00,acc4,My favorite moment in Fullmetal Alchemist still gives me chills 🎉,,🔥
2821,2026-01-05 06:00:00,acc1,My favorite moment in Frieren still gives me chills 💯,2817,👍
2822,2026-01-05 06:02:00,acc2,No spoilers please! 🎉,2809,👏
2823,2026-01-05 06:04:00,acc3,My favorite moment in Frieren still gives me chills 🤔,,🔥
2824,2026-01-05 06:06:00,acc4,Random anime fact: One Piece is among the best-selling manga series. 📚,,😮
2825,2026-01-05 06:08:00,acc1,I'm rewatching Solo Leveling this weekend. 😭,2814,👍
2826,2026-01-05 06:10:00,acc2,That animation quality was insane! 📚,,❤️
2827,2026-01-05 06:12:00,acc3,I think today's episode was incredible! 📚,,❤️
2828,2026-01-05 06:14:00,acc4,Anyone watching Bleach lately? 😎,2820,👏
2829,2026-01-05 06:16:00,acc1,Opening theme has been stuck in my head. 🍜,,
2830,2026-01-05 06:18:00,acc2,Anyone watching Death Note lately? 👀,,😎
2831,2026-01-05 06:20:00,acc3,"Quote of the day: ""The world isn't perfect, but it's beautiful."" ✨",,😂
2832,2026-01-05 06:22:00,acc4,Opening theme has been stuck in my head. 👀,,💯
2833,2026-01-05 06:24:00,acc1,No spoilers please! ❤️,,😎
2834,2026-01-05 06:26:00,acc2,I'm rewatching Attack on Titan this weekend. 💯,2819,👏
2835,2026-01-05 06:28:00,acc3,Random anime fact: Studio Ghibli films are famous for hand-drawn animation. 😭,,❤️
2836,2026-01-05 06:30:00,acc4,Opening theme has been stuck in my head. 🙌,,👍
2837,2026-01-05 06:32:00,acc1,I think today's episode was incredible! 📚,2831,😎
2838,2026-01-05 06:34:00,acc2,My favorite moment in Demon Slayer still gives me chills 😎,2822,
2839,2026-01-05 06:36:00,acc3,I'm rewatching Dragon Ball this weekend. 🎉,,😎
2840,2026-01-05 06:38:00,acc4,I'm rewatching Solo Leveling this weekend. ⚡,,❤️
2841,2026-01-05 06:40:00,acc1,Opening theme has been stuck in my head. 😭,,❤️
2842,2026-01-05 06:42:00,acc2,Who's your favorite character from Attack on Titan? 🔥,,
2843,2026-01-05 06:44:00,acc3,Random anime fact: Voice actors in Japan are called seiyuu. 😎,,
2844,2026-01-05 06:46:00,acc4,My favorite moment in Death Note still gives me chills 👀,,😮
2845,2026-01-05 06:48:00,acc1,No spoilers please! 😂,,😮
2846,2026-01-05 06:50:00,acc2,That animation quality was insane! 🤔,2832,👍
2847,2026-01-05 06:52:00,acc3,Anyone watching Jujutsu Kaisen lately? ⚡,2831,👍
2848,2026-01-05 06:54:00,acc4,I think today's episode was incredible! ❤️,,👍
2849,2026-01-05 06:56:00,acc1,Random anime fact: Voice actors in Japan are called seiyuu. 🍜,,😭
2850,2026-01-05 06:58:00,acc2,No spoilers please! 📚,2848,😮
2851,2026-01-05 07:00:00,acc3,No spoilers please! ⚡,2849,😎
2852,2026-01-05 07:02:00,acc4,I'm rewatching Demon Slayer this weekend. 🙌,,😂
2853,2026-01-05 07:04:00,acc1,No spoilers please! 📚,2849,👏
2854,2026-01-05 07:06:00,acc2,I think today's episode was incredible! 😀,2848,👍
2855,2026-01-05 07:08:00,acc3,Anyone watching Bleach lately? 🤔,2852,😭
2856,2026-01-05 07:10:00,acc4,Random anime fact: Many anime openings become chart-topping songs. 🤔,,👍
2857,2026-01-05 07:12:00,acc1,Opening theme has been stuck in my head. 😀,,👍
2858,2026-01-05 07:14:00,acc2,That animation quality was insane! 🎉,2852,👍
2859,2026-01-05 07:16:00,acc3,My favorite moment in One Piece still gives me chills 📚,2852,😮
2860,2026-01-05 07:18:00,acc4,Random anime fact: Many anime openings become chart-topping songs. ❤️,2852,😭
2861,2026-01-05 07:20:00,acc1,"Quote of the day: ""Keep moving forward."" 👀",2851,👏
2862,2026-01-05 07:22:00,acc2,I'm rewatching Jujutsu Kaisen this weekend. 😎,2852,❤️
2863,2026-01-05 07:24:00,acc3,Who's your favorite character from Jujutsu Kaisen? 🎉,2848,🔥
2864,2026-01-05 07:26:00,acc4,Anyone watching Bleach lately? 🤔,,😎
2865,2026-01-05 07:28:00,acc1,I'm rewatching Haikyuu!! this weekend. 😂,2852,👏
2866,2026-01-05 07:30:00,acc2,"Quote of the day: ""Keep moving forward."" 🎉",,😂
2867,2026-01-05 07:32:00,acc3,Who's your favorite character from Vinland Saga? 😭,2857,👍
2868,2026-01-05 07:34:00,acc4,No spoilers please! 👀,,😮
2869,2026-01-05 07:36:00,acc1,No spoilers please! ❤️,,😂
2870,2026-01-05 07:38:00,acc2,Who's your favorite character from Solo Leveling? 📚,,😂
2871,2026-01-05 07:40:00,acc3,I'm rewatching Naruto this weekend. 😀,2869,😮
2872,2026-01-05 07:42:00,acc4,Opening theme has been stuck in my head. ⚡,,❤️
2873,2026-01-05 07:44:00,acc1,Opening theme has been stuck in my head. ❤️,,👍
2874,2026-01-05 07:46:00,acc2,I think today's episode was incredible! 📚,,😭
2875,2026-01-05 07:48:00,acc3,Opening theme has been stuck in my head. 💯,,🔥
2876,2026-01-05 07:50:00,acc4,No spoilers please! ⚡,2861,
2877,2026-01-05 07:52:00,acc1,Who's your favorite character from One Piece? 🎉,2868,💯
2878,2026-01-05 07:54:00,acc2,Anyone watching Naruto lately? 🔥,,
2879,2026-01-05 07:56:00,acc3,Who's your favorite character from Dragon Ball? 🍜,2864,😂
2880,2026-01-05 07:58:00,acc4,I'm rewatching One Piece this weekend. 🔥,2876,
2881,2026-01-05 08:00:00,acc1,That animation quality was insane! 🔥,2876,👍
2882,2026-01-05 08:02:00,acc2,"Quote of the day: ""People's dreams never end."" 🤔",2880,😂
2883,2026-01-05 08:04:00,acc3,I'm rewatching Dragon Ball this weekend. 😎,2876,👏
2884,2026-01-05 08:06:00,acc4,I'm rewatching Naruto this weekend. 😀,,😭
2885,2026-01-05 08:08:00,acc1,No spoilers please! 👀,,👏
2886,2026-01-05 08:10:00,acc2,"Quote of the day: ""People's dreams never end."" 📚",2883,❤️
2887,2026-01-05 08:12:00,acc3,Opening theme has been stuck in my head. 😎,,😮
2888,2026-01-05 08:14:00,acc4,Anyone watching One Piece lately? 😂,,😂
2889,2026-01-05 08:16:00,acc1,No spoilers please! 😀,2885,😮
2890,2026-01-05 08:18:00,acc2,Opening theme has been stuck in my head. 😎,2877,👏
2891,2026-01-05 08:20:00,acc3,"Quote of the day: ""Power comes in response to a need."" 🤔",2885,
2892,2026-01-05 08:22:00,acc4,That animation quality was insane! 🤔,,👍
2893,2026-01-05 08:24:00,acc1,Anyone watching Vinland Saga lately? 👀,2883,
2894,2026-01-05 08:26:00,acc2,No spoilers please! 😂,,😭
2895,2026-01-05 08:28:00,acc3,"Quote of the day: ""People's dreams never end."" 🎉",2887,😮
2896,2026-01-05 08:30:00,acc4,"Quote of the day: ""A lesson without pain is meaningless."" 💯",2884,😮
2897,2026-01-05 08:32:00,acc1,That animation quality was insane! 😀,2887,😂
2898,2026-01-05 08:34:00,acc2,Random anime fact: Studio Ghibli films are famous for hand-drawn animation. ❤️,2895,👍
2899,2026-01-05 08:36:00,acc3,I think today's episode was incredible! 😭,,💯
2900,2026-01-05 08:38:00,acc4,No spoilers please! ⚡,,
2901,2026-01-05 08:40:00,acc1,Opening theme has been stuck in my head. 💯,2887,🔥
2902,2026-01-05 08:42:00,acc2,My favorite moment in Hunter x Hunter still gives me chills 🍜,,👍
2903,2026-01-05 08:44:00,acc3,Anyone watching Naruto lately? 🍜,,👍
2904,2026-01-05 08:46:00,acc4,Anyone watching Vinland Saga lately? ❤️,,❤️
2905,2026-01-05 08:48:00,acc1,"Quote of the day: ""The world isn't perfect, but it's beautiful."" ⚡",2898,👍
2906,2026-01-05 08:50:00,acc2,I'm rewatching Frieren this weekend. 📚,,
2907,2026-01-05 08:52:00,acc3,Random anime fact: Studio Ghibli films are famous for hand-drawn animation. 🍜,,
2908,2026-01-05 08:54:00,acc4,Anyone watching Vinland Saga lately? 😭,,🔥
2909,2026-01-05 08:56:00,acc1,Anyone watching Vinland Saga lately? 🎉,2895,😭
2910,2026-01-05 08:58:00,acc2,My favorite moment in Dragon Ball still gives me chills 🔥,,😭
2911,2026-01-05 09:00:00,acc3,Anyone watching One Piece lately? 🔥,2896,❤️
2912,2026-01-05 09:02:00,acc4,No spoilers please! 🙌,,🔥
2913,2026-01-05 09:04:00,acc1,Opening theme has been stuck in my head. 😂,2899,❤️
2914,2026-01-05 09:06:00,acc2,Opening theme has been stuck in my head. ✨,2909,👍
2915,2026-01-05 09:08:00,acc3,My favorite moment in Dragon Ball still gives me chills 😭,2907,💯
2916,2026-01-05 09:10:00,acc4,No spoilers please! 🤔,2911,
2917,2026-01-05 09:12:00,acc1,I'm rewatching Solo Leveling this weekend. 🙌,,❤️
2918,2026-01-05 09:14:00,acc2,Anyone watching Haikyuu!! lately? 😀,2914,👏
2919,2026-01-05 09:16:00,acc3,Opening theme has been stuck in my head. 🎉,2904,😎
2920,2026-01-05 09:18:00,acc4,Opening theme has been stuck in my head. ✨,2906,😎
2921,2026-01-05 09:20:00,acc1,Anyone watching Steins;Gate lately? 🍜,2913,😂
2922,2026-01-05 09:22:00,acc2,Anyone watching Demon Slayer lately? 🔥,,😎
2923,2026-01-05 09:24:00,acc3,Random anime fact: Attack on Titan changed many viewers' expectations of anime. ✨,2920,🔥
2924,2026-01-05 09:26:00,acc4,Who's your favorite character from Jujutsu Kaisen? 😀,,😮
2925,2026-01-05 09:28:00,acc1,Random anime fact: Studio Ghibli films are famous for hand-drawn animation. 🙌,2922,😎
2926,2026-01-05 09:30:00,acc2,Opening theme has been stuck in my head. 🤔,2913,👍
2927,2026-01-05 09:32:00,acc3,Anyone watching Jujutsu Kaisen lately? 🔥,2911,😮
2928,2026-01-05 09:34:00,acc4,I'm rewatching Jujutsu Kaisen this weekend. 🔥,2925,😂
2929,2026-01-05 09:36:00,acc1,"Quote of the day: ""Power comes in response to a need."" 🙌",,😂
2930,2026-01-05 09:38:00,acc2,Anyone watching Bleach lately? 📚,,💯
2931,2026-01-05 09:40:00,acc3,Opening theme has been stuck in my head. 🤔,,😭
2932,2026-01-05 09:42:00,acc4,Opening theme has been stuck in my head. 😭,,😎
2933,2026-01-05 09:44:00,acc1,Anyone watching Hunter x Hunter lately? 💯,2926,❤️
2934,2026-01-05 09:46:00,acc2,Who's your favorite character from Vinland Saga? ⚡,,
2935,2026-01-05 09:48:00,acc3,No spoilers please! 🙌,,👍
2936,2026-01-05 09:50:00,acc4,Who's your favorite character from Steins;Gate? 🍜,,💯
2937,2026-01-05 09:52:00,acc1,My favorite moment in Haikyuu!! still gives me chills 👀,2924,❤️
2938,2026-01-05 09:54:00,acc2,Anyone watching Vinland Saga lately? ✨,,😎
2939,2026-01-05 09:56:00,acc3,Anyone watching Dragon Ball lately? ⚡,,💯
2940,2026-01-05 09:58:00,acc4,That animation quality was insane! ✨,,👍
2941,2026-01-05 10:00:00,acc1,Who's your favorite character from Frieren? 🎉,,👍
2942,2026-01-05 10:02:00,acc2,Who's your favorite character from My Hero Academia? ❤️,2929,🔥
2943,2026-01-05 10:04:00,acc3,Opening theme has been stuck in my head. 😎,,😭
2944,2026-01-05 10:06:00,acc4,Random anime fact: Voice actors in Japan are called seiyuu. 😭,,❤️
2945,2026-01-05 10:08:00,acc1,"Quote of the day: ""A lesson without pain is meaningless."" 😎",2939,😂
2946,2026-01-05 10:10:00,acc2,I think today's episode was incredible! 🙌,,😂
2947,2026-01-05 10:12:00,acc3,No spoilers please! 🍜,2931,😎
2948,2026-01-05 10:14:00,acc4,Opening theme has been stuck in my head. 😂,2934,🔥
2949,2026-01-05 10:16:00,acc1,Opening theme has been stuck in my head. 💯,2939,😮
2950,2026-01-05 10:18:00,acc2,"Quote of the day: ""Keep moving forward."" 🤔",2945,😮
2951,2026-01-05 10:20:00,acc3,Anyone watching My Hero Academia lately? 💯,,🔥
2952,2026-01-05 10:22:00,acc4,Anyone watching Hunter x Hunter lately? ❤️,2939,❤️
2953,2026-01-05 10:24:00,acc1,No spoilers please! 🍜,2937,👏
2954,2026-01-05 10:26:00,acc2,That animation quality was insane! 🎉,2947,😮
2955,2026-01-05 10:28:00,acc3,Opening theme has been stuck in my head. 😭,2950,😮
2956,2026-01-05 10:30:00,acc4,That animation quality was insane! ❤️,,😭
2957,2026-01-05 10:32:00,acc1,Opening theme has been stuck in my head. 📚,2947,❤️
2958,2026-01-05 10:34:00,acc2,My favorite moment in Vinland Saga still gives me chills 🔥,,😮
2959,2026-01-05 10:36:00,acc3,Anyone watching Dragon Ball lately? 🙌,2957,
2960,2026-01-05 10:38:00,acc4,I think today's episode was incredible! 🍜,,💯
2961,2026-01-05 10:40:00,acc1,That animation quality was insane! 👀,,😭
2962,2026-01-05 10:42:00,acc2,I'm rewatching Demon Slayer this weekend. 😀,2950,😂
2963,2026-01-05 10:44:00,acc3,Who's your favorite character from Hunter x Hunter? 😂,,❤️
2964,2026-01-05 10:46:00,acc4,No spoilers please! 💯,2951,😂
2965,2026-01-05 10:48:00,acc1,I think today's episode was incredible! 🎉,2952,👍
2966,2026-01-05 10:50:00,acc2,I'm rewatching My Hero Academia this weekend. ❤️,,👍
2967,2026-01-05 10:52:00,acc3,No spoilers please! ⚡,2965,😂
2968,2026-01-05 10:54:00,acc4,No spoilers please! 🤔,,😎
2969,2026-01-05 10:56:00,acc1,I think today's episode was incredible! ❤️,2963,😮
2970,2026-01-05 10:58:00,acc2,I'm rewatching Demon Slayer this weekend. 🎉,,😭
2971,2026-01-05 11:00:00,acc3,Random anime fact: Did you know? Anime is often adapted from manga or light novels. ❤️,2969,👍
2972,2026-01-05 11:02:00,acc4,I'm rewatching Vinland Saga this weekend. ❤️,2958,
2973,2026-01-05 11:04:00,acc1,"Quote of the day: ""Power comes in response to a need."" 😭",,👍
2974,2026-01-05 11:06:00,acc2,Anyone watching Attack on Titan lately? 💯,2968,👏
2975,2026-01-05 11:08:00,acc3,Anyone watching Jujutsu Kaisen lately? 😂,2964,👏
2976,2026-01-05 11:10:00,acc4,Random anime fact: Did you know? Anime is often adapted from manga or light novels. 📚,2970,😂
2977,2026-01-05 11:12:00,acc1,I think today's episode was incredible! 🔥,2974,🔥
2978,2026-01-05 11:14:00,acc2,Who's your favorite character from Attack on Titan? 👀,,
2979,2026-01-05 11:16:00,acc3,My favorite moment in Attack on Titan still gives me chills ✨,2965,👍
2980,2026-01-05 11:18:00,acc4,Opening theme has been stuck in my head. 😭,,😂
2981,2026-01-05 11:20:00,acc1,Random anime fact: Voice actors in Japan are called seiyuu. 👀,2975,😭
2982,2026-01-05 11:22:00,acc2,I think today's episode was incredible! 🙌,2971,🔥
2983,2026-01-05 11:24:00,acc3,I'm rewatching Hunter x Hunter this weekend. 🔥,,
2984,2026-01-05 11:26:00,acc4,Random anime fact: Attack on Titan changed many viewers' expectations of anime. 👀,,👏
2985,2026-01-05 11:28:00,acc1,I think today's episode was incredible! 🎉,,🔥
2986,2026-01-05 11:30:00,acc2,I think today's episode was incredible! ✨,2977,💯
2987,2026-01-05 11:32:00,acc3,Anyone watching Bleach lately? ⚡,2977,
2988,2026-01-05 11:34:00,acc4,Random anime fact: Did you know? Anime is often adapted from manga or light novels. 🎉,2975,💯
2989,2026-01-05 11:36:00,acc1,My favorite moment in Naruto still gives me chills ⚡,,❤️
2990,2026-01-05 11:38:00,acc2,No spoilers please! ❤️,2984,😂
2991,2026-01-05 11:40:00,acc3,Who's your favorite character from Bleach? 📚,2979,💯
2992,2026-01-05 11:42:00,acc4,Who's your favorite character from Death Note? ⚡,,🔥
2993,2026-01-05 11:44:00,acc1,Random anime fact: Many anime openings become chart-topping songs. 🔥,2985,👍
2994,2026-01-05 11:46:00,acc2,Random anime fact: Attack on Titan changed many viewers' expectations of anime. 😎,,
2995,2026-01-05 11:48:00,acc3,I think today's episode was incredible! 🔥,,💯
2996,2026-01-05 11:50:00,acc4,I think today's episode was incredible! ❤️,2994,💯
2997,2026-01-05 11:52:00,acc1,"Quote of the day: ""The world isn't perfect, but it's beautiful."" 🍜",,❤️
2998,2026-01-05 11:54:00,acc2,I'm rewatching Naruto this weekend. 💯,,🔥
2999,2026-01-05 11:56:00,acc3,No spoilers please! ❤️,2995,❤️
3000,2026-01-05 11:58:00,acc4,My favorite moment in Solo Leveling still gives me chills 📚,,💯
3001,2026-01-05 12:00:00,acc1,Who's your favorite character from Demon Slayer? ✨,2988,
3002,2026-01-05 12:02:00,acc2,My favorite moment in Death Note still gives me chills 😭,,😮
3003,2026-01-05 12:04:00,acc3,Who's your favorite character from Death Note? 🤔,2999,😂
3004,2026-01-05 12:06:00,acc4,Who's your favorite character from Bleach? 😭,,
3005,2026-01-05 12:08:00,acc1,Anyone watching Solo Leveling lately? 😎,2999,❤️
3006,2026-01-05 12:10:00,acc2,I think today's episode was incredible! 👀,2997,👏
3007,2026-01-05 12:12:00,acc3,Anyone watching Demon Slayer lately? 🎉,2991,😮
3008,2026-01-05 12:14:00,acc4,Anyone watching Demon Slayer lately? 💯,,😭
3009,2026-01-05 12:16:00,acc1,Who's your favorite character from Attack on Titan? 🔥,,🔥
3010,2026-01-05 12:18:00,acc2,Opening theme has been stuck in my head. 📚,,😎
3011,2026-01-05 12:20:00,acc3,No spoilers please! 👀,2996,😂
3012,2026-01-05 12:22:00,acc4,My favorite moment in Vinland Saga still gives me chills ❤️,3008,😂
3013,2026-01-05 12:24:00,acc1,Anyone watching Jujutsu Kaisen lately? 💯,3002,
3014,2026-01-05 12:26:00,acc2,I think today's episode was incredible! 😭,,🔥
3015,2026-01-05 12:28:00,acc3,My favorite moment in Frieren still gives me chills 👀,3005,👏
3016,2026-01-05 12:30:00,acc4,Opening theme has been stuck in my head. ✨,3002,🔥
3017,2026-01-05 12:32:00,acc1,My favorite moment in Attack on Titan still gives me chills 🔥,3006,👍
3018,2026-01-05 12:34:00,acc2,Who's your favorite character from Dragon Ball? 😎,3009,😮
3019,2026-01-05 12:36:00,acc3,Random anime fact: Did you know? Anime is often adapted from manga or light novels. 😀,,😎
3020,2026-01-05 12:38:00,acc4,No spoilers please! 😎,3010,😭
3021,2026-01-05 12:40:00,acc1,Opening theme has been stuck in my head. ⚡,3009,❤️
3022,2026-01-05 12:42:00,acc2,I think today's episode was incredible! 📚,,👍
3023,2026-01-05 12:44:00,acc3,That animation quality was insane! 😀,,👏
3024,2026-01-05 12:46:00,acc4,Opening theme has been stuck in my head. 😀,3012,
3025,2026-01-05 12:48:00,acc1,I'm rewatching Vinland Saga this weekend. ⚡,,
3026,2026-01-05 12:50:00,acc2,That animation quality was insane! 🙌,,🔥
3027,2026-01-05 12:52:00,acc3,I'm rewatching Naruto this weekend. 👀,3013,👏
3028,2026-01-05 12:54:00,acc4,Random anime fact: Did you know? Anime is often adapted from manga or light novels. ✨,3022,🔥
3029,2026-01-05 12:56:00,acc1,I think today's episode was incredible! 😂,3027,😎
3030,2026-01-05 12:58:00,acc2,Who's your favorite character from Solo Leveling? 🤔,,💯
3031,2026-01-05 13:00:00,acc3,Who's your favorite character from Hunter x Hunter? 🎉,3029,😮
3032,2026-01-05 13:02:00,acc4,My favorite moment in Hunter x Hunter still gives me chills 🎉,3020,
3033,2026-01-05 13:04:00,acc1,Opening theme has been stuck in my head. 📚,3029,
3034,2026-01-05 13:06:00,acc2,Opening theme has been stuck in my head. 😎,3021,
3035,2026-01-05 13:08:00,acc3,No spoilers please! 😀,3032,😎
3036,2026-01-05 13:10:00,acc4,Opening theme has been stuck in my head. 😀,,💯
3037,2026-01-05 13:12:00,acc1,"Quote of the day: ""The world isn't perfect, but it's beautiful."" 🙌",3031,😎
3038,2026-01-05 13:14:00,acc2,My favorite moment in Steins;Gate still gives me chills 🔥,3036,
3039,2026-01-05 13:16:00,acc3,Random anime fact: Voice actors in Japan are called seiyuu. 🙌,,😭
3040,2026-01-05 13:18:00,acc4,No spoilers please! 😎,,😮
3041,2026-01-05 13:20:00,acc1,Opening theme has been stuck in my head. ⚡,,😂
3042,2026-01-05 13:22:00,acc2,Who's your favorite character from Naruto? 😀,,💯
3043,2026-01-05 13:24:00,acc3,Opening theme has been stuck in my head. 🔥,,👍
3044,2026-01-05 13:26:00,acc4,Random anime fact: Voice actors in Japan are called seiyuu. 😂,3031,😭
3045,2026-01-05 13:28:00,acc1,Opening theme has been stuck in my head. ✨,,👏
3046,2026-01-05 13:30:00,acc2,No spoilers please! 😀,3042,❤️
3047,2026-01-05 13:32:00,acc3,I think today's episode was incredible! 🙌,3034,😮
3048,2026-01-05 13:34:00,acc4,My favorite moment in Solo Leveling still gives me chills ❤️,,😎
3049,2026-01-05 13:36:00,acc1,Random anime fact: Did you know? Anime is often adapted from manga or light novels. 😎,,💯
3050,2026-01-05 13:38:00,acc2,"Quote of the day: ""A lesson without pain is meaningless."" 😀",,😭
3051,2026-01-05 13:40:00,acc3,"Quote of the day: ""Power comes in response to a need."" 😭",3035,😮
3052,2026-01-05 13:42:00,acc4,Opening theme has been stuck in my head. 🙌,,💯
3053,2026-01-05 13:44:00,acc1,I think today's episode was incredible! 🎉,3051,😂
3054,2026-01-05 13:46:00,acc2,Random anime fact: One Piece is among the best-selling manga series. 😀,3048,❤️
3055,2026-01-05 13:48:00,acc3,I'm rewatching Death Note this weekend. 😂,,👍
3056,2026-01-05 13:50:00,acc4,Random anime fact: Voice actors in Japan are called seiyuu. 😀,,👏
3057,2026-01-05 13:52:00,acc1,No spoilers please! 🍜,3045,💯
3058,2026-01-05 13:54:00,acc2,I think today's episode was incredible! ⚡,3054,😂
3059,2026-01-05 13:56:00,acc3,Random anime fact: Voice actors in Japan are called seiyuu. ✨,3046,👍
3060,2026-01-05 13:58:00,acc4,That animation quality was insane! 🤔,3045,🔥
3061,2026-01-05 14:00:00,acc1,"Quote of the day: ""A lesson without pain is meaningless."" 😀",,💯
3062,2026-01-05 14:02:00,acc2,My favorite moment in My Hero Academia still gives me chills 🙌,3052,😭
3063,2026-01-05 14:04:00,acc3,That animation quality was insane! 🍜,,😭
3064,2026-01-05 14:06:00,acc4,Anyone watching Dragon Ball lately? 📚,,👏
3065,2026-01-05 14:08:00,acc1,Random anime fact: Did you know? Anime is often adapted from manga or light novels. 📚,3060,
3066,2026-01-05 14:10:00,acc2,Anyone watching Steins;Gate lately? ❤️,,😂
3067,2026-01-05 14:12:00,acc3,I'm rewatching Naruto this weekend. 😎,,
3068,2026-01-05 14:14:00,acc4,Random anime fact: Did you know? Anime is often adapted from manga or light novels. 🙌,3062,😂
3069,2026-01-05 14:16:00,acc1,I'm rewatching Frieren this weekend. 😀,3064,💯
3070,2026-01-05 14:18:00,acc2,My favorite moment in Steins;Gate still gives me chills ⚡,3061,😭
3071,2026-01-05 14:20:00,acc3,Opening theme has been stuck in my head. 😂,3064,😂
3072,2026-01-05 14:22:00,acc4,No spoilers please! 🤔,,😭
3073,2026-01-05 14:24:00,acc1,Random anime fact: Many anime openings become chart-topping songs. 💯,,❤️
3074,2026-01-05 14:26:00,acc2,Anyone watching Demon Slayer lately? 👀,3067,👏
3075,2026-01-05 14:28:00,acc3,Who's your favorite character from Haikyuu!!? 😎,3070,😂
3076,2026-01-05 14:30:00,acc4,"Quote of the day: ""A lesson without pain is meaningless."" 💯",3072,❤️
3077,2026-01-05 14:32:00,acc1,My favorite moment in Demon Slayer still gives me chills 😂,3062,😎
3078,2026-01-05 14:34:00,acc2,I think today's episode was incredible! ❤️,3070,💯
3079,2026-01-05 14:36:00,acc3,Anyone watching Naruto lately? ⚡,3070,😮
3080,2026-01-05 14:38:00,acc4,Random anime fact: Many anime openings become chart-topping songs. 👀,,
3081,2026-01-05 14:40:00,acc1,Opening theme has been stuck in my head. 🔥,,❤️
3082,2026-01-05 14:42:00,acc2,Random anime fact: Did you know? Anime is often adapted from manga or light novels. 🔥,3072,😮
3083,2026-01-05 14:44:00,acc3,Random anime fact: Voice actors in Japan are called seiyuu. ⚡,,👏
3084,2026-01-05 14:46:00,acc4,That animation quality was insane! 😂,,👏
3085,2026-01-05 14:48:00,acc1,"Quote of the day: ""The world isn't perfect, but it's beautiful."" 🍜",3080,👍
3086,2026-01-05 14:50:00,acc2,Who's your favorite character from Fullmetal Alchemist? 😎,,👍
3087,2026-01-05 14:52:00,acc3,No spoilers please! ⚡,3085,👏
3088,2026-01-05 14:54:00,acc4,Random anime fact: Studio Ghibli films are famous for hand-drawn animation. 😀,,👏
3089,2026-01-05 14:56:00,acc1,Opening theme has been stuck in my head. 😂,3078,🔥
3090,2026-01-05 14:58:00,acc2,Random anime fact: One Piece is among the best-selling manga series. 👀,,🔥
3091,2026-01-05 15:00:00,acc3,"Quote of the day: ""Power comes in response to a need."" 😭",,😭
3092,2026-01-05 15:02:00,acc4,Random anime fact: One Piece is among the best-selling manga series. 🎉,,👏
3093,2026-01-05 15:04:00,acc1,That animation quality was insane! 😂,,❤️
3094,2026-01-05 15:06:00,acc2,I think today's episode was incredible! 😀,3092,😂
3095,2026-01-05 15:08:00,acc3,My favorite moment in Jujutsu Kaisen still gives me chills 😂,,💯
3096,2026-01-05 15:10:00,acc4,I think today's episode was incredible! 👀,,
3097,2026-01-05 15:12:00,acc1,I'm rewatching Haikyuu!! this weekend. ❤️,3093,😂
3098,2026-01-05 15:14:00,acc2,Who's your favorite character from Vinland Saga? 🙌,3084,👍
3099,2026-01-05 15:16:00,acc3,Who's your favorite character from Vinland Saga? 🤔,3083,😎
3100,2026-01-05 15:18:00,acc4,My favorite moment in Solo Leveling still gives me chills ❤️,,😎
3101,2026-01-05 15:20:00,acc1,No spoilers please! 👀,3088,😂
3102,2026-01-05 15:22:00,acc2,Random anime fact: Many anime openings become chart-topping songs. 🔥,,😂
3103,2026-01-05 15:24:00,acc3,My favorite moment in Bleach still gives me chills ✨,3095,😂
3104,2026-01-05 15:26:00,acc4,I'm rewatching Vinland Saga this weekend. ✨,3092,👍
3105,2026-01-05 15:28:00,acc1,I think today's episode was incredible! ✨,,😎
3106,2026-01-05 15:30:00,acc2,Random anime fact: One Piece is among the best-selling manga series. 😎,3100,👍
3107,2026-01-05 15:32:00,acc3,No spoilers please! 👀,3098,😭
3108,2026-01-05 15:34:00,acc4,I think today's episode was incredible! ✨,3098,💯
3109,2026-01-05 15:36:00,acc1,My favorite moment in Frieren still gives me chills 🎉,3104,😂
3110,2026-01-05 15:38:00,acc2,Opening theme has been stuck in my head. 😂,,💯
3111,2026-01-05 15:40:00,acc3,Random anime fact: Voice actors in Japan are called seiyuu. ❤️,,❤️
3112,2026-01-05 15:42:00,acc4,Who's your favorite character from Naruto? 👀,3108,❤️
3113,2026-01-05 15:44:00,acc1,Opening theme has been stuck in my head. ✨,3108,❤️
3114,2026-01-05 15:46:00,acc2,Random anime fact: One Piece is among the best-selling manga series. ⚡,3104,
3115,2026-01-05 15:48:00,acc3,Random anime fact: Attack on Titan changed many viewers' expectations of anime. 😂,3102,❤️
3116,2026-01-05 15:50:00,acc4,That animation quality was insane! 📚,,👍
3117,2026-01-05 15:52:00,acc1,Anyone watching Demon Slayer lately? 😀,,🔥
3118,2026-01-05 15:54:00,acc2,No spoilers please! ❤️,,❤️
3119,2026-01-05 15:56:00,acc3,Random anime fact: Studio Ghibli films are famous for hand-drawn animation. 🤔,,😎
3120,2026-01-05 15:58:00,acc4,I think today's episode was incredible! 📚,3106,💯
3121,2026-01-05 16:00:00,acc1,Opening theme has been stuck in my head. 🎉,,😭
3122,2026-01-05 16:02:00,acc2,I'm rewatching Haikyuu!! this weekend. 🔥,3120,🔥
3123,2026-01-05 16:04:00,acc3,"Quote of the day: ""Keep moving forward."" 📚",3115,
3124,2026-01-05 16:06:00,acc4,I'm rewatching Haikyuu!! this weekend. ❤️,,❤️
3125,2026-01-05 16:08:00,acc1,No spoilers please! 📚,3121,💯
3126,2026-01-05 16:10:00,acc2,"Quote of the day: ""The world isn't perfect, but it's beautiful."" 😂",,😮
3127,2026-01-05 16:12:00,acc3,Random anime fact: Did you know? Anime is often adapted from manga or light novels. ❤️,3123,😂
3128,2026-01-05 16:14:00,acc4,My favorite moment in Fullmetal Alchemist still gives me chills 🔥,3125,😎
3129,2026-01-05 16:16:00,acc1,Opening theme has been stuck in my head. ⚡,3114,😎
3130,2026-01-05 16:18:00,acc2,I'm rewatching Death Note this weekend. 😭,3115,👍
3131,2026-01-05 16:20:00,acc3,Opening theme has been stuck in my head. 🍜,,😎
3132,2026-01-05 16:22:00,acc4,My favorite moment in Attack on Titan still gives me chills ❤️,3123,
3133,2026-01-05 16:24:00,acc1,No spoilers please! ⚡,3122,
3134,2026-01-05 16:26:00,acc2,"Quote of the day: ""Keep moving forward."" 💯",3122,👏
3135,2026-01-05 16:28:00,acc3,Random anime fact: Voice actors in Japan are called seiyuu. 🙌,3125,👏
3136,2026-01-05 16:30:00,acc4,Random anime fact: Attack on Titan changed many viewers' expectations of anime. 🎉,3125,
3137,2026-01-05 16:32:00,acc1,"Quote of the day: ""Power comes in response to a need."" ⚡",,😎
3138,2026-01-05 16:34:00,acc2,Opening theme has been stuck in my head. ❤️,,💯
3139,2026-01-05 16:36:00,acc3,Random anime fact: One Piece is among the best-selling manga series. 📚,3132,👍
3140,2026-01-05 16:38:00,acc4,Opening theme has been stuck in my head. 🔥,,
3141,2026-01-05 16:40:00,acc1,Opening theme has been stuck in my head. 👀,,👍
3142,2026-01-05 16:42:00,acc2,Who's your favorite character from One Piece? ⚡,3133,😮
3143,2026-01-05 16:44:00,acc3,Opening theme has been stuck in my head. 🍜,,😮
3144,2026-01-05 16:46:00,acc4,Opening theme has been stuck in my head. 🎉,3141,😮
3145,2026-01-05 16:48:00,acc1,Who's your favorite character from Attack on Titan? ❤️,3137,👏
3146,2026-01-05 16:50:00,acc2,No spoilers please! ✨,,💯
3147,2026-01-05 16:52:00,acc3,Who's your favorite character from Frieren? 😀,,👍
3148,2026-01-05 16:54:00,acc4,That animation quality was insane! 🎉,3137,😂
3149,2026-01-05 16:56:00,acc1,Random anime fact: Did you know? Anime is often adapted from manga or light novels. 😭,3133,💯
3150,2026-01-05 16:58:00,acc2,Anyone watching Haikyuu!! lately? 👀,,😎
3151,2026-01-05 17:00:00,acc3,Who's your favorite character from Demon Slayer? 🍜,,❤️
3152,2026-01-05 17:02:00,acc4,No spoilers please! 📚,3139,👍
3153,2026-01-05 17:04:00,acc1,No spoilers please! 💯,3146,
3154,2026-01-05 17:06:00,acc2,I think today's episode was incredible! ✨,,🔥
3155,2026-01-05 17:08:00,acc3,I think today's episode was incredible! 🎉,3139,👍
3156,2026-01-05 17:10:00,acc4,That animation quality was insane! 🙌,3146,❤️
3157,2026-01-05 17:12:00,acc1,I think today's episode was incredible! 😀,,❤️
3158,2026-01-05 17:14:00,acc2,I'm rewatching Steins;Gate this weekend. 🍜,3152,😮
3159,2026-01-05 17:16:00,acc3,No spoilers please! 😀,3157,👍
3160,2026-01-05 17:18:00,acc4,That animation quality was insane! 🔥,3156,👍
3161,2026-01-05 17:20:00,acc1,I think today's episode was incredible! 😭,3146,👍
3162,2026-01-05 17:22:00,acc2,Who's your favorite character from Hunter x Hunter? 😎,,
3163,2026-01-05 17:24:00,acc3,I think today's episode was incredible! 😎,3155,💯
3164,2026-01-05 17:26:00,acc4,That animation quality was insane! 😀,,😂
3165,2026-01-05 17:28:00,acc1,Opening theme has been stuck in my head. 👀,,😭
3166,2026-01-05 17:30:00,acc2,Random anime fact: Studio Ghibli films are famous for hand-drawn animation. 🎉,,😂
3167,2026-01-05 17:32:00,acc3,"Quote of the day: ""People's dreams never end."" 🤔",,😮
3168,2026-01-05 17:34:00,acc4,Who's your favorite character from My Hero Academia? ⚡,3158,😮
3169,2026-01-05 17:36:00,acc1,Opening theme has been stuck in my head. 🤔,,💯
3170,2026-01-05 17:38:00,acc2,"Quote of the day: ""People's dreams never end."" 🍜",3159,👍
3171,2026-01-05 17:40:00,acc3,I think today's episode was incredible! 😎,3158,❤️
3172,2026-01-05 17:42:00,acc4,Anyone watching Demon Slayer lately? 😀,3162,😂
3173,2026-01-05 17:44:00,acc1,I'm rewatching Demon Slayer this weekend. 📚,,😂
3174,2026-01-05 17:46:00,acc2,Who's your favorite character from My Hero Academia? 😭,3166,🔥
3175,2026-01-05 17:48:00,acc3,I think today's episode was incredible! 🙌,3161,😂
3176,2026-01-05 17:50:00,acc4,I think today's episode was incredible! 🔥,,❤️
3177,2026-01-05 17:52:00,acc1,My favorite moment in Solo Leveling still gives me chills 👀,,👍
3178,2026-01-05 17:54:00,acc2,Anyone watching Solo Leveling lately? 🍜,,
3179,2026-01-05 17:56:00,acc3,Who's your favorite character from Bleach? ⚡,,🔥
3180,2026-01-05 17:58:00,acc4,Random anime fact: Many anime openings become chart-topping songs. 🤔,,😎
3181,2026-01-05 18:00:00,acc1,I think today's episode was incredible! 😂,3176,
3182,2026-01-05 18:02:00,acc2,Opening theme has been stuck in my head. 😎,,👏
3183,2026-01-05 18:04:00,acc3,Anyone watching Hunter x Hunter lately? ✨,,❤️
3184,2026-01-05 18:06:00,acc4,My favorite moment in Fullmetal Alchemist still gives me chills 🍜,3171,😎
3185,2026-01-05 18:08:00,acc1,I'm rewatching Demon Slayer this weekend. ✨,3183,😂
3186,2026-01-05 18:10:00,acc2,No spoilers please! ⚡,3170,😮
3187,2026-01-05 18:12:00,acc3,My favorite moment in Vinland Saga still gives me chills 💯,,❤️
3188,2026-01-05 18:14:00,acc4,I think today's episode was incredible! 😭,3175,👏
3189,2026-01-05 18:16:00,acc1,My favorite moment in Hunter x Hunter still gives me chills 😀,3186,❤️
3190,2026-01-05 18:18:00,acc2,Who's your favorite character from Dragon Ball? ❤️,,💯
3191,2026-01-05 18:20:00,acc3,That animation quality was insane! ⚡,3184,💯
3192,2026-01-05 18:22:00,acc4,That animation quality was insane! ❤️,,
3193,2026-01-05 18:24:00,acc1,I think today's episode was incredible! 😎,,
3194,2026-01-05 18:26:00,acc2,Anyone watching One Piece lately? 😂,3186,👏
3195,2026-01-05 18:28:00,acc3,No spoilers please! 😀,3192,👏
3196,2026-01-05 18:30:00,acc4,Opening theme has been stuck in my head. ✨,,😎
3197,2026-01-05 18:32:00,acc1,Who's your favorite character from Frieren? 💯,,😎
3198,2026-01-05 18:34:00,acc2,I'm rewatching Frieren this weekend. 🙌,3189,😂
3199,2026-01-05 18:36:00,acc3,Opening theme has been stuck in my head. 💯,,😎
3200,2026-01-05 18:38:00,acc4,Opening theme has been stuck in my head. 🍜,,😂
3201,2026-01-05 18:40:00,acc1,No spoilers please! ⚡,3199,❤️
3202,2026-01-05 18:42:00,acc2,"Quote of the day: ""Keep moving forward."" ✨",3200,😭
3203,2026-01-05 18:44:00,acc3,I think today's episode was incredible! 📚,3195,😮
3204,2026-01-05 18:46:00,acc4,Who's your favorite character from Steins;Gate? 🎉,3191,💯
3205,2026-01-05 18:48:00,acc1,No spoilers please! 😭,,😂
3206,2026-01-05 18:50:00,acc2,No spoilers please! ❤️,3202,💯
3207,2026-01-05 18:52:00,acc3,Opening theme has been stuck in my head. ❤️,3198,😎
3208,2026-01-05 18:54:00,acc4,Anyone watching Bleach lately? 👀,3192,
3209,2026-01-05 18:56:00,acc1,Opening theme has been stuck in my head. ⚡,,👏
3210,2026-01-05 18:58:00,acc2,That animation quality was insane! 📚,3197,👏
3211,2026-01-05 19:00:00,acc3,No spoilers please! 🙌,3195,😭
3212,2026-01-05 19:02:00,acc4,Random anime fact: Many anime openings become chart-topping songs. ❤️,3196,❤️
3213,2026-01-05 19:04:00,acc1,Opening theme has been stuck in my head. 🎉,,🔥
3214,2026-01-05 19:06:00,acc2,Random anime fact: Attack on Titan changed many viewers' expectations of anime. 😎,3203,👏
3215,2026-01-05 19:08:00,acc3,Opening theme has been stuck in my head. 😀,,😎
3216,2026-01-05 19:10:00,acc4,No spoilers please! 🍜,3200,😮
3217,2026-01-05 19:12:00,acc1,"Quote of the day: ""A lesson without pain is meaningless."" 😎",3204,💯
3218,2026-01-05 19:14:00,acc2,"Quote of the day: ""Keep moving forward."" ⚡",,💯
3219,2026-01-05 19:16:00,acc3,I think today's episode was incredible! ❤️,3212,💯
3220,2026-01-05 19:18:00,acc4,Opening theme has been stuck in my head. ❤️,,👍
3221,2026-01-05 19:20:00,acc1,That animation quality was insane! 🍜,,😮
3222,2026-01-05 19:22:00,acc2,I think today's episode was incredible! 😂,3219,💯
3223,2026-01-05 19:24:00,acc3,Random anime fact: Attack on Titan changed many viewers' expectations of anime. 👀,,❤️
3224,2026-01-05 19:26:00,acc4,That animation quality was insane! ❤️,3217,👍
3225,2026-01-05 19:28:00,acc1,I'm rewatching Jujutsu Kaisen this weekend. ⚡,,👍
3226,2026-01-05 19:30:00,acc2,That animation quality was insane! 😭,,👏
3227,2026-01-05 19:32:00,acc3,My favorite moment in Hunter x Hunter still gives me chills ✨,,😮
3228,2026-01-05 19:34:00,acc4,Anyone watching Steins;Gate lately? 😂,3221,😭
3229,2026-01-05 19:36:00,acc1,No spoilers please! 🤔,3223,😮
3230,2026-01-05 19:38:00,acc2,My favorite moment in Vinland Saga still gives me chills 🤔,,😎
3231,2026-01-05 19:40:00,acc3,Anyone watching One Piece lately? ❤️,,😭
3232,2026-01-05 19:42:00,acc4,No spoilers please! 🔥,3220,😮
3233,2026-01-05 19:44:00,acc1,Opening theme has been stuck in my head. ✨,,👏
3234,2026-01-05 19:46:00,acc2,Opening theme has been stuck in my head. 😭,3224,😭
3235,2026-01-05 19:48:00,acc3,Anyone watching Haikyuu!! lately? 💯,3221,😎
3236,2026-01-05 19:50:00,acc4,Who's your favorite character from Steins;Gate? ⚡,3232,👏
3237,2026-01-05 19:52:00,acc1,I think today's episode was incredible! 🍜,3235,😭
3238,2026-01-05 19:54:00,acc2,Who's your favorite character from Jujutsu Kaisen? ⚡,3222,💯
3239,2026-01-05 19:56:00,acc3,Who's your favorite character from Attack on Titan? 🍜,3235,👍
3240,2026-01-05 19:58:00,acc4,No spoilers please! 👀,3238,❤️
3241,2026-01-05 20:00:00,acc1,I'm rewatching Death Note this weekend. ⚡,3230,😎
3242,2026-01-05 20:02:00,acc2,That animation quality was insane! ❤️,,😭
3243,2026-01-05 20:04:00,acc3,"Quote of the day: ""Power comes in response to a need."" 😂",3236,👍
3244,2026-01-05 20:06:00,acc4,That animation quality was insane! ✨,3230,😎
3245,2026-01-05 20:08:00,acc1,Who's your favorite character from Jujutsu Kaisen? 🤔,3229,😮
3246,2026-01-05 20:10:00,acc2,"Quote of the day: ""A lesson without pain is meaningless."" 🍜",3239,👍
3247,2026-01-05 20:12:00,acc3,Anyone watching Dragon Ball lately? 🔥,,😮
3248,2026-01-05 20:14:00,acc4,I'm rewatching Bleach this weekend. 🙌,3245,😮
3249,2026-01-05 20:16:00,acc1,Who's your favorite character from Attack on Titan? 🔥,,🔥
3250,2026-01-05 20:18:00,acc2,Opening theme has been stuck in my head. ⚡,,😂
3251,2026-01-05 20:20:00,acc3,Anyone watching Jujutsu Kaisen lately? ⚡,3246,😎
3252,2026-01-05 20:22:00,acc4,Opening theme has been stuck in my head. 😎,,😂
3253,2026-01-05 20:24:00,acc1,Who's your favorite character from Demon Slayer? ⚡,3239,😮
3254,2026-01-05 20:26:00,acc2,That animation quality was insane! 🔥,,😎
3255,2026-01-05 20:28:00,acc3,That animation quality was insane! 😎,3240,💯
3256,2026-01-05 20:30:00,acc4,Random anime fact: Did you know? Anime is often adapted from manga or light novels. 😀,3247,😂
3257,2026-01-05 20:32:00,acc1,Opening theme has been stuck in my head. 😀,,🔥
3258,2026-01-05 20:34:00,acc2,Opening theme has been stuck in my head. 😂,,💯
3259,2026-01-05 20:36:00,acc3,I'm rewatching One Piece this weekend. ⚡,3243,👍
3260,2026-01-05 20:38:00,acc4,I think today's episode was incredible! 🔥,3253,👍
3261,2026-01-05 20:40:00,acc1,I'm rewatching One Piece this weekend. 👀,,👍
3262,2026-01-05 20:42:00,acc2,My favorite moment in My Hero Academia still gives me chills 😂,,💯
3263,2026-01-05 20:44:00,acc3,My favorite moment in Naruto still gives me chills ⚡,3254,😂
3264,2026-01-05 20:46:00,acc4,Who's your favorite character from Demon Slayer? 🎉,,😮
3265,2026-01-05 20:48:00,acc1,Opening theme has been stuck in my head. 😂,,❤️
3266,2026-01-05 20:50:00,acc2,Who's your favorite character from Death Note? 😎,,👍
3267,2026-01-05 20:52:00,acc3,Random anime fact: Voice actors in Japan are called seiyuu. 😎,,😂
3268,2026-01-05 20:54:00,acc4,Random anime fact: Many anime openings become chart-topping songs. 😀,,🔥
3269,2026-01-05 20:56:00,acc1,Anyone watching Steins;Gate lately? 🙌,3257,😭
3270,2026-01-05 20:58:00,acc2,Anyone watching Death Note lately? 👀,,😂
3271,2026-01-05 21:00:00,acc3,My favorite moment in Vinland Saga still gives me chills 🤔,,😂
3272,2026-01-05 21:02:00,acc4,I'm rewatching Death Note this weekend. 💯,3260,😎
3273,2026-01-05 21:04:00,acc1,I think today's episode was incredible! 😎,3262,
3274,2026-01-05 21:06:00,acc2,Random anime fact: Did you know? Anime is often adapted from manga or light novels. 😀,,
3275,2026-01-05 21:08:00,acc3,My favorite moment in Attack on Titan still gives me chills 👀,,💯
3276,2026-01-05 21:10:00,acc4,Opening theme has been stuck in my head. 🙌,3274,💯
3277,2026-01-05 21:12:00,acc1,No spoilers please! 😭,3263,🔥
3278,2026-01-05 21:14:00,acc2,Anyone watching My Hero Academia lately? 📚,3266,😮
3279,2026-01-05 21:16:00,acc3,"Quote of the day: ""People's dreams never end."" ✨",,😎
3280,2026-01-05 21:18:00,acc4,Anyone watching Bleach lately? 👀,3273,
3281,2026-01-05 21:20:00,acc1,Anyone watching Jujutsu Kaisen lately? 😎,,
3282,2026-01-05 21:22:00,acc2,Random anime fact: One Piece is among the best-selling manga series. 🙌,3278,👏
3283,2026-01-05 21:24:00,acc3,No spoilers please! 😎,,😭
3284,2026-01-05 21:26:00,acc4,"Quote of the day: ""A lesson without pain is meaningless."" 😂",3276,💯
3285,2026-01-05 21:28:00,acc1,Random anime fact: Studio Ghibli films are famous for hand-drawn animation. 🔥,3269,😂
3286,2026-01-05 21:30:00,acc2,I'm rewatching Bleach this weekend. 🙌,3281,😂
3287,2026-01-05 21:32:00,acc3,"Quote of the day: ""Power comes in response to a need."" 😀",3271,👍
3288,2026-01-05 21:34:00,acc4,That animation quality was insane! ✨,,😮
3289,2026-01-05 21:36:00,acc1,My favorite moment in Haikyuu!! still gives me chills 👀,3273,😎
3290,2026-01-05 21:38:00,acc2,That animation quality was insane! 😂,3274,
3291,2026-01-05 21:40:00,acc3,Random anime fact: One Piece is among the best-selling manga series. 🎉,3277,😭
3292,2026-01-05 21:42:00,acc4,No spoilers please! 💯,3285,😭
3293,2026-01-05 21:44:00,acc1,I think today's episode was incredible! ✨,,❤️
3294,2026-01-05 21:46:00,acc2,"Quote of the day: ""Power comes in response to a need."" 😭",,👍
3295,2026-01-05 21:48:00,acc3,That animation quality was insane! ❤️,,❤️
3296,2026-01-05 21:50:00,acc4,My favorite moment in Hunter x Hunter still gives me chills 📚,3281,👏
3297,2026-01-05 21:52:00,acc1,I think today's episode was incredible! ✨,3286,😎
3298,2026-01-05 21:54:00,acc2,Anyone watching Jujutsu Kaisen lately? 🔥,,😮
3299,2026-01-05 21:56:00,acc3,I think today's episode was incredible! ❤️,3287,💯
3300,2026-01-05 21:58:00,acc4,That animation quality was insane! 🤔,3293,
3301,2026-01-05 22:00:00,acc1,Who's your favorite character from Steins;Gate? 📚,3291,😭
3302,2026-01-05 22:02:00,acc2,Anyone watching Jujutsu Kaisen lately? 😂,3290,👍
3303,2026-01-05 22:04:00,acc3,My favorite moment in Jujutsu Kaisen still gives me chills 📚,3289,😂
3304,2026-01-05 22:06:00,acc4,Who's your favorite character from Hunter x Hunter? 👀,3290,💯
3305,2026-01-05 22:08:00,acc1,No spoilers please! 🤔,3296,😮
3306,2026-01-05 22:10:00,acc2,I think today's episode was incredible! ❤️,3293,💯
3307,2026-01-05 22:12:00,acc3,I'm rewatching Frieren this weekend. 🤔,,😮
3308,2026-01-05 22:14:00,acc4,No spoilers please! 😂,3300,👏
3309,2026-01-05 22:16:00,acc1,That animation quality was insane! 💯,3303,😂
3310,2026-01-05 22:18:00,acc2,Who's your favorite character from Solo Leveling? 😀,3308,💯
3311,2026-01-05 22:20:00,acc3,Opening theme has been stuck in my head. ⚡,,👍
3312,2026-01-05 22:22:00,acc4,Anyone watching Steins;Gate lately? 😀,,😎
3313,2026-01-05 22:24:00,acc1,My favorite moment in Hunter x Hunter still gives me chills ⚡,,😂
3314,2026-01-05 22:26:00,acc2,That animation quality was insane! 🙌,,❤️
3315,2026-01-05 22:28:00,acc3,I think today's episode was incredible! ✨,,💯
3316,2026-01-05 22:30:00,acc4,Who's your favorite character from Vinland Saga? 🍜,,👍
3317,2026-01-05 22:32:00,acc1,Random anime fact: Many anime openings become chart-topping songs. 📚,3307,🔥
3318,2026-01-05 22:34:00,acc2,Opening theme has been stuck in my head. 😂,,🔥
3319,2026-01-05 22:36:00,acc3,"Quote of the day: ""The world isn't perfect, but it's beautiful."" 🙌",3307,😭
3320,2026-01-05 22:38:00,acc4,No spoilers please! 🤔,3305,😭
3321,2026-01-05 22:40:00,acc1,I think today's episode was incredible! 🔥,3316,😂
3322,2026-01-05 22:42:00,acc2,I'm rewatching My Hero Academia this weekend. 😭,3314,💯
3323,2026-01-05 22:44:00,acc3,I think today's episode was incredible! 📚,3319,💯
3324,2026-01-05 22:46:00,acc4,Opening theme has been stuck in my head. 😂,3322,💯
3325,2026-01-05 22:48:00,acc1,Opening theme has been stuck in my head. 🎉,,😭
3326,2026-01-05 22:50:00,acc2,Anyone watching Bleach lately? 👀,3315,👍
3327,2026-01-05 22:52:00,acc3,No spoilers please! 🎉,,
3328,2026-01-05 22:54:00,acc4,"Quote of the day: ""A lesson without pain is meaningless."" 🔥",,😮
3329,2026-01-05 22:56:00,acc1,That animation quality was insane! 😎,3325,💯
3330,2026-01-05 22:58:00,acc2,I think today's episode was incredible! 😂,3320,😮
3331,2026-01-05 23:00:00,acc3,Opening theme has been stuck in my head. 😎,3315,💯
3332,2026-01-05 23:02:00,acc4,My favorite moment in Steins;Gate still gives me chills 🎉,,
3333,2026-01-05 23:04:00,acc1,My favorite moment in Death Note still gives me chills ✨,3324,🔥
3334,2026-01-05 23:06:00,acc2,Who's your favorite character from One Piece? ❤️,,
3335,2026-01-05 23:08:00,acc3,Random anime fact: Attack on Titan changed many viewers' expectations of anime. 🎉,3327,😎
3336,2026-01-05 23:10:00,acc4,Anyone watching Steins;Gate lately? ✨,3326,😮
3337,2026-01-05 23:12:00,acc1,My favorite moment in One Piece still gives me chills 🍜,3323,❤️
3338,2026-01-05 23:14:00,acc2,Who's your favorite character from Demon Slayer? ❤️,,😂
3339,2026-01-05 23:16:00,acc3,That animation quality was insane! 🙌,,
3340,2026-01-05 23:18:00,acc4,Random anime fact: Did you know? Anime is often adapted from manga or light novels. ⚡,,😎
3341,2026-01-05 23:20:00,acc1,Random anime fact: Did you know? Anime is often adapted from manga or light novels. ❤️,,🔥
3342,2026-01-05 23:22:00,acc2,Opening theme has been stuck in my head. ✨,3340,👍
3343,2026-01-05 23:24:00,acc3,Anyone watching Bleach lately? 😀,,😭
3344,2026-01-05 23:26:00,acc4,I'm rewatching Attack on Titan this weekend. 🎉,3337,😭
3345,2026-01-05 23:28:00,acc1,That animation quality was insane! 📚,3331,👏
3346,2026-01-05 23:30:00,acc2,My favorite moment in Naruto still gives me chills 😎,3334,😭
3347,2026-01-05 23:32:00,acc3,My favorite moment in Solo Leveling still gives me chills 💯,,😭
3348,2026-01-05 23:34:00,acc4,Random anime fact: Voice actors in Japan are called seiyuu. ✨,3332,😭
3349,2026-01-05 23:36:00,acc1,I'm rewatching Demon Slayer this weekend. 💯,3333,😭
3350,2026-01-05 23:38:00,acc2,Anyone watching Jujutsu Kaisen lately? 🎉,3341,❤️
3351,2026-01-05 23:40:00,acc3,No spoilers please! 😀,3336,
3352,2026-01-05 23:42:00,acc4,"Quote of the day: ""A lesson without pain is meaningless."" 📚",3350,
3353,2026-01-05 23:44:00,acc1,My favorite moment in Haikyuu!! still gives me chills ⚡,3344,👏
3354,2026-01-05 23:46:00,acc2,That animation quality was insane! 📚,3339,👍
3355,2026-01-05 23:48:00,acc3,No spoilers please! 😀,,👏
3356,2026-01-05 23:50:00,acc4,Random anime fact: Attack on Titan changed many viewers' expectations of anime. 😀,3350,😮
3357,2026-01-05 23:52:00,acc1,That animation quality was insane! 📚,3343,❤️
3358,2026-01-05 23:54:00,acc2,That animation quality was insane! 🎉,3354,💯
3359,2026-01-05 23:56:00,acc3,I'm rewatching Dragon Ball this weekend. 😭,,😭
3360,2026-01-05 23:58:00,acc4,My favorite moment in Dragon Ball still gives me chills 👀,,👏
3361,2026-01-06 00:00:00,acc1,My favorite moment in Jujutsu Kaisen still gives me chills 😀,3359,😮
3362,2026-01-06 00:02:00,acc2,I'm rewatching Jujutsu Kaisen this weekend. 😀,3349,🔥
3363,2026-01-06 00:04:00,acc3,Who's your favorite character from Dragon Ball? 🎉,3349,😮
3364,2026-01-06 00:06:00,acc4,No spoilers please! 👀,3357,😂
3365,2026-01-06 00:08:00,acc1,My favorite moment in Frieren still gives me chills ✨,,👍
3366,2026-01-06 00:10:00,acc2,My favorite moment in Frieren still gives me chills 👀,3355,🔥
3367,2026-01-06 00:12:00,acc3,My favorite moment in Naruto still gives me chills 🤔,,👏
3368,2026-01-06 00:14:00,acc4,"Quote of the day: ""Power comes in response to a need."" 😭",,
3369,2026-01-06 00:16:00,acc1,My favorite moment in Solo Leveling still gives me chills ✨,,👏
3370,2026-01-06 00:18:00,acc2,I'm rewatching One Piece this weekend. 📚,,😂
3371,2026-01-06 00:20:00,acc3,That animation quality was insane! 🎉,3356,👏
3372,2026-01-06 00:22:00,acc4,I think today's episode was incredible! 🤔,3370,❤️
3373,2026-01-06 00:24:00,acc1,I'm rewatching Jujutsu Kaisen this weekend. 📚,3362,❤️
3374,2026-01-06 00:26:00,acc2,Opening theme has been stuck in my head. 🤔,3359,👏
3375,2026-01-06 00:28:00,acc3,Anyone watching Dragon Ball lately? 😭,3371,
3376,2026-01-06 00:30:00,acc4,That animation quality was insane! 🙌,,😮
3377,2026-01-06 00:32:00,acc1,Who's your favorite character from Frieren? 🎉,,😭
3378,2026-01-06 00:34:00,acc2,My favorite moment in My Hero Academia still gives me chills 🤔,,👍
3379,2026-01-06 00:36:00,acc3,No spoilers please! 🍜,3368,💯
3380,2026-01-06 00:38:00,acc4,"Quote of the day: ""The world isn't perfect, but it's beautiful."" ✨",3375,👍
3381,2026-01-06 00:40:00,acc1,Who's your favorite character from Fullmetal Alchemist? 🤔,3373,👍
3382,2026-01-06 00:42:00,acc2,My favorite moment in Demon Slayer still gives me chills 🍜,3374,👏
3383,2026-01-06 00:44:00,acc3,Anyone watching My Hero Academia lately? 😭,,😂
3384,2026-01-06 00:46:00,acc4,No spoilers please! 💯,,😂
3385,2026-01-06 00:48:00,acc1,Who's your favorite character from My Hero Academia? ✨,3376,💯
3386,2026-01-06 00:50:00,acc2,I'm rewatching Vinland Saga this weekend. 😀,3376,🔥
3387,2026-01-06 00:52:00,acc3,"Quote of the day: ""People's dreams never end."" 🍜",3374,😎
3388,2026-01-06 00:54:00,acc4,Random anime fact: One Piece is among the best-selling manga series. 🙌,,😂
3389,2026-01-06 00:56:00,acc1,No spoilers please! 🙌,3382,👍
3390,2026-01-06 00:58:00,acc2,Who's your favorite character from Vinland Saga? 🎉,3388,😎
3391,2026-01-06 01:00:00,acc3,Anyone watching Haikyuu!! lately? 🔥,3387,👏
3392,2026-01-06 01:02:00,acc4,Anyone watching Hunter x Hunter lately? 🤔,3389,
3393,2026-01-06 01:04:00,acc1,That animation quality was insane! 👀,3391,👏
3394,2026-01-06 01:06:00,acc2,Anyone watching My Hero Academia lately? 🎉,,👏
3395,2026-01-06 01:08:00,acc3,I'm rewatching Vinland Saga this weekend. 🙌,3393,😭
3396,2026-01-06 01:10:00,acc4,Who's your favorite character from Death Note? 🤔,,❤️
3397,2026-01-06 01:12:00,acc1,Random anime fact: Voice actors in Japan are called seiyuu. 😎,3388,🔥
3398,2026-01-06 01:14:00,acc2,"Quote of the day: ""A lesson without pain is meaningless."" ⚡",,😂
3399,2026-01-06 01:16:00,acc3,My favorite moment in Demon Slayer still gives me chills ⚡,,❤️
3400,2026-01-06 01:18:00,acc4,Opening theme has been stuck in my head. 😭,,😭
3401,2026-01-06 01:20:00,acc1,Who's your favorite character from Attack on Titan? 😀,,😎
3402,2026-01-06 01:22:00,acc2,No spoilers please! 😎,,😎
3403,2026-01-06 01:24:00,acc3,My favorite moment in Hunter x Hunter still gives me chills 🔥,3396,👍
3404,2026-01-06 01:26:00,acc4,Anyone watching Fullmetal Alchemist lately? 🔥,3399,💯
3405,2026-01-06 01:28:00,acc1,That animation quality was insane! 🔥,,❤️
3406,2026-01-06 01:30:00,acc2,My favorite moment in Naruto still gives me chills 😀,3404,👍
3407,2026-01-06 01:32:00,acc3,"Quote of the day: ""The world isn't perfect, but it's beautiful."" 📚",,👍
3408,2026-01-06 01:34:00,acc4,Who's your favorite character from Solo Leveling? 😀,3395,😂
3409,2026-01-06 01:36:00,acc1,Who's your favorite character from Vinland Saga? 😎,,🔥
3410,2026-01-06 01:38:00,acc2,Who's your favorite character from Attack on Titan? 👀,3400,🔥
3411,2026-01-06 01:40:00,acc3,Anyone watching One Piece lately? 👀,3407,👏
3412,2026-01-06 01:42:00,acc4,I think today's episode was incredible! 📚,3405,😎
3413,2026-01-06 01:44:00,acc1,Opening theme has been stuck in my head. ❤️,,😭
3414,2026-01-06 01:46:00,acc2,My favorite moment in Demon Slayer still gives me chills ✨,,
3415,2026-01-06 01:48:00,acc3,Anyone watching Attack on Titan lately? 🤔,,
3416,2026-01-06 01:50:00,acc4,That animation quality was insane! 🍜,3407,💯
3417,2026-01-06 01:52:00,acc1,Random anime fact: Voice actors in Japan are called seiyuu. 🍜,3405,👏
3418,2026-01-06 01:54:00,acc2,Opening theme has been stuck in my head. 😎,3411,👏
3419,2026-01-06 01:56:00,acc3,No spoilers please! ✨,,👍
3420,2026-01-06 01:58:00,acc4,That animation quality was insane! 🤔,3404,😂
3421,2026-01-06 02:00:00,acc1,My favorite moment in Naruto still gives me chills 💯,3418,😂
3422,2026-01-06 02:02:00,acc2,My favorite moment in Naruto still gives me chills 🎉,3418,😮
3423,2026-01-06 02:04:00,acc3,Who's your favorite character from Hunter x Hunter? 😎,3421,👍
3424,2026-01-06 02:06:00,acc4,"Quote of the day: ""A lesson without pain is meaningless."" 🤔",,😂
3425,2026-01-06 02:08:00,acc1,My favorite moment in One Piece still gives me chills 🤔,,👏
3426,2026-01-06 02:10:00,acc2,Opening theme has been stuck in my head. 😂,3413,👏
3427,2026-01-06 02:12:00,acc3,That animation quality was insane! ❤️,3424,😎
3428,2026-01-06 02:14:00,acc4,"Quote of the day: ""A lesson without pain is meaningless."" 👀",3415,🔥
3429,2026-01-06 02:16:00,acc1,Random anime fact: Studio Ghibli films are famous for hand-drawn animation. 😭,3415,👍
3430,2026-01-06 02:18:00,acc2,No spoilers please! 🙌,3417,❤️
3431,2026-01-06 02:20:00,acc3,Random anime fact: Studio Ghibli films are famous for hand-drawn animation. 😂,3415,😭
3432,2026-01-06 02:22:00,acc4,Opening theme has been stuck in my head. 🤔,3418,👍
3433,2026-01-06 02:24:00,acc1,That animation quality was insane! ⚡,,😭
3434,2026-01-06 02:26:00,acc2,Who's your favorite character from My Hero Academia? 🤔,,👍
3435,2026-01-06 02:28:00,acc3,Who's your favorite character from Haikyuu!!? 🎉,3428,🔥
3436,2026-01-06 02:30:00,acc4,My favorite moment in My Hero Academia still gives me chills 🎉,3422,💯
3437,2026-01-06 02:32:00,acc1,I'm rewatching My Hero Academia this weekend. 😂,,💯
3438,2026-01-06 02:34:00,acc2,I think today's episode was incredible! ⚡,,😎
3439,2026-01-06 02:36:00,acc3,Random anime fact: Studio Ghibli films are famous for hand-drawn animation. 😂,3437,
3440,2026-01-06 02:38:00,acc4,"Quote of the day: ""The world isn't perfect, but it's beautiful."" 🎉",,
3441,2026-01-06 02:40:00,acc1,Who's your favorite character from Demon Slayer? 📚,,😂
3442,2026-01-06 02:42:00,acc2,My favorite moment in Steins;Gate still gives me chills 🔥,,🔥
3443,2026-01-06 02:44:00,acc3,My favorite moment in Solo Leveling still gives me chills 🤔,,😂
3444,2026-01-06 02:46:00,acc4,"Quote of the day: ""People's dreams never end."" 😎",3428,😎
3445,2026-01-06 02:48:00,acc1,Random anime fact: One Piece is among the best-selling manga series. ⚡,,
3446,2026-01-06 02:50:00,acc2,Random anime fact: Studio Ghibli films are famous for hand-drawn animation. 🍜,,❤️
3447,2026-01-06 02:52:00,acc3,I think today's episode was incredible! 💯,3439,❤️
3448,2026-01-06 02:54:00,acc4,No spoilers please! 😎,3432,💯
3449,2026-01-06 02:56:00,acc1,Opening theme has been stuck in my head. 🍜,,🔥
3450,2026-01-06 02:58:00,acc2,No spoilers please! 👀,,❤️
3451,2026-01-06 03:00:00,acc3,I think today's episode was incredible! 🔥,3443,😮
3452,2026-01-06 03:02:00,acc4,No spoilers please! 📚,,😎
3453,2026-01-06 03:04:00,acc1,"Quote of the day: ""Keep moving forward."" ✨",3445,😂
3454,2026-01-06 03:06:00,acc2,I'm rewatching Solo Leveling this weekend. 🙌,,😂
3455,2026-01-06 03:08:00,acc3,That animation quality was insane! 😎,3449,
3456,2026-01-06 03:10:00,acc4,"Quote of the day: ""Power comes in response to a need."" 📚",3450,👏
3457,2026-01-06 03:12:00,acc1,Random anime fact: Did you know? Anime is often adapted from manga or light novels. 😭,3443,😂
3458,2026-01-06 03:14:00,acc2,Random anime fact: Did you know? Anime is often adapted from manga or light novels. ✨,,💯
3459,2026-01-06 03:16:00,acc3,No spoilers please! 🔥,,
3460,2026-01-06 03:18:00,acc4,Random anime fact: Voice actors in Japan are called seiyuu. 😂,3447,😮
3461,2026-01-06 03:20:00,acc1,Random anime fact: Studio Ghibli films are famous for hand-drawn animation. 👀,3457,👍
3462,2026-01-06 03:22:00,acc2,I'm rewatching Vinland Saga this weekend. 🍜,,💯
3463,2026-01-06 03:24:00,acc3,I think today's episode was incredible! 📚,3447,
3464,2026-01-06 03:26:00,acc4,My favorite moment in Dragon Ball still gives me chills 🔥,3452,👍
3465,2026-01-06 03:28:00,acc1,My favorite moment in One Piece still gives me chills 👀,,❤️
3466,2026-01-06 03:30:00,acc2,"Quote of the day: ""Power comes in response to a need."" 🎉",3452,😂
3467,2026-01-06 03:32:00,acc3,My favorite moment in Demon Slayer still gives me chills 😂,3454,💯
3468,2026-01-06 03:34:00,acc4,Anyone watching One Piece lately? 😭,3454,😭
3469,2026-01-06 03:36:00,acc1,That animation quality was insane! 🤔,,❤️
3470,2026-01-06 03:38:00,acc2,Random anime fact: Did you know? Anime is often adapted from manga or light novels. 😭,,🔥
3471,2026-01-06 03:40:00,acc3,I think today's episode was incredible! 👀,,😂
3472,2026-01-06 03:42:00,acc4,I'm rewatching Fullmetal Alchemist this weekend. 😂,3466,😂
3473,2026-01-06 03:44:00,acc1,"Quote of the day: ""People's dreams never end."" ❤️",3458,👍
3474,2026-01-06 03:46:00,acc2,Who's your favorite character from Steins;Gate? 😭,,🔥
3475,2026-01-06 03:48:00,acc3,Who's your favorite character from Attack on Titan? 😎,,🔥
3476,2026-01-06 03:50:00,acc4,That animation quality was insane! ⚡,3467,💯
3477,2026-01-06 03:52:00,acc1,Who's your favorite character from Naruto? 🎉,3463,
3478,2026-01-06 03:54:00,acc2,My favorite moment in Naruto still gives me chills 🎉,3475,👏
3479,2026-01-06 03:56:00,acc3,Anyone watching Attack on Titan lately? ⚡,3476,😭
3480,2026-01-06 03:58:00,acc4,Random anime fact: Voice actors in Japan are called seiyuu. 🙌,,😂
3481,2026-01-06 04:00:00,acc1,Who's your favorite character from Frieren? ⚡,,😮
3482,2026-01-06 04:02:00,acc2,Who's your favorite character from Bleach? ❤️,,👏
3483,2026-01-06 04:04:00,acc3,Who's your favorite character from Fullmetal Alchemist? 👀,,👍
3484,2026-01-06 04:06:00,acc4,No spoilers please! 🎉,,🔥
3485,2026-01-06 04:08:00,acc1,Opening theme has been stuck in my head. ✨,,😭
3486,2026-01-06 04:10:00,acc2,Who's your favorite character from Demon Slayer? 😭,,👍
3487,2026-01-06 04:12:00,acc3,No spoilers please! ❤️,3481,👏
3488,2026-01-06 04:14:00,acc4,My favorite moment in Death Note still gives me chills 🔥,,😮
3489,2026-01-06 04:16:00,acc1,Anyone watching Hunter x Hunter lately? 👀,3473,
3490,2026-01-06 04:18:00,acc2,Who's your favorite character from Hunter x Hunter? 😂,3474,😮
3491,2026-01-06 04:20:00,acc3,My favorite moment in Death Note still gives me chills 🙌,,😭
3492,2026-01-06 04:22:00,acc4,Anyone watching Steins;Gate lately? ⚡,,💯
3493,2026-01-06 04:24:00,acc1,I think today's episode was incredible! 🍜,3481,💯
3494,2026-01-06 04:26:00,acc2,"Quote of the day: ""The world isn't perfect, but it's beautiful."" 🎉",,❤️
3495,2026-01-06 04:28:00,acc3,My favorite moment in Dragon Ball still gives me chills 📚,3492,😎
3496,2026-01-06 04:30:00,acc4,I'm rewatching Naruto this weekend. ⚡,3482,
3497,2026-01-06 04:32:00,acc1,I think today's episode was incredible! 😎,,😭
3498,2026-01-06 04:34:00,acc2,I think today's episode was incredible! ❤️,,💯
3499,2026-01-06 04:36:00,acc3,"Quote of the day: ""People's dreams never end."" ❤️",,💯
3500,2026-01-06 04:38:00,acc4,I'm rewatching Hunter x Hunter this weekend. 😭,3494,🔥
3501,2026-01-06 04:40:00,acc1,My favorite moment in One Piece still gives me chills 🙌,3487,😂
3502,2026-01-06 04:42:00,acc2,I'm rewatching Demon Slayer this weekend. 📚,3496,😮
3503,2026-01-06 04:44:00,acc3,No spoilers please! 🎉,3497,😎
3504,2026-01-06 04:46:00,acc4,I think today's episode was incredible! ✨,3500,👍
3505,2026-01-06 04:48:00,acc1,That animation quality was insane! 👀,,😂
3506,2026-01-06 04:50:00,acc2,I think today's episode was incredible! 🙌,3500,👏
3507,2026-01-06 04:52:00,acc3,Random anime fact: Many anime openings become chart-topping songs. 👀,,❤️
3508,2026-01-06 04:54:00,acc4,No spoilers please! 💯,,❤️
3509,2026-01-06 04:56:00,acc1,That animation quality was insane! 😀,,😂
3510,2026-01-06 04:58:00,acc2,Random anime fact: Did you know? Anime is often adapted from manga or light novels. 🎉,3504,👍
3511,2026-01-06 05:00:00,acc3,Random anime fact: Voice actors in Japan are called seiyuu. 👀,3503,
3512,2026-01-06 05:02:00,acc4,No spoilers please! 🍜,3503,❤️
3513,2026-01-06 05:04:00,acc1,"Quote of the day: ""Power comes in response to a need."" 📚",3500,😭
3514,2026-01-06 05:06:00,acc2,That animation quality was insane! ✨,3502,
3515,2026-01-06 05:08:00,acc3,Who's your favorite character from Steins;Gate? 👀,,🔥
3516,2026-01-06 05:10:00,acc4,Who's your favorite character from Hunter x Hunter? 🤔,3510,
3517,2026-01-06 05:12:00,acc1,Opening theme has been stuck in my head. 🤔,3507,😭
3518,2026-01-06 05:14:00,acc2,My favorite moment in One Piece still gives me chills 🔥,3515,😎
3519,2026-01-06 05:16:00,acc3,Who's your favorite character from My Hero Academia? 🤔,3511,😂
3520,2026-01-06 05:18:00,acc4,No spoilers please! 📚,3508,🔥
3521,2026-01-06 05:20:00,acc1,My favorite moment in Naruto still gives me chills 🎉,3513,❤️
3522,2026-01-06 05:22:00,acc2,Anyone watching Vinland Saga lately? 🍜,,💯
3523,2026-01-06 05:24:00,acc3,My favorite moment in Steins;Gate still gives me chills 💯,,😎
3524,2026-01-06 05:26:00,acc4,Who's your favorite character from Naruto? 💯,3517,😂
3525,2026-01-06 05:28:00,acc1,I'm rewatching Bleach this weekend. ❤️,3510,😭
3526,2026-01-06 05:30:00,acc2,Who's your favorite character from Naruto? 😭,,👍
3527,2026-01-06 05:32:00,acc3,No spoilers please! 💯,,❤️
3528,2026-01-06 05:34:00,acc4,No spoilers please! 🔥,,💯
3529,2026-01-06 05:36:00,acc1,Who's your favorite character from Demon Slayer? 🍜,3518,👍
3530,2026-01-06 05:38:00,acc2,No spoilers please! ✨,3519,
3531,2026-01-06 05:40:00,acc3,Who's your favorite character from Demon Slayer? 💯,,💯
3532,2026-01-06 05:42:00,acc4,My favorite moment in One Piece still gives me chills 💯,3530,💯
3533,2026-01-06 05:44:00,acc1,That animation quality was insane! 😭,,😎
3534,2026-01-06 05:46:00,acc2,Anyone watching Naruto lately? 🍜,,❤️
3535,2026-01-06 05:48:00,acc3,That animation quality was insane! 📚,,😮
3536,2026-01-06 05:50:00,acc4,Opening theme has been stuck in my head. 🤔,,😂
3537,2026-01-06 05:52:00,acc1,I'm rewatching Steins;Gate this weekend. 💯,3522,😂
3538,2026-01-06 05:54:00,acc2,Random anime fact: Many anime openings become chart-topping songs. 🎉,,👏
3539,2026-01-06 05:56:00,acc3,Opening theme has been stuck in my head. 😀,,😂
3540,2026-01-06 05:58:00,acc4,Anyone watching Hunter x Hunter lately? ❤️,,😮
3541,2026-01-06 06:00:00,acc1,Opening theme has been stuck in my head. ❤️,,😭
3542,2026-01-06 06:02:00,acc2,That animation quality was insane! ❤️,,😮
3543,2026-01-06 06:04:00,acc3,That animation quality was insane! ❤️,,❤️
3544,2026-01-06 06:06:00,acc4,Anyone watching My Hero Academia lately? 💯,3541,💯
3545,2026-01-06 06:08:00,acc1,My favorite moment in Steins;Gate still gives me chills 🔥,,
3546,2026-01-06 06:10:00,acc2,I think today's episode was incredible! ✨,,💯
3547,2026-01-06 06:12:00,acc3,"Quote of the day: ""A lesson without pain is meaningless."" 🔥",,💯
3548,2026-01-06 06:14:00,acc4,Opening theme has been stuck in my head. 🎉,3538,😮
3549,2026-01-06 06:16:00,acc1,Who's your favorite character from Bleach? 👀,3540,😂
3550,2026-01-06 06:18:00,acc2,Random anime fact: Many anime openings become chart-topping songs. 😎,3540,😂
3551,2026-01-06 06:20:00,acc3,Random anime fact: One Piece is among the best-selling manga series. 👀,,💯
3552,2026-01-06 06:22:00,acc4,Opening theme has been stuck in my head. 📚,3538,🔥
3553,2026-01-06 06:24:00,acc1,Opening theme has been stuck in my head. 👀,3539,
3554,2026-01-06 06:26:00,acc2,No spoilers please! 🎉,3551,💯
3555,2026-01-06 06:28:00,acc3,Opening theme has been stuck in my head. ⚡,,💯
3556,2026-01-06 06:30:00,acc4,Who's your favorite character from One Piece? ❤️,3540,😎
3557,2026-01-06 06:32:00,acc1,I think today's episode was incredible! 😂,,😎
3558,2026-01-06 06:34:00,acc2,Random anime fact: Attack on Titan changed many viewers' expectations of anime. 🔥,,👍
3559,2026-01-06 06:36:00,acc3,Anyone watching One Piece lately? 😎,3553,😭
3560,2026-01-06 06:38:00,acc4,My favorite moment in Haikyuu!! still gives me chills 🙌,3548,🔥
3561,2026-01-06 06:40:00,acc1,"Quote of the day: ""Keep moving forward."" 😂",,👍
3562,2026-01-06 06:42:00,acc2,I think today's episode was incredible! ⚡,,😎
3563,2026-01-06 06:44:00,acc3,Opening theme has been stuck in my head. 👀,3557,👏
3564,2026-01-06 06:46:00,acc4,Random anime fact: Studio Ghibli films are famous for hand-drawn animation. 🙌,,👍
3565,2026-01-06 06:48:00,acc1,No spoilers please! 😀,,👏
3566,2026-01-06 06:50:00,acc2,I'm rewatching Hunter x Hunter this weekend. 📚,3556,
3567,2026-01-06 06:52:00,acc3,Opening theme has been stuck in my head. ✨,,
3568,2026-01-06 06:54:00,acc4,No spoilers please! 😭,,👍
3569,2026-01-06 06:56:00,acc1,Anyone watching Bleach lately? ❤️,,💯
3570,2026-01-06 06:58:00,acc2,Opening theme has been stuck in my head. 😭,,😭
3571,2026-01-06 07:00:00,acc3,Anyone watching Jujutsu Kaisen lately? 🍜,,😮
3572,2026-01-06 07:02:00,acc4,Random anime fact: Studio Ghibli films are famous for hand-drawn animation. 🙌,,❤️
3573,2026-01-06 07:04:00,acc1,That animation quality was insane! 🤔,,👍
3574,2026-01-06 07:06:00,acc2,Random anime fact: One Piece is among the best-selling manga series. ❤️,,👏
3575,2026-01-06 07:08:00,acc3,Opening theme has been stuck in my head. 😂,3561,👍
3576,2026-01-06 07:10:00,acc4,Opening theme has been stuck in my head. 🍜,3569,
3577,2026-01-06 07:12:00,acc1,I'm rewatching Bleach this weekend. ✨,,😭
3578,2026-01-06 07:14:00,acc2,Random anime fact: Voice actors in Japan are called seiyuu. 🙌,3575,😮
3579,2026-01-06 07:16:00,acc3,Opening theme has been stuck in my head. ✨,,😮
3580,2026-01-06 07:18:00,acc4,No spoilers please! ⚡,,😂
3581,2026-01-06 07:20:00,acc1,Anyone watching Hunter x Hunter lately? 📚,3572,💯
3582,2026-01-06 07:22:00,acc2,I'm rewatching Solo Leveling this weekend. 😂,3580,😎
3583,2026-01-06 07:24:00,acc3,"Quote of the day: ""The world isn't perfect, but it's beautiful."" 🙌",3569,😎
3584,2026-01-06 07:26:00,acc4,That animation quality was insane! 🤔,,😮
3585,2026-01-06 07:28:00,acc1,I think today's episode was incredible! ✨,3574,👏
3586,2026-01-06 07:30:00,acc2,I'm rewatching Bleach this weekend. 🤔,,
3587,2026-01-06 07:32:00,acc3,Opening theme has been stuck in my head. ❤️,3585,💯
3588,2026-01-06 07:34:00,acc4,I'm rewatching Naruto this weekend. 🍜,,😮
3589,2026-01-06 07:36:00,acc1,Anyone watching One Piece lately? 📚,3578,😮
3590,2026-01-06 07:38:00,acc2,"Quote of the day: ""Power comes in response to a need."" 😀",3586,😎
3591,2026-01-06 07:40:00,acc3,No spoilers please! 🎉,,🔥
3592,2026-01-06 07:42:00,acc4,Anyone watching Haikyuu!! lately? 🎉,,👏
3593,2026-01-06 07:44:00,acc1,Anyone watching Haikyuu!! lately? 💯,3585,😎
3594,2026-01-06 07:46:00,acc2,Random anime fact: Voice actors in Japan are called seiyuu. 🤔,3583,❤️
3595,2026-01-06 07:48:00,acc3,Opening theme has been stuck in my head. 🙌,,🔥
3596,2026-01-06 07:50:00,acc4,"Quote of the day: ""The world isn't perfect, but it's beautiful."" 🔥",,🔥
3597,2026-01-06 07:52:00,acc1,Anyone watching My Hero Academia lately? 🍜,3589,👍
3598,2026-01-06 07:54:00,acc2,Opening theme has been stuck in my head. ✨,3582,
3599,2026-01-06 07:56:00,acc3,Opening theme has been stuck in my head. 👀,,😮
3600,2026-01-06 07:58:00,acc4,Random anime fact: Did you know? Anime is often adapted from manga or light novels. ❤️,3590,❤️
3601,2026-01-06 08:00:00,acc1,No spoilers please! 😎,,👍
3602,2026-01-06 08:02:00,acc2,Random anime fact: Voice actors in Japan are called seiyuu. ❤️,3587,
3603,2026-01-06 08:04:00,acc3,Random anime fact: Did you know? Anime is often adapted from manga or light novels. ⚡,,👏
3604,2026-01-06 08:06:00,acc4,Anyone watching Hunter x Hunter lately? 💯,3592,👏
3605,2026-01-06 08:08:00,acc1,Anyone watching Steins;Gate lately? 🙌,3599,😂
3606,2026-01-06 08:10:00,acc2,My favorite moment in Fullmetal Alchemist still gives me chills 🎉,,❤️
3607,2026-01-06 08:12:00,acc3,Who's your favorite character from Solo Leveling? 👀,,😭
3608,2026-01-06 08:14:00,acc4,That animation quality was insane! 🍜,,👏
3609,2026-01-06 08:16:00,acc1,Anyone watching Haikyuu!! lately? ❤️,,💯
3610,2026-01-06 08:18:00,acc2,Anyone watching Bleach lately? 😎,,😭
3611,2026-01-06 08:20:00,acc3,That animation quality was insane! 📚,3595,👏
3612,2026-01-06 08:22:00,acc4,That animation quality was insane! 😀,,💯
3613,2026-01-06 08:24:00,acc1,No spoilers please! 🔥,3598,💯
3614,2026-01-06 08:26:00,acc2,Opening theme has been stuck in my head. ✨,,🔥
3615,2026-01-06 08:28:00,acc3,Anyone watching Naruto lately? 🔥,3602,👍
3616,2026-01-06 08:30:00,acc4,Opening theme has been stuck in my head. 😀,,😂
3617,2026-01-06 08:32:00,acc1,I'm rewatching Fullmetal Alchemist this weekend. 👀,3606,🔥
3618,2026-01-06 08:34:00,acc2,Anyone watching Attack on Titan lately? 😭,,😎
3619,2026-01-06 08:36:00,acc3,I'm rewatching Vinland Saga this weekend. 🍜,,😭
3620,2026-01-06 08:38:00,acc4,Who's your favorite character from Frieren? 😎,3613,😂
3621,2026-01-06 08:40:00,acc1,No spoilers please! 🙌,3609,😮
3622,2026-01-06 08:42:00,acc2,My favorite moment in Solo Leveling still gives me chills 😂,3616,😎
3623,2026-01-06 08:44:00,acc3,That animation quality was insane! 👀,,👏
3624,2026-01-06 08:46:00,acc4,I think today's episode was incredible! 🎉,,💯
3625,2026-01-06 08:48:00,acc1,I think today's episode was incredible! 🎉,,😭
3626,2026-01-06 08:50:00,acc2,That animation quality was insane! 🙌,,🔥
3627,2026-01-06 08:52:00,acc3,Random anime fact: Did you know? Anime is often adapted from manga or light novels. 🍜,,💯
3628,2026-01-06 08:54:00,acc4,I'm rewatching One Piece this weekend. 😎,3614,💯
3629,2026-01-06 08:56:00,acc1,I think today's episode was incredible! ❤️,3614,👏
3630,2026-01-06 08:58:00,acc2,"Quote of the day: ""People's dreams never end."" 🤔",3615,😭
3631,2026-01-06 09:00:00,acc3,I'm rewatching Hunter x Hunter this weekend. 😭,3620,💯
3632,2026-01-06 09:02:00,acc4,Opening theme has been stuck in my head. ⚡,,😂
3633,2026-01-06 09:04:00,acc1,"Quote of the day: ""Power comes in response to a need."" 😂",,👏
3634,2026-01-06 09:06:00,acc2,Anyone watching Frieren lately? 😎,3622,👏
3635,2026-01-06 09:08:00,acc3,I'm rewatching Fullmetal Alchemist this weekend. 🙌,3624,😭
3636,2026-01-06 09:10:00,acc4,No spoilers please! 🎉,3628,💯
3637,2026-01-06 09:12:00,acc1,That animation quality was insane! 🍜,3627,👏
3638,2026-01-06 09:14:00,acc2,"Quote of the day: ""Keep moving forward."" ❤️",3633,
3639,2026-01-06 09:16:00,acc3,That animation quality was insane! ⚡,3623,👏
3640,2026-01-06 09:18:00,acc4,I'm rewatching My Hero Academia this weekend. ❤️,3636,❤️
3641,2026-01-06 09:20:00,acc1,My favorite moment in Steins;Gate still gives me chills 🎉,3627,👍
3642,2026-01-06 09:22:00,acc2,"Quote of the day: ""The world isn't perfect, but it's beautiful."" ❤️",,😂
3643,2026-01-06 09:24:00,acc3,Opening theme has been stuck in my head. ❤️,3633,😮
3644,2026-01-06 09:26:00,acc4,No spoilers please! 🍜,3633,🔥
3645,2026-01-06 09:28:00,acc1,Opening theme has been stuck in my head. 😭,3639,😂
3646,2026-01-06 09:30:00,acc2,"Quote of the day: ""The world isn't perfect, but it's beautiful."" ⚡",3641,😂
3647,2026-01-06 09:32:00,acc3,I think today's episode was incredible! 🍜,3631,😂
3648,2026-01-06 09:34:00,acc4,Opening theme has been stuck in my head. 😀,,👍
3649,2026-01-06 09:36:00,acc1,"Quote of the day: ""Keep moving forward."" ❤️",3635,😎
3650,2026-01-06 09:38:00,acc2,Who's your favorite character from Steins;Gate? ❤️,3635,
3651,2026-01-06 09:40:00,acc3,I'm rewatching Jujutsu Kaisen this weekend. 🎉,,👏
3652,2026-01-06 09:42:00,acc4,I think today's episode was incredible! 🙌,,💯
3653,2026-01-06 09:44:00,acc1,Opening theme has been stuck in my head. 😭,3646,❤️
3654,2026-01-06 09:46:00,acc2,Anyone watching Fullmetal Alchemist lately? 😂,,💯
3655,2026-01-06 09:48:00,acc3,Random anime fact: Voice actors in Japan are called seiyuu. 💯,,💯
3656,2026-01-06 09:50:00,acc4,I'm rewatching Jujutsu Kaisen this weekend. ⚡,3643,❤️
3657,2026-01-06 09:52:00,acc1,Anyone watching Vinland Saga lately? 🙌,3647,😮
3658,2026-01-06 09:54:00,acc2,"Quote of the day: ""The world isn't perfect, but it's beautiful."" 😀",3642,🔥
3659,2026-01-06 09:56:00,acc3,I think today's episode was incredible! 👀,,😎
3660,2026-01-06 09:58:00,acc4,Anyone watching Frieren lately? 😂,3656,😮
3661,2026-01-06 10:00:00,acc1,Anyone watching Naruto lately? 😎,3658,💯
3662,2026-01-06 10:02:00,acc2,That animation quality was insane! 🔥,3648,👏
3663,2026-01-06 10:04:00,acc3,Anyone watching One Piece lately? 😀,,💯
3664,2026-01-06 10:06:00,acc4,That animation quality was insane! 💯,3660,😮
3665,2026-01-06 10:08:00,acc1,Opening theme has been stuck in my head. 😎,,👏
3666,2026-01-06 10:10:00,acc2,My favorite moment in Death Note still gives me chills ❤️,3653,
3667,2026-01-06 10:12:00,acc3,No spoilers please! 🍜,3664,
3668,2026-01-06 10:14:00,acc4,No spoilers please! 📚,,
3669,2026-01-06 10:16:00,acc1,Who's your favorite character from Solo Leveling? 🍜,3665,🔥
3670,2026-01-06 10:18:00,acc2,"Quote of the day: ""The world isn't perfect, but it's beautiful."" 😎",,🔥
3671,2026-01-06 10:20:00,acc3,My favorite moment in Steins;Gate still gives me chills 🔥,,😎
3672,2026-01-06 10:22:00,acc4,Opening theme has been stuck in my head. 🤔,,👏
3673,2026-01-06 10:24:00,acc1,My favorite moment in Hunter x Hunter still gives me chills 😀,,😭
3674,2026-01-06 10:26:00,acc2,"Quote of the day: ""A lesson without pain is meaningless."" 🔥",3666,😮
3675,2026-01-06 10:28:00,acc3,Random anime fact: Studio Ghibli films are famous for hand-drawn animation. 🍜,,😭
3676,2026-01-06 10:30:00,acc4,No spoilers please! 🎉,3674,😂
3677,2026-01-06 10:32:00,acc1,No spoilers please! 💯,3661,👏
3678,2026-01-06 10:34:00,acc2,Anyone watching Frieren lately? ✨,,❤️
3679,2026-01-06 10:36:00,acc3,I think today's episode was incredible! 👀,,😭
3680,2026-01-06 10:38:00,acc4,I think today's episode was incredible! 🎉,3674,😭
3681,2026-01-06 10:40:00,acc1,No spoilers please! ❤️,,👍
3682,2026-01-06 10:42:00,acc2,My favorite moment in My Hero Academia still gives me chills 😭,,😎
3683,2026-01-06 10:44:00,acc3,My favorite moment in Naruto still gives me chills 😭,,😂
3684,2026-01-06 10:46:00,acc4,I think today's episode was incredible! 🤔,3679,😭
3685,2026-01-06 10:48:00,acc1,No spoilers please! ⚡,3674,👏
3686,2026-01-06 10:50:00,acc2,Random anime fact: One Piece is among the best-selling manga series. 😂,,💯
3687,2026-01-06 10:52:00,acc3,That animation quality was insane! 😀,3676,😎
3688,2026-01-06 10:54:00,acc4,Anyone watching Vinland Saga lately? 😎,,💯
3689,2026-01-06 10:56:00,acc1,My favorite moment in Haikyuu!! still gives me chills 🤔,,😮
3690,2026-01-06 10:58:00,acc2,No spoilers please! 🎉,3681,😮
3691,2026-01-06 11:00:00,acc3,No spoilers please! ❤️,,😎
3692,2026-01-06 11:02:00,acc4,"Quote of the day: ""Keep moving forward."" 🎉",3689,😭
3693,2026-01-06 11:04:00,acc1,Anyone watching Naruto lately? ⚡,3683,🔥
3694,2026-01-06 11:06:00,acc2,Who's your favorite character from Naruto? 🎉,,🔥
3695,2026-01-06 11:08:00,acc3,I think today's episode was incredible! 😀,3687,
3696,2026-01-06 11:10:00,acc4,Who's your favorite character from Hunter x Hunter? 🎉,3683,😮
3697,2026-01-06 11:12:00,acc1,My favorite moment in One Piece still gives me chills 💯,3688,
3698,2026-01-06 11:14:00,acc2,Who's your favorite character from Death Note? 🔥,,😂
3699,2026-01-06 11:16:00,acc3,That animation quality was insane! 🤔,3691,👍
3700,2026-01-06 11:18:00,acc4,"Quote of the day: ""People's dreams never end."" ⚡",,💯
3701,2026-01-06 11:20:00,acc1,Opening theme has been stuck in my head. 😀,,🔥
3702,2026-01-06 11:22:00,acc2,I think today's episode was incredible! 📚,3696,😎
3703,2026-01-06 11:24:00,acc3,Random anime fact: Voice actors in Japan are called seiyuu. 😀,3691,😮
3704,2026-01-06 11:26:00,acc4,"Quote of the day: ""People's dreams never end."" 🎉",3693,😎
3705,2026-01-06 11:28:00,acc1,Opening theme has been stuck in my head. 😎,3689,😭
3706,2026-01-06 11:30:00,acc2,"Quote of the day: ""A lesson without pain is meaningless."" 😀",,😭
3707,2026-01-06 11:32:00,acc3,That animation quality was insane! ✨,3700,👏
3708,2026-01-06 11:34:00,acc4,No spoilers please! 😂,3703,😮
3709,2026-01-06 11:36:00,acc1,No spoilers please! ✨,3695,
3710,2026-01-06 11:38:00,acc2,That animation quality was insane! 🍜,3706,😮
3711,2026-01-06 11:40:00,acc3,"Quote of the day: ""The world isn't perfect, but it's beautiful."" 🔥",3698,😂
3712,2026-01-06 11:42:00,acc4,No spoilers please! 🙌,,
3713,2026-01-06 11:44:00,acc1,I'm rewatching Steins;Gate this weekend. 😭,,😎
3714,2026-01-06 11:46:00,acc2,Anyone watching Fullmetal Alchemist lately? ❤️,,😂
3715,2026-01-06 11:48:00,acc3,My favorite moment in Fullmetal Alchemist still gives me chills 🤔,3707,❤️
3716,2026-01-06 11:50:00,acc4,Who's your favorite character from My Hero Academia? 🔥,3714,💯
3717,2026-01-06 11:52:00,acc1,That animation quality was insane! 😎,3710,👍
3718,2026-01-06 11:54:00,acc2,I'm rewatching Vinland Saga this weekend. 🔥,3705,😭
3719,2026-01-06 11:56:00,acc3,Opening theme has been stuck in my head. ✨,,😂
3720,2026-01-06 11:58:00,acc4,Opening theme has been stuck in my head. 💯,,💯
3721,2026-01-06 12:00:00,acc1,I'm rewatching Solo Leveling this weekend. 💯,,😎
3722,2026-01-06 12:02:00,acc2,I think today's episode was incredible! 👀,3707,😭
3723,2026-01-06 12:04:00,acc3,"Quote of the day: ""Power comes in response to a need."" 🤔",3708,😎
3724,2026-01-06 12:06:00,acc4,No spoilers please! ⚡,,
3725,2026-01-06 12:08:00,acc1,Anyone watching Bleach lately? 👀,3713,👏
3726,2026-01-06 12:10:00,acc2,No spoilers please! 🍜,,😮
3727,2026-01-06 12:12:00,acc3,Anyone watching My Hero Academia lately? ✨,3711,😭
3728,2026-01-06 12:14:00,acc4,Opening theme has been stuck in my head. ❤️,,❤️
3729,2026-01-06 12:16:00,acc1,I think today's episode was incredible! 😀,3721,😎
3730,2026-01-06 12:18:00,acc2,No spoilers please! 💯,3720,❤️
3731,2026-01-06 12:20:00,acc3,That animation quality was insane! 😀,,
3732,2026-01-06 12:22:00,acc4,Opening theme has been stuck in my head. ⚡,,😭
3733,2026-01-06 12:24:00,acc1,That animation quality was insane! 🔥,3731,🔥
3734,2026-01-06 12:26:00,acc2,That animation quality was insane! 💯,3727,😭
3735,2026-01-06 12:28:00,acc3,That animation quality was insane! 😀,3726,😎
3736,2026-01-06 12:30:00,acc4,I think today's episode was incredible! ❤️,,😭
3737,2026-01-06 12:32:00,acc1,My favorite moment in One Piece still gives me chills ❤️,3734,🔥
3738,2026-01-06 12:34:00,acc2,Anyone watching Attack on Titan lately? 🤔,3734,👏
3739,2026-01-06 12:36:00,acc3,Random anime fact: Many anime openings become chart-topping songs. 🤔,3731,😭
3740,2026-01-06 12:38:00,acc4,Who's your favorite character from Hunter x Hunter? 🙌,,😮
3741,2026-01-06 12:40:00,acc1,My favorite moment in Dragon Ball still gives me chills ❤️,3729,❤️
3742,2026-01-06 12:42:00,acc2,My favorite moment in Frieren still gives me chills 💯,3740,🔥
3743,2026-01-06 12:44:00,acc3,No spoilers please! 😭,3728,👏
3744,2026-01-06 12:46:00,acc4,Anyone watching Haikyuu!! lately? 😂,3735,😭
3745,2026-01-06 12:48:00,acc1,Random anime fact: Attack on Titan changed many viewers' expectations of anime. 🍜,,😮
3746,2026-01-06 12:50:00,acc2,Who's your favorite character from Steins;Gate? ✨,,😭
3747,2026-01-06 12:52:00,acc3,That animation quality was insane! 🍜,3737,😮
3748,2026-01-06 12:54:00,acc4,Random anime fact: Did you know? Anime is often adapted from manga or light novels. ❤️,3739,🔥
3749,2026-01-06 12:56:00,acc1,My favorite moment in Death Note still gives me chills 🍜,,😭
3750,2026-01-06 12:58:00,acc2,Random anime fact: One Piece is among the best-selling manga series. 👀,3737,❤️
3751,2026-01-06 13:00:00,acc3,Anyone watching Haikyuu!! lately? 🙌,,❤️
3752,2026-01-06 13:02:00,acc4,Who's your favorite character from Solo Leveling? 📚,3749,🔥
3753,2026-01-06 13:04:00,acc1,That animation quality was insane! 😂,3748,👏
3754,2026-01-06 13:06:00,acc2,Who's your favorite character from Bleach? 💯,3747,💯
3755,2026-01-06 13:08:00,acc3,"Quote of the day: ""The world isn't perfect, but it's beautiful."" 📚",,💯
3756,2026-01-06 13:10:00,acc4,Random anime fact: Many anime openings become chart-topping songs. 😭,3745,
3757,2026-01-06 13:12:00,acc1,My favorite moment in Dragon Ball still gives me chills 💯,3748,😮
3758,2026-01-06 13:14:00,acc2,Anyone watching Attack on Titan lately? ⚡,,😂
3759,2026-01-06 13:16:00,acc3,My favorite moment in Demon Slayer still gives me chills 💯,,😎
3760,2026-01-06 13:18:00,acc4,My favorite moment in Bleach still gives me chills 📚,,😮
3761,2026-01-06 13:20:00,acc1,Anyone watching Steins;Gate lately? 😭,3749,😎
3762,2026-01-06 13:22:00,acc2,I'm rewatching Fullmetal Alchemist this weekend. 🎉,,😂
3763,2026-01-06 13:24:00,acc3,"Quote of the day: ""The world isn't perfect, but it's beautiful."" 😎",3759,👍
3764,2026-01-06 13:26:00,acc4,Anyone watching Jujutsu Kaisen lately? 📚,3758,
3765,2026-01-06 13:28:00,acc1,No spoilers please! 😂,3755,💯
3766,2026-01-06 13:30:00,acc2,That animation quality was insane! 👀,3756,💯
3767,2026-01-06 13:32:00,acc3,That animation quality was insane! 🤔,3755,😂
3768,2026-01-06 13:34:00,acc4,"Quote of the day: ""A lesson without pain is meaningless."" 🔥",,
3769,2026-01-06 13:36:00,acc1,I'm rewatching Naruto this weekend. 🙌,3761,🔥
3770,2026-01-06 13:38:00,acc2,Anyone watching Vinland Saga lately? 👀,,😭
3771,2026-01-06 13:40:00,acc3,Who's your favorite character from Bleach? 💯,,💯
3772,2026-01-06 13:42:00,acc4,Opening theme has been stuck in my head. 😀,,🔥
3773,2026-01-06 13:44:00,acc1,That animation quality was insane! 😎,3763,😮
3774,2026-01-06 13:46:00,acc2,No spoilers please! 😂,,😭
3775,2026-01-06 13:48:00,acc3,Opening theme has been stuck in my head. 😂,3771,👏
3776,2026-01-06 13:50:00,acc4,Opening theme has been stuck in my head. 🤔,3770,😂
3777,2026-01-06 13:52:00,acc1,Who's your favorite character from Death Note? 😭,3765,
3778,2026-01-06 13:54:00,acc2,No spoilers please! 📚,,😂
3779,2026-01-06 13:56:00,acc3,"Quote of the day: ""People's dreams never end."" 🙌",3775,😮
3780,2026-01-06 13:58:00,acc4,No spoilers please! 📚,,😂
3781,2026-01-06 14:00:00,acc1,Opening theme has been stuck in my head. ❤️,,😭
3782,2026-01-06 14:02:00,acc2,I think today's episode was incredible! 😎,,❤️
3783,2026-01-06 14:04:00,acc3,Opening theme has been stuck in my head. 😎,3769,👏
3784,2026-01-06 14:06:00,acc4,Opening theme has been stuck in my head. 🙌,3776,😭
3785,2026-01-06 14:08:00,acc1,Anyone watching Solo Leveling lately? 🔥,,
3786,2026-01-06 14:10:00,acc2,I'm rewatching Solo Leveling this weekend. ⚡,3776,❤️
3787,2026-01-06 14:12:00,acc3,I think today's episode was incredible! 🎉,3771,❤️
3788,2026-01-06 14:14:00,acc4,"Quote of the day: ""People's dreams never end."" 😎",3777,❤️
3789,2026-01-06 14:16:00,acc1,I'm rewatching Bleach this weekend. 😭,3775,❤️
3790,2026-01-06 14:18:00,acc2,No spoilers please! 😂,3774,
3791,2026-01-06 14:20:00,acc3,That animation quality was insane! 🤔,,👏
3792,2026-01-06 14:22:00,acc4,No spoilers please! 💯,3776,😂
3793,2026-01-06 14:24:00,acc1,My favorite moment in Vinland Saga still gives me chills ❤️,,😮
3794,2026-01-06 14:26:00,acc2,That animation quality was insane! 😀,,😂
3795,2026-01-06 14:28:00,acc3,That animation quality was insane! ✨,3789,👏
3796,2026-01-06 14:30:00,acc4,Random anime fact: Many anime openings become chart-topping songs. 📚,,❤️
3797,2026-01-06 14:32:00,acc1,That animation quality was insane! 😀,,👍
3798,2026-01-06 14:34:00,acc2,I think today's episode was incredible! 😎,3791,😂
3799,2026-01-06 14:36:00,acc3,"Quote of the day: ""The world isn't perfect, but it's beautiful."" 😭",,😎
3800,2026-01-06 14:38:00,acc4,Random anime fact: Voice actors in Japan are called seiyuu. 🍜,,👍
3801,2026-01-06 14:40:00,acc1,Random anime fact: Voice actors in Japan are called seiyuu. 🔥,3785,👏
3802,2026-01-06 14:42:00,acc2,Opening theme has been stuck in my head. 😂,3799,❤️
3803,2026-01-06 14:44:00,acc3,Who's your favorite character from Attack on Titan? ✨,,
3804,2026-01-06 14:46:00,acc4,Random anime fact: Voice actors in Japan are called seiyuu. 💯,,😎
3805,2026-01-06 14:48:00,acc1,"Quote of the day: ""A lesson without pain is meaningless."" 🔥",3793,👏
3806,2026-01-06 14:50:00,acc2,Random anime fact: Many anime openings become chart-topping songs. 🤔,,😂
3807,2026-01-06 14:52:00,acc3,I'm rewatching Haikyuu!! this weekend. 👀,,👍
3808,2026-01-06 14:54:00,acc4,That animation quality was insane! ✨,,😮
3809,2026-01-06 14:56:00,acc1,Opening theme has been stuck in my head. 🙌,3796,💯
3810,2026-01-06 14:58:00,acc2,"Quote of the day: ""The world isn't perfect, but it's beautiful."" 💯",,
3811,2026-01-06 15:00:00,acc3,"Quote of the day: ""Keep moving forward."" ⚡",,❤️
3812,2026-01-06 15:02:00,acc4,That animation quality was insane! 😭,,👏
3813,2026-01-06 15:04:00,acc1,That animation quality was insane! 🎉,3802,🔥
3814,2026-01-06 15:06:00,acc2,Who's your favorite character from Naruto? 😭,,😭
3815,2026-01-06 15:08:00,acc3,Opening theme has been stuck in my head. 😭,3801,😮
3816,2026-01-06 15:10:00,acc4,I think today's episode was incredible! 😭,3805,🔥
3817,2026-01-06 15:12:00,acc1,I think today's episode was incredible! ✨,3803,😮
3818,2026-01-06 15:14:00,acc2,Opening theme has been stuck in my head. ⚡,,❤️
3819,2026-01-06 15:16:00,acc3,I'm rewatching Solo Leveling this weekend. 🔥,3814,💯
3820,2026-01-06 15:18:00,acc4,"Quote of the day: ""Keep moving forward."" 📚",,🔥
3821,2026-01-06 15:20:00,acc1,No spoilers please! 🤔,3808,
3822,2026-01-06 15:22:00,acc2,No spoilers please! 😭,,
3823,2026-01-06 15:24:00,acc3,Opening theme has been stuck in my head. 👀,3819,😎
3824,2026-01-06 15:26:00,acc4,"Quote of the day: ""People's dreams never end."" 🤔",3816,❤️
3825,2026-01-06 15:28:00,acc1,"Quote of the day: ""Keep moving forward."" 💯",3810,👍
3826,2026-01-06 15:30:00,acc2,"Quote of the day: ""The world isn't perfect, but it's beautiful."" 🎉",3816,👍
3827,2026-01-06 15:32:00,acc3,Anyone watching Death Note lately? 🎉,3815,😎
3828,2026-01-06 15:34:00,acc4,Anyone watching Vinland Saga lately? 📚,3814,💯
3829,2026-01-06 15:36:00,acc1,Random anime fact: Attack on Titan changed many viewers' expectations of anime. 😂,3817,💯
3830,2026-01-06 15:38:00,acc2,I'm rewatching Fullmetal Alchemist this weekend. 🎉,,👏
3831,2026-01-06 15:40:00,acc3,Random anime fact: Voice actors in Japan are called seiyuu. 🍜,,😮
3832,2026-01-06 15:42:00,acc4,"Quote of the day: ""A lesson without pain is meaningless."" 📚",3823,😂
3833,2026-01-06 15:44:00,acc1,Opening theme has been stuck in my head. 😭,,❤️
3834,2026-01-06 15:46:00,acc2,That animation quality was insane! 🙌,3827,😭
3835,2026-01-06 15:48:00,acc3,Anyone watching Bleach lately? ⚡,,😎
3836,2026-01-06 15:50:00,acc4,Opening theme has been stuck in my head. ❤️,,❤️
3837,2026-01-06 15:52:00,acc1,Opening theme has been stuck in my head. 🤔,,💯
3838,2026-01-06 15:54:00,acc2,Opening theme has been stuck in my head. 😎,,❤️
3839,2026-01-06 15:56:00,acc3,Who's your favorite character from Fullmetal Alchemist? 😎,,💯
3840,2026-01-06 15:58:00,acc4,Who's your favorite character from Death Note? 💯,3825,😮
3841,2026-01-06 16:00:00,acc1,Who's your favorite character from Naruto? 🎉,,👍
3842,2026-01-06 16:02:00,acc2,"Quote of the day: ""The world isn't perfect, but it's beautiful."" 👀",,😮
3843,2026-01-06 16:04:00,acc3,Who's your favorite character from Bleach? 😀,3838,
3844,2026-01-06 16:06:00,acc4,Who's your favorite character from Bleach? 🍜,3842,😂
3845,2026-01-06 16:08:00,acc1,That animation quality was insane! ✨,3843,❤️
3846,2026-01-06 16:10:00,acc2,My favorite moment in Haikyuu!! still gives me chills 🙌,3839,👍
3847,2026-01-06 16:12:00,acc3,"Quote of the day: ""A lesson without pain is meaningless."" 😂",,👏
3848,2026-01-06 16:14:00,acc4,Random anime fact: Attack on Titan changed many viewers' expectations of anime. 📚,3835,👏
3849,2026-01-06 16:16:00,acc1,I'm rewatching Fullmetal Alchemist this weekend. 😀,3843,❤️
3850,2026-01-06 16:18:00,acc2,No spoilers please! ❤️,,❤️
3851,2026-01-06 16:20:00,acc3,My favorite moment in Solo Leveling still gives me chills 🍜,3836,🔥
3852,2026-01-06 16:22:00,acc4,Who's your favorite character from Jujutsu Kaisen? 👀,3849,👍
3853,2026-01-06 16:24:00,acc1,Anyone watching Jujutsu Kaisen lately? 💯,,😎
3854,2026-01-06 16:26:00,acc2,Random anime fact: Studio Ghibli films are famous for hand-drawn animation. 😂,3845,😮
3855,2026-01-06 16:28:00,acc3,My favorite moment in Solo Leveling still gives me chills 📚,3848,🔥
3856,2026-01-06 16:30:00,acc4,I'm rewatching Vinland Saga this weekend. 🤔,,💯
3857,2026-01-06 16:32:00,acc1,No spoilers please! ❤️,3842,👍
3858,2026-01-06 16:34:00,acc2,That animation quality was insane! 😂,,
3859,2026-01-06 16:36:00,acc3,Random anime fact: Voice actors in Japan are called seiyuu. 💯,,😮
3860,2026-01-06 16:38:00,acc4,I think today's episode was incredible! 😂,,👍
3861,2026-01-06 16:40:00,acc1,Random anime fact: Attack on Titan changed many viewers' expectations of anime. 💯,,💯
3862,2026-01-06 16:42:00,acc2,I think today's episode was incredible! 🔥,,😭
3863,2026-01-06 16:44:00,acc3,I think today's episode was incredible! 🔥,,❤️
3864,2026-01-06 16:46:00,acc4,Opening theme has been stuck in my head. 👀,,😎
3865,2026-01-06 16:48:00,acc1,Who's your favorite character from Dragon Ball? 👀,3858,🔥
3866,2026-01-06 16:50:00,acc2,Opening theme has been stuck in my head. 😂,3861,👏
3867,2026-01-06 16:52:00,acc3,That animation quality was insane! 💯,,👏
3868,2026-01-06 16:54:00,acc4,My favorite moment in Frieren still gives me chills ⚡,3858,💯
3869,2026-01-06 16:56:00,acc1,I think today's episode was incredible! 😭,,💯
3870,2026-01-06 16:58:00,acc2,Anyone watching One Piece lately? 💯,,😮
3871,2026-01-06 17:00:00,acc3,That animation quality was insane! 🍜,3861,😂
3872,2026-01-06 17:02:00,acc4,My favorite moment in Steins;Gate still gives me chills ⚡,3856,💯
3873,2026-01-06 17:04:00,acc1,Who's your favorite character from Vinland Saga? 😀,3869,❤️
3874,2026-01-06 17:06:00,acc2,Anyone watching Death Note lately? 🔥,3860,🔥
3875,2026-01-06 17:08:00,acc3,Random anime fact: Did you know? Anime is often adapted from manga or light novels. 🍜,,😂
3876,2026-01-06 17:10:00,acc4,Random anime fact: Voice actors in Japan are called seiyuu. ✨,,😎
3877,2026-01-06 17:12:00,acc1,Random anime fact: One Piece is among the best-selling manga series. 🍜,3866,
3878,2026-01-06 17:14:00,acc2,My favorite moment in Frieren still gives me chills 😎,,😎
3879,2026-01-06 17:16:00,acc3,My favorite moment in Steins;Gate still gives me chills 🎉,,❤️
3880,2026-01-06 17:18:00,acc4,Anyone watching Attack on Titan lately? 💯,3876,👏
3881,2026-01-06 17:20:00,acc1,Random anime fact: Studio Ghibli films are famous for hand-drawn animation. 📚,,😎
3882,2026-01-06 17:22:00,acc2,My favorite moment in Jujutsu Kaisen still gives me chills 😎,3880,👏
3883,2026-01-06 17:24:00,acc3,I'm rewatching Death Note this weekend. 👀,3867,😂
3884,2026-01-06 17:26:00,acc4,Who's your favorite character from One Piece? 📚,,😮
3885,2026-01-06 17:28:00,acc1,Opening theme has been stuck in my head. 😂,,😂
3886,2026-01-06 17:30:00,acc2,I'm rewatching Attack on Titan this weekend. 😎,3882,😭
3887,2026-01-06 17:32:00,acc3,Anyone watching Frieren lately? ✨,,😎
3888,2026-01-06 17:34:00,acc4,I think today's episode was incredible! ❤️,3886,😎
3889,2026-01-06 17:36:00,acc1,No spoilers please! ⚡,3874,😂
3890,2026-01-06 17:38:00,acc2,I'm rewatching Attack on Titan this weekend. 🙌,,🔥
3891,2026-01-06 17:40:00,acc3,I think today's episode was incredible! 😀,3883,👏
3892,2026-01-06 17:42:00,acc4,Opening theme has been stuck in my head. 👀,,👍
3893,2026-01-06 17:44:00,acc1,Anyone watching Steins;Gate lately? 📚,3886,💯
3894,2026-01-06 17:46:00,acc2,Random anime fact: Many anime openings become chart-topping songs. 🤔,3890,😎
3895,2026-01-06 17:48:00,acc3,Anyone watching Vinland Saga lately? 😂,,💯
3896,2026-01-06 17:50:00,acc4,Who's your favorite character from My Hero Academia? ⚡,,👍
3897,2026-01-06 17:52:00,acc1,I'm rewatching Bleach this weekend. 🔥,,🔥
3898,2026-01-06 17:54:00,acc2,Who's your favorite character from Vinland Saga? 😂,3890,👍
3899,2026-01-06 17:56:00,acc3,Anyone watching Jujutsu Kaisen lately? 💯,3886,😭
3900,2026-01-06 17:58:00,acc4,Opening theme has been stuck in my head. 🔥,3888,😮
3901,2026-01-06 18:00:00,acc1,Random anime fact: One Piece is among the best-selling manga series. 🍜,,👍
3902,2026-01-06 18:02:00,acc2,Random anime fact: Many anime openings become chart-topping songs. ❤️,3888,🔥
3903,2026-01-06 18:04:00,acc3,Anyone watching Frieren lately? 🎉,,😭
3904,2026-01-06 18:06:00,acc4,I think today's episode was incredible! 🙌,,💯
3905,2026-01-06 18:08:00,acc1,I think today's episode was incredible! 🤔,3902,
3906,2026-01-06 18:10:00,acc2,I'm rewatching One Piece this weekend. 🍜,3896,👍
3907,2026-01-06 18:12:00,acc3,I'm rewatching Demon Slayer this weekend. 🤔,,🔥
3908,2026-01-06 18:14:00,acc4,I think today's episode was incredible! 👀,3896,👏
3909,2026-01-06 18:16:00,acc1,No spoilers please! 🤔,3895,😎
3910,2026-01-06 18:18:00,acc2,Anyone watching Haikyuu!! lately? 😎,3896,
3911,2026-01-06 18:20:00,acc3,Opening theme has been stuck in my head. 📚,3902,😂
3912,2026-01-06 18:22:00,acc4,Opening theme has been stuck in my head. 🔥,,😂
3913,2026-01-06 18:24:00,acc1,I'm rewatching One Piece this weekend. 😭,3909,😂
3914,2026-01-06 18:26:00,acc2,Random anime fact: Studio Ghibli films are famous for hand-drawn animation. 👀,3904,
3915,2026-01-06 18:28:00,acc3,"Quote of the day: ""People's dreams never end."" 😭",3912,👏
3916,2026-01-06 18:30:00,acc4,"Quote of the day: ""People's dreams never end."" 🍜",3908,👍
3917,2026-01-06 18:32:00,acc1,Random anime fact: Attack on Titan changed many viewers' expectations of anime. 😀,,💯
3918,2026-01-06 18:34:00,acc2,My favorite moment in Attack on Titan still gives me chills 😀,3912,🔥
3919,2026-01-06 18:36:00,acc3,I'm rewatching Fullmetal Alchemist this weekend. ❤️,3904,
3920,2026-01-06 18:38:00,acc4,Anyone watching Naruto lately? 💯,,
3921,2026-01-06 18:40:00,acc1,Random anime fact: One Piece is among the best-selling manga series. 😭,,👏
3922,2026-01-06 18:42:00,acc2,I'm rewatching Haikyuu!! this weekend. 🙌,,👏
3923,2026-01-06 18:44:00,acc3,I'm rewatching Dragon Ball this weekend. 😀,3916,😂
3924,2026-01-06 18:46:00,acc4,I think today's episode was incredible! 🎉,3911,😂
3925,2026-01-06 18:48:00,acc1,I'm rewatching Hunter x Hunter this weekend. 💯,3921,😎
3926,2026-01-06 18:50:00,acc2,Who's your favorite character from Bleach? 😭,,😮
3927,2026-01-06 18:52:00,acc3,My favorite moment in Hunter x Hunter still gives me chills 🎉,3923,👏
3928,2026-01-06 18:54:00,acc4,My favorite moment in Fullmetal Alchemist still gives me chills 🙌,3922,😭
3929,2026-01-06 18:56:00,acc1,That animation quality was insane! 🙌,,👏
3930,2026-01-06 18:58:00,acc2,That animation quality was insane! 💯,,👍
3931,2026-01-06 19:00:00,acc3,I think today's episode was incredible! 🍜,3915,💯
3932,2026-01-06 19:02:00,acc4,Random anime fact: Many anime openings become chart-topping songs. 😀,,❤️
3933,2026-01-06 19:04:00,acc1,No spoilers please! 💯,3924,👍
3934,2026-01-06 19:06:00,acc2,That animation quality was insane! 💯,,🔥
3935,2026-01-06 19:08:00,acc3,I'm rewatching Jujutsu Kaisen this weekend. 💯,,👏
3936,2026-01-06 19:10:00,acc4,No spoilers please! 😭,3930,😎
3937,2026-01-06 19:12:00,acc1,I'm rewatching Dragon Ball this weekend. 📚,,😮
3938,2026-01-06 19:14:00,acc2,Anyone watching Jujutsu Kaisen lately? ❤️,,🔥
3939,2026-01-06 19:16:00,acc3,No spoilers please! 👀,3934,😂
3940,2026-01-06 19:18:00,acc4,Random anime fact: Many anime openings become chart-topping songs. ❤️,,👏
3941,2026-01-06 19:20:00,acc1,Random anime fact: One Piece is among the best-selling manga series. ❤️,3937,😎
3942,2026-01-06 19:22:00,acc2,No spoilers please! 💯,,😭
3943,2026-01-06 19:24:00,acc3,I think today's episode was incredible! 😂,3941,😎
3944,2026-01-06 19:26:00,acc4,Who's your favorite character from Jujutsu Kaisen? 😂,3928,💯
3945,2026-01-06 19:28:00,acc1,Who's your favorite character from Dragon Ball? 😭,,😭
3946,2026-01-06 19:30:00,acc2,Random anime fact: Studio Ghibli films are famous for hand-drawn animation. 🎉,3934,👏
3947,2026-01-06 19:32:00,acc3,I think today's episode was incredible! ⚡,3936,💯
3948,2026-01-06 19:34:00,acc4,I'm rewatching Death Note this weekend. ✨,3941,💯
3949,2026-01-06 19:36:00,acc1,Opening theme has been stuck in my head. 🍜,,👏
3950,2026-01-06 19:38:00,acc2,Random anime fact: Did you know? Anime is often adapted from manga or light novels. 😭,,💯
3951,2026-01-06 19:40:00,acc3,That animation quality was insane! 🤔,3940,❤️
3952,2026-01-06 19:42:00,acc4,That animation quality was insane! 🍜,3948,😭
3953,2026-01-06 19:44:00,acc1,Opening theme has been stuck in my head. 🔥,3948,👏
3954,2026-01-06 19:46:00,acc2,"Quote of the day: ""The world isn't perfect, but it's beautiful."" 👀",,😮
3955,2026-01-06 19:48:00,acc3,My favorite moment in Jujutsu Kaisen still gives me chills 👀,,👏
3956,2026-01-06 19:50:00,acc4,"Quote of the day: ""A lesson without pain is meaningless."" 🎉",,😭
3957,2026-01-06 19:52:00,acc1,I think today's episode was incredible! 😎,3952,
3958,2026-01-06 19:54:00,acc2,No spoilers please! 😂,,👍
3959,2026-01-06 19:56:00,acc3,Opening theme has been stuck in my head. ❤️,3944,😮
3960,2026-01-06 19:58:00,acc4,"Quote of the day: ""A lesson without pain is meaningless."" 🎉",,😂
3961,2026-01-06 20:00:00,acc1,My favorite moment in Naruto still gives me chills 🤔,3951,😭
3962,2026-01-06 20:02:00,acc2,That animation quality was insane! 😀,,🔥
3963,2026-01-06 20:04:00,acc3,Anyone watching Jujutsu Kaisen lately? ❤️,,😂
3964,2026-01-06 20:06:00,acc4,No spoilers please! 📚,,😮
3965,2026-01-06 20:08:00,acc1,No spoilers please! 🎉,,🔥
3966,2026-01-06 20:10:00,acc2,Anyone watching Vinland Saga lately? 😭,3958,😂
3967,2026-01-06 20:12:00,acc3,"Quote of the day: ""People's dreams never end."" 🙌",,👏
3968,2026-01-06 20:14:00,acc4,That animation quality was insane! 📚,3961,😂
3969,2026-01-06 20:16:00,acc1,That animation quality was insane! 📚,,👍
3970,2026-01-06 20:18:00,acc2,Opening theme has been stuck in my head. 😎,,❤️
3971,2026-01-06 20:20:00,acc3,Anyone watching Fullmetal Alchemist lately? 🍜,,👏
3972,2026-01-06 20:22:00,acc4,I think today's episode was incredible! ⚡,3964,👍
3973,2026-01-06 20:24:00,acc1,No spoilers please! 🙌,3969,👍
3974,2026-01-06 20:26:00,acc2,Who's your favorite character from Frieren? 😀,,🔥
3975,2026-01-06 20:28:00,acc3,No spoilers please! 😭,,🔥
3976,2026-01-06 20:30:00,acc4,My favorite moment in Solo Leveling still gives me chills 💯,,🔥
3977,2026-01-06 20:32:00,acc1,I think today's episode was incredible! 🤔,3964,👍
3978,2026-01-06 20:34:00,acc2,I think today's episode was incredible! ✨,,😭
3979,2026-01-06 20:36:00,acc3,Who's your favorite character from Attack on Titan? ✨,,
3980,2026-01-06 20:38:00,acc4,My favorite moment in Naruto still gives me chills 🎉,,
3981,2026-01-06 20:40:00,acc1,My favorite moment in Fullmetal Alchemist still gives me chills 😭,,😎
3982,2026-01-06 20:42:00,acc2,My favorite moment in Haikyuu!! still gives me chills 😭,,
3983,2026-01-06 20:44:00,acc3,Opening theme has been stuck in my head. 🤔,3975,🔥
3984,2026-01-06 20:46:00,acc4,I'm rewatching Fullmetal Alchemist this weekend. 😂,3979,👏
3985,2026-01-06 20:48:00,acc1,I think today's episode was incredible! ❤️,,👏
3986,2026-01-06 20:50:00,acc2,I think today's episode was incredible! 😭,,😂
3987,2026-01-06 20:52:00,acc3,"Quote of the day: ""Power comes in response to a need."" ❤️",3980,😎
3988,2026-01-06 20:54:00,acc4,That animation quality was insane! 😭,3973,😭
3989,2026-01-06 20:56:00,acc1,My favorite moment in Death Note still gives me chills 😀,3981,😮
3990,2026-01-06 20:58:00,acc2,Opening theme has been stuck in my head. ⚡,3974,🔥
3991,2026-01-06 21:00:00,acc3,"Quote of the day: ""Keep moving forward."" 🤔",,😭
3992,2026-01-06 21:02:00,acc4,Opening theme has been stuck in my head. 😭,3986,🔥
3993,2026-01-06 21:04:00,acc1,I think today's episode was incredible! 💯,3988,👍
3994,2026-01-06 21:06:00,acc2,No spoilers please! 🍜,,😮
3995,2026-01-06 21:08:00,acc3,No spoilers please! 😀,3982,👍
3996,2026-01-06 21:10:00,acc4,I'm rewatching Death Note this weekend. 💯,3983,😎
3997,2026-01-06 21:12:00,acc1,I'm rewatching Demon Slayer this weekend. ⚡,3993,❤️
3998,2026-01-06 21:14:00,acc2,I think today's episode was incredible! 🔥,,😭
3999,2026-01-06 21:16:00,acc3,Opening theme has been stuck in my head. 🎉,,😭
4000,2026-01-06 21:18:00,acc4,Random anime fact: Voice actors in Japan are called seiyuu. 😀,3988,😂
4001,2026-01-06 21:20:00,acc1,"Quote of the day: ""Power comes in response to a need."" ⚡",3985,👏
4002,2026-01-06 21:22:00,acc2,My favorite moment in Death Note still gives me chills ⚡,3999,💯
4003,2026-01-06 21:24:00,acc3,I'm rewatching Attack on Titan this weekend. 👀,,👏
4004,2026-01-06 21:26:00,acc4,I'm rewatching Vinland Saga this weekend. 😭,,👍
4005,2026-01-06 21:28:00,acc1,Who's your favorite character from Haikyuu!!? ❤️,3989,👍
4006,2026-01-06 21:30:00,acc2,Who's your favorite character from Dragon Ball? 📚,4000,💯
4007,2026-01-06 21:32:00,acc3,"Quote of the day: ""The world isn't perfect, but it's beautiful."" 👀",3993,😂
4008,2026-01-06 21:34:00,acc4,Who's your favorite character from Bleach? 🎉,,
4009,2026-01-06 21:36:00,acc1,Who's your favorite character from One Piece? 🤔,3996,💯
4010,2026-01-06 21:38:00,acc2,Opening theme has been stuck in my head. ⚡,,👏
4011,2026-01-06 21:40:00,acc3,My favorite moment in Naruto still gives me chills 😀,,😂
4012,2026-01-06 21:42:00,acc4,Anyone watching Vinland Saga lately? ✨,,👏
4013,2026-01-06 21:44:00,acc1,I'm rewatching Fullmetal Alchemist this weekend. 🍜,4006,😭
4014,2026-01-06 21:46:00,acc2,No spoilers please! 😎,4001,👏
4015,2026-01-06 21:48:00,acc3,My favorite moment in Death Note still gives me chills 🔥,,💯
4016,2026-01-06 21:50:00,acc4,Who's your favorite character from Death Note? 🍜,,😎
4017,2026-01-06 21:52:00,acc1,Who's your favorite character from Vinland Saga? 🍜,4004,😂
4018,2026-01-06 21:54:00,acc2,Random anime fact: Voice actors in Japan are called seiyuu. ⚡,4008,💯
4019,2026-01-06 21:56:00,acc3,Who's your favorite character from Dragon Ball? 🔥,,👏
4020,2026-01-06 21:58:00,acc4,I'm rewatching Steins;Gate this weekend. 🙌,4008,👍
4021,2026-01-06 22:00:00,acc1,No spoilers please! 😀,,👍
4022,2026-01-06 22:02:00,acc2,Anyone watching Bleach lately? 🎉,,
4023,2026-01-06 22:04:00,acc3,"Quote of the day: ""Power comes in response to a need."" 😎",4014,❤️
4024,2026-01-06 22:06:00,acc4,Anyone watching Haikyuu!! lately? 🙌,4019,🔥
4025,2026-01-06 22:08:00,acc1,"Quote of the day: ""The world isn't perfect, but it's beautiful."" 🍜",,🔥
4026,2026-01-06 22:10:00,acc2,Anyone watching One Piece lately? 😀,4018,
4027,2026-01-06 22:12:00,acc3,No spoilers please! ⚡,,👍
4028,2026-01-06 22:14:00,acc4,No spoilers please! 🔥,4015,👏
4029,2026-01-06 22:16:00,acc1,Opening theme has been stuck in my head. ✨,4022,👍
4030,2026-01-06 22:18:00,acc2,"Quote of the day: ""Power comes in response to a need."" 🙌",4020,💯
4031,2026-01-06 22:20:00,acc3,Random anime fact: Voice actors in Japan are called seiyuu. 😭,4025,👍
4032,2026-01-06 22:22:00,acc4,That animation quality was insane! 💯,4021,
4033,2026-01-06 22:24:00,acc1,I'm rewatching Frieren this weekend. 🎉,4030,👏
4034,2026-01-06 22:26:00,acc2,I think today's episode was incredible! 😀,4021,🔥
4035,2026-01-06 22:28:00,acc3,"Quote of the day: ""The world isn't perfect, but it's beautiful."" ⚡",4028,😎
4036,2026-01-06 22:30:00,acc4,Opening theme has been stuck in my head. ✨,4031,😮
4037,2026-01-06 22:32:00,acc1,"Quote of the day: ""The world isn't perfect, but it's beautiful."" 👀",4027,👏
4038,2026-01-06 22:34:00,acc2,I'm rewatching One Piece this weekend. 😭,,❤️
4039,2026-01-06 22:36:00,acc3,Random anime fact: One Piece is among the best-selling manga series. 🍜,4031,🔥
4040,2026-01-06 22:38:00,acc4,No spoilers please! ✨,4034,👏
4041,2026-01-06 22:40:00,acc1,Random anime fact: Did you know? Anime is often adapted from manga or light novels. 📚,4031,😂
4042,2026-01-06 22:42:00,acc2,That animation quality was insane! 😭,,😎
4043,2026-01-06 22:44:00,acc3,That animation quality was insane! ⚡,,💯
4044,2026-01-06 22:46:00,acc4,Opening theme has been stuck in my head. ✨,4039,😎
4045,2026-01-06 22:48:00,acc1,Opening theme has been stuck in my head. 👀,,👏
4046,2026-01-06 22:50:00,acc2,Opening theme has been stuck in my head. 🤔,4037,😂
4047,2026-01-06 22:52:00,acc3,I'm rewatching Vinland Saga this weekend. 🍜,,👍
4048,2026-01-06 22:54:00,acc4,No spoilers please! 🙌,,👍
4049,2026-01-06 22:56:00,acc1,I'm rewatching Bleach this weekend. 😂,,💯
4050,2026-01-06 22:58:00,acc2,"Quote of the day: ""Keep moving forward."" 👀",4047,😂
4051,2026-01-06 23:00:00,acc3,My favorite moment in Dragon Ball still gives me chills 🎉,4042,❤️
4052,2026-01-06 23:02:00,acc4,Anyone watching Attack on Titan lately? 😭,,👏
4053,2026-01-06 23:04:00,acc1,Who's your favorite character from Naruto? 🔥,,😂
4054,2026-01-06 23:06:00,acc2,I'm rewatching My Hero Academia this weekend. 🤔,4048,🔥
4055,2026-01-06 23:08:00,acc3,Anyone watching One Piece lately? ❤️,,😂
4056,2026-01-06 23:10:00,acc4,No spoilers please! 😂,,👍
4057,2026-01-06 23:12:00,acc1,Anyone watching Death Note lately? 👀,,
4058,2026-01-06 23:14:00,acc2,"Quote of the day: ""A lesson without pain is meaningless."" 🔥",4048,
4059,2026-01-06 23:16:00,acc3,That animation quality was insane! 😀,,👍
4060,2026-01-06 23:18:00,acc4,Random anime fact: One Piece is among the best-selling manga series. 😀,4056,😂
4061,2026-01-06 23:20:00,acc1,Who's your favorite character from Haikyuu!!? 🔥,4054,😭
4062,2026-01-06 23:22:00,acc2,Who's your favorite character from Dragon Ball? 🎉,4057,👏
4063,2026-01-06 23:24:00,acc3,Who's your favorite character from Death Note? 🎉,,
4064,2026-01-06 23:26:00,acc4,Anyone watching Dragon Ball lately? 😎,4056,😭
4065,2026-01-06 23:28:00,acc1,I think today's episode was incredible! 😎,,👏
4066,2026-01-06 23:30:00,acc2,That animation quality was insane! 💯,4058,💯
4067,2026-01-06 23:32:00,acc3,Who's your favorite character from Dragon Ball? 💯,4063,😮
4068,2026-01-06 23:34:00,acc4,No spoilers please! 💯,4062,😂
4069,2026-01-06 23:36:00,acc1,That animation quality was insane! 😭,4061,👏
4070,2026-01-06 23:38:00,acc2,I'm rewatching Hunter x Hunter this weekend. 🍜,4062,😭
4071,2026-01-06 23:40:00,acc3,"Quote of the day: ""Keep moving forward."" 😎",,💯
4072,2026-01-06 23:42:00,acc4,"Quote of the day: ""Power comes in response to a need."" 😎",4067,💯
4073,2026-01-06 23:44:00,acc1,Anyone watching Solo Leveling lately? 🤔,4069,😮
4074,2026-01-06 23:46:00,acc2,Anyone watching Solo Leveling lately? 🙌,4066,😮
4075,2026-01-06 23:48:00,acc3,Anyone watching Haikyuu!! lately? 🙌,,🔥
4076,2026-01-06 23:50:00,acc4,"Quote of the day: ""Keep moving forward."" 🎉",4071,😭
4077,2026-01-06 23:52:00,acc1,Random anime fact: Voice actors in Japan are called seiyuu. 📚,4070,👏
4078,2026-01-06 23:54:00,acc2,Anyone watching Steins;Gate lately? 💯,,👍
4079,2026-01-06 23:56:00,acc3,No spoilers please! 🤔,4064,👏
4080,2026-01-06 23:58:00,acc4,Anyone watching Naruto lately? 🙌,,👏
4081,2026-01-07 00:00:00,acc1,My favorite moment in One Piece still gives me chills ✨,,👏
4082,2026-01-07 00:02:00,acc2,I'm rewatching Hunter x Hunter this weekend. 📚,4078,🔥
4083,2026-01-07 00:04:00,acc3,I think today's episode was incredible! 🍜,,❤️
4084,2026-01-07 00:06:00,acc4,I think today's episode was incredible! 💯,4072,😂
4085,2026-01-07 00:08:00,acc1,I'm rewatching Haikyuu!! this weekend. 📚,4071,😎
4086,2026-01-07 00:10:00,acc2,Random anime fact: Many anime openings become chart-topping songs. 📚,4075,❤️
4087,2026-01-07 00:12:00,acc3,"Quote of the day: ""Power comes in response to a need."" ⚡",4079,👏
4088,2026-01-07 00:14:00,acc4,Who's your favorite character from Dragon Ball? 😂,4078,👍
4089,2026-01-07 00:16:00,acc1,My favorite moment in Bleach still gives me chills 🤔,,😮
4090,2026-01-07 00:18:00,acc2,"Quote of the day: ""Power comes in response to a need."" 🎉",4085,👍
4091,2026-01-07 00:20:00,acc3,No spoilers please! 🔥,4081,😭
4092,2026-01-07 00:22:00,acc4,That animation quality was insane! 😎,,😂
4093,2026-01-07 00:24:00,acc1,I'm rewatching Bleach this weekend. 🍜,,💯
4094,2026-01-07 00:26:00,acc2,My favorite moment in Demon Slayer still gives me chills 📚,,💯
4095,2026-01-07 00:28:00,acc3,My favorite moment in One Piece still gives me chills ✨,4091,😭
4096,2026-01-07 00:30:00,acc4,Opening theme has been stuck in my head. 👀,4086,
4097,2026-01-07 00:32:00,acc1,That animation quality was insane! 🍜,,🔥
4098,2026-01-07 00:34:00,acc2,I'm rewatching Solo Leveling this weekend. 🙌,4086,👏
4099,2026-01-07 00:36:00,acc3,Opening theme has been stuck in my head. 🙌,4091,😂
4100,2026-01-07 00:38:00,acc4,"Quote of the day: ""The world isn't perfect, but it's beautiful."" ⚡",4085,😂
4101,2026-01-07 00:40:00,acc1,No spoilers please! 🍜,4093,👍
4102,2026-01-07 00:42:00,acc2,My favorite moment in Frieren still gives me chills 🍜,4096,😂
4103,2026-01-07 00:44:00,acc3,"Quote of the day: ""Power comes in response to a need."" 👀",,👏
4104,2026-01-07 00:46:00,acc4,Random anime fact: Many anime openings become chart-topping songs. ✨,4091,❤️
4105,2026-01-07 00:48:00,acc1,I think today's episode was incredible! ⚡,4096,💯
4106,2026-01-07 00:50:00,acc2,My favorite moment in My Hero Academia still gives me chills 👀,,👏
4107,2026-01-07 00:52:00,acc3,Who's your favorite character from Frieren? 🙌,4094,❤️
4108,2026-01-07 00:54:00,acc4,That animation quality was insane! ❤️,4097,🔥
4109,2026-01-07 00:56:00,acc1,Opening theme has been stuck in my head. 💯,4094,❤️
4110,2026-01-07 00:58:00,acc2,Opening theme has been stuck in my head. 🔥,,😭
4111,2026-01-07 01:00:00,acc3,My favorite moment in Jujutsu Kaisen still gives me chills 🎉,4098,😂
4112,2026-01-07 01:02:00,acc4,Opening theme has been stuck in my head. 💯,,👍
4113,2026-01-07 01:04:00,acc1,Random anime fact: Voice actors in Japan are called seiyuu. 🔥,,😎
4114,2026-01-07 01:06:00,acc2,My favorite moment in Hunter x Hunter still gives me chills 📚,4105,🔥
4115,2026-01-07 01:08:00,acc3,Anyone watching My Hero Academia lately? 😂,,
4116,2026-01-07 01:10:00,acc4,Who's your favorite character from My Hero Academia? ⚡,,
4117,2026-01-07 01:12:00,acc1,Who's your favorite character from Bleach? 😀,,👍
4118,2026-01-07 01:14:00,acc2,That animation quality was insane! 🔥,4110,🔥
4119,2026-01-07 01:16:00,acc3,"Quote of the day: ""Keep moving forward."" 😀",4107,👏
4120,2026-01-07 01:18:00,acc4,No spoilers please! 🤔,,💯
4121,2026-01-07 01:20:00,acc1,Anyone watching Naruto lately? 😎,4116,🔥
4122,2026-01-07 01:22:00,acc2,I think today's episode was incredible! 💯,,❤️
4123,2026-01-07 01:24:00,acc3,No spoilers please! ✨,,❤️
4124,2026-01-07 01:26:00,acc4,Random anime fact: Attack on Titan changed many viewers' expectations of anime. ⚡,,👏
4125,2026-01-07 01:28:00,acc1,That animation quality was insane! 😎,,😎
4126,2026-01-07 01:30:00,acc2,My favorite moment in Frieren still gives me chills 😀,,😎
4127,2026-01-07 01:32:00,acc3,Anyone watching Demon Slayer lately? 🔥,4122,🔥
4128,2026-01-07 01:34:00,acc4,My favorite moment in Bleach still gives me chills ✨,4122,💯
4129,2026-01-07 01:36:00,acc1,No spoilers please! ❤️,4123,❤️
4130,2026-01-07 01:38:00,acc2,Anyone watching Death Note lately? 👀,4122,
4131,2026-01-07 01:40:00,acc3,I'm rewatching Frieren this weekend. 😭,,👍
4132,2026-01-07 01:42:00,acc4,Who's your favorite character from One Piece? 😂,4117,👍
4133,2026-01-07 01:44:00,acc1,That animation quality was insane! 😂,,😎
4134,2026-01-07 01:46:00,acc2,Opening theme has been stuck in my head. 🍜,,😂
4135,2026-01-07 01:48:00,acc3,I think today's episode was incredible! ✨,,❤️
4136,2026-01-07 01:50:00,acc4,Who's your favorite character from Bleach? 🎉,,👏
4137,2026-01-07 01:52:00,acc1,Opening theme has been stuck in my head. 🔥,,👏
4138,2026-01-07 01:54:00,acc2,I'm rewatching Haikyuu!! this weekend. 🔥,,❤️
4139,2026-01-07 01:56:00,acc3,My favorite moment in Hunter x Hunter still gives me chills 🙌,4133,😎
4140,2026-01-07 01:58:00,acc4,Opening theme has been stuck in my head. ❤️,,❤️
4141,2026-01-07 02:00:00,acc1,That animation quality was insane! 🎉,4132,😎
4142,2026-01-07 02:02:00,acc2,I'm rewatching Hunter x Hunter this weekend. 🤔,,❤️
4143,2026-01-07 02:04:00,acc3,Who's your favorite character from Fullmetal Alchemist? ⚡,4127,😂
4144,2026-01-07 02:06:00,acc4,That animation quality was insane! 💯,4132,😮
4145,2026-01-07 02:08:00,acc1,That animation quality was insane! ⚡,,🔥
4146,2026-01-07 02:10:00,acc2,I'm rewatching One Piece this weekend. 😂,,❤️
4147,2026-01-07 02:12:00,acc3,Random anime fact: Voice actors in Japan are called seiyuu. 🤔,,🔥
4148,2026-01-07 02:14:00,acc4,That animation quality was insane! ✨,,💯
4149,2026-01-07 02:16:00,acc1,Who's your favorite character from Steins;Gate? 🍜,,💯
4150,2026-01-07 02:18:00,acc2,I'm rewatching Haikyuu!! this weekend. 📚,4137,💯
4151,2026-01-07 02:20:00,acc3,No spoilers please! 😎,,
4152,2026-01-07 02:22:00,acc4,My favorite moment in Hunter x Hunter still gives me chills 🙌,4145,😂
4153,2026-01-07 02:24:00,acc1,Random anime fact: Many anime openings become chart-topping songs. 😂,4137,💯
4154,2026-01-07 02:26:00,acc2,My favorite moment in Solo Leveling still gives me chills 😎,,😮
4155,2026-01-07 02:28:00,acc3,My favorite moment in Naruto still gives me chills 👀,,😭
4156,2026-01-07 02:30:00,acc4,Who's your favorite character from Demon Slayer? 🔥,4148,🔥
4157,2026-01-07 02:32:00,acc1,I'm rewatching One Piece this weekend. 😂,4153,💯
4158,2026-01-07 02:34:00,acc2,I'm rewatching Naruto this weekend. 💯,4153,😎
4159,2026-01-07 02:36:00,acc3,Who's your favorite character from Steins;Gate? 📚,4150,
4160,2026-01-07 02:38:00,acc4,Random anime fact: Studio Ghibli films are famous for hand-drawn animation. 📚,,❤️
4161,2026-01-07 02:40:00,acc1,That animation quality was insane! 🍜,4151,👏
4162,2026-01-07 02:42:00,acc2,My favorite moment in Attack on Titan still gives me chills ✨,4160,👍
4163,2026-01-07 02:44:00,acc3,I think today's episode was incredible! ❤️,,🔥
4164,2026-01-07 02:46:00,acc4,My favorite moment in Attack on Titan still gives me chills 🍜,,😭
4165,2026-01-07 02:48:00,acc1,Random anime fact: Studio Ghibli films are famous for hand-drawn animation. 🍜,4161,💯
4166,2026-01-07 02:50:00,acc2,Opening theme has been stuck in my head. 😎,,😭
4167,2026-01-07 02:52:00,acc3,"Quote of the day: ""Keep moving forward."" 🍜",4162,
4168,2026-01-07 02:54:00,acc4,Anyone watching Naruto lately? 🔥,,🔥
4169,2026-01-07 02:56:00,acc1,I'm rewatching One Piece this weekend. 😭,,😂
4170,2026-01-07 02:58:00,acc2,"Quote of the day: ""A lesson without pain is meaningless."" 🎉",,❤️
4171,2026-01-07 03:00:00,acc3,No spoilers please! 👀,,
4172,2026-01-07 03:02:00,acc4,Opening theme has been stuck in my head. 🙌,4159,😭
4173,2026-01-07 03:04:00,acc1,Who's your favorite character from Demon Slayer? 🙌,,👏
4174,2026-01-07 03:06:00,acc2,"Quote of the day: ""The world isn't perfect, but it's beautiful."" 📚",4172,
4175,2026-01-07 03:08:00,acc3,Who's your favorite character from Attack on Titan? 🍜,4162,
4176,2026-01-07 03:10:00,acc4,I think today's episode was incredible! 🎉,,😮
4177,2026-01-07 03:12:00,acc1,No spoilers please! 🤔,4162,😮
4178,2026-01-07 03:14:00,acc2,My favorite moment in Death Note still gives me chills 📚,4164,🔥
4179,2026-01-07 03:16:00,acc3,No spoilers please! 🙌,,
4180,2026-01-07 03:18:00,acc4,"Quote of the day: ""Power comes in response to a need."" 😂",4172,😮
4181,2026-01-07 03:20:00,acc1,That animation quality was insane! 🤔,,👍
4182,2026-01-07 03:22:00,acc2,That animation quality was insane! 👀,4177,👏
4183,2026-01-07 03:24:00,acc3,Who's your favorite character from Naruto? 😭,,
4184,2026-01-07 03:26:00,acc4,Anyone watching My Hero Academia lately? 📚,4179,
4185,2026-01-07 03:28:00,acc1,I'm rewatching Demon Slayer this weekend. ⚡,4183,🔥
4186,2026-01-07 03:30:00,acc2,That animation quality was insane! 😭,4171,🔥
4187,2026-01-07 03:32:00,acc3,That animation quality was insane! ❤️,4178,😂
4188,2026-01-07 03:34:00,acc4,Who's your favorite character from Attack on Titan? 🙌,4183,😂
4189,2026-01-07 03:36:00,acc1,Random anime fact: Voice actors in Japan are called seiyuu. 💯,4177,❤️
4190,2026-01-07 03:38:00,acc2,"Quote of the day: ""The world isn't perfect, but it's beautiful."" 💯",,🔥
4191,2026-01-07 03:40:00,acc3,Anyone watching Vinland Saga lately? 📚,,😎
4192,2026-01-07 03:42:00,acc4,Who's your favorite character from Attack on Titan? 😎,,😎
4193,2026-01-07 03:44:00,acc1,Who's your favorite character from Steins;Gate? 🔥,,👏
4194,2026-01-07 03:46:00,acc2,I'm rewatching One Piece this weekend. 😎,,❤️
4195,2026-01-07 03:48:00,acc3,My favorite moment in Attack on Titan still gives me chills 😭,4185,😮
4196,2026-01-07 03:50:00,acc4,My favorite moment in One Piece still gives me chills 😎,,👏
4197,2026-01-07 03:52:00,acc1,My favorite moment in Fullmetal Alchemist still gives me chills 👀,4188,👍
4198,2026-01-07 03:54:00,acc2,I think today's episode was incredible! 😎,4192,
4199,2026-01-07 03:56:00,acc3,My favorite moment in Naruto still gives me chills 😭,4196,❤️
4200,2026-01-07 03:58:00,acc4,That animation quality was insane! 🤔,,😮
4201,2026-01-07 04:00:00,acc1,Random anime fact: Many anime openings become chart-topping songs. 👀,,😂
4202,2026-01-07 04:02:00,acc2,That animation quality was insane! 🙌,,💯
4203,2026-01-07 04:04:00,acc3,"Quote of the day: ""Keep moving forward."" 🤔",,💯
4204,2026-01-07 04:06:00,acc4,My favorite moment in Bleach still gives me chills 😂,4196,🔥
4205,2026-01-07 04:08:00,acc1,Who's your favorite character from One Piece? 🎉,,😂
4206,2026-01-07 04:10:00,acc2,Random anime fact: Did you know? Anime is often adapted from manga or light novels. 😭,4193,😮
4207,2026-01-07 04:12:00,acc3,Who's your favorite character from Vinland Saga? 🎉,4199,
4208,2026-01-07 04:14:00,acc4,I'm rewatching Hunter x Hunter this weekend. ❤️,,😎
4209,2026-01-07 04:16:00,acc1,Anyone watching Haikyuu!! lately? 😎,4205,👏
4210,2026-01-07 04:18:00,acc2,No spoilers please! ❤️,,
4211,2026-01-07 04:20:00,acc3,Anyone watching Jujutsu Kaisen lately? 🤔,,🔥
4212,2026-01-07 04:22:00,acc4,I think today's episode was incredible! 🍜,,😎
4213,2026-01-07 04:24:00,acc1,I'm rewatching Dragon Ball this weekend. 📚,4210,👍
4214,2026-01-07 04:26:00,acc2,Opening theme has been stuck in my head. 🎉,4204,😮
4215,2026-01-07 04:28:00,acc3,My favorite moment in Solo Leveling still gives me chills 👀,4206,💯
4216,2026-01-07 04:30:00,acc4,My favorite moment in Solo Leveling still gives me chills ⚡,4208,🔥
4217,2026-01-07 04:32:00,acc1,Opening theme has been stuck in my head. 🎉,,😂
4218,2026-01-07 04:34:00,acc2,Opening theme has been stuck in my head. 😎,4212,💯
4219,2026-01-07 04:36:00,acc3,No spoilers please! 👀,4207,😭
4220,2026-01-07 04:38:00,acc4,Anyone watching One Piece lately? ⚡,4217,💯
4221,2026-01-07 04:40:00,acc1,I'm rewatching Naruto this weekend. 👀,4206,👍
4222,2026-01-07 04:42:00,acc2,I'm rewatching Fullmetal Alchemist this weekend. 🎉,,💯
4223,2026-01-07 04:44:00,acc3,I think today's episode was incredible! 😭,,👏
4224,2026-01-07 04:46:00,acc4,Anyone watching Bleach lately? 😭,4214,😭
4225,2026-01-07 04:48:00,acc1,Random anime fact: Studio Ghibli films are famous for hand-drawn animation. 📚,,🔥
4226,2026-01-07 04:50:00,acc2,No spoilers please! 👀,,😮
4227,2026-01-07 04:52:00,acc3,That animation quality was insane! 🎉,,
4228,2026-01-07 04:54:00,acc4,Anyone watching Hunter x Hunter lately? 😎,,😮
4229,2026-01-07 04:56:00,acc1,I'm rewatching Demon Slayer this weekend. 😂,4221,
4230,2026-01-07 04:58:00,acc2,Who's your favorite character from Demon Slayer? 😂,4227,😂
4231,2026-01-07 05:00:00,acc3,I think today's episode was incredible! ✨,4222,💯
4232,2026-01-07 05:02:00,acc4,My favorite moment in Demon Slayer still gives me chills ✨,4228,🔥
4233,2026-01-07 05:04:00,acc1,That animation quality was insane! 🎉,4230,👍
4234,2026-01-07 05:06:00,acc2,I think today's episode was incredible! ✨,,❤️
4235,2026-01-07 05:08:00,acc3,No spoilers please! ⚡,4228,👏
4236,2026-01-07 05:10:00,acc4,Who's your favorite character from Bleach? 😀,4228,👏
4237,2026-01-07 05:12:00,acc1,I think today's episode was incredible! ⚡,4233,😭
4238,2026-01-07 05:14:00,acc2,That animation quality was insane! 🤔,,🔥
4239,2026-01-07 05:16:00,acc3,Who's your favorite character from Vinland Saga? 😎,,
4240,2026-01-07 05:18:00,acc4,Opening theme has been stuck in my head. 🎉,,🔥
4241,2026-01-07 05:20:00,acc1,Random anime fact: Did you know? Anime is often adapted from manga or light novels. 😂,,👏
4242,2026-01-07 05:22:00,acc2,I'm rewatching My Hero Academia this weekend. 😂,4237,👍
4243,2026-01-07 05:24:00,acc3,I'm rewatching My Hero Academia this weekend. 📚,,👏
4244,2026-01-07 05:26:00,acc4,That animation quality was insane! 🔥,4234,🔥
4245,2026-01-07 05:28:00,acc1,Anyone watching Haikyuu!! lately? 🤔,4243,😎
4246,2026-01-07 05:30:00,acc2,I'm rewatching Death Note this weekend. 🎉,4243,👏
4247,2026-01-07 05:32:00,acc3,"Quote of the day: ""Power comes in response to a need."" 💯",4244,😎
4248,2026-01-07 05:34:00,acc4,"Quote of the day: ""Keep moving forward."" 🤔",,😭
4249,2026-01-07 05:36:00,acc1,That animation quality was insane! ⚡,4241,😭
4250,2026-01-07 05:38:00,acc2,Random anime fact: Did you know? Anime is often adapted from manga or light novels. 🍜,,😭
4251,2026-01-07 05:40:00,acc3,Who's your favorite character from Vinland Saga? 😂,4240,🔥
4252,2026-01-07 05:42:00,acc4,I'm rewatching Frieren this weekend. 🤔,4246,🔥
4253,2026-01-07 05:44:00,acc1,Anyone watching Naruto lately? 😀,4237,
4254,2026-01-07 05:46:00,acc2,That animation quality was insane! 🎉,,👏
4255,2026-01-07 05:48:00,acc3,Who's your favorite character from Jujutsu Kaisen? 🙌,,😎
4256,2026-01-07 05:50:00,acc4,"Quote of the day: ""The world isn't perfect, but it's beautiful."" 🤔",,😂
4257,2026-01-07 05:52:00,acc1,That animation quality was insane! 😭,4251,👍
4258,2026-01-07 05:54:00,acc2,Opening theme has been stuck in my head. 😀,4243,👍
4259,2026-01-07 05:56:00,acc3,I think today's episode was incredible! 🎉,4244,❤️
4260,2026-01-07 05:58:00,acc4,No spoilers please! 😂,,👏
4261,2026-01-07 06:00:00,acc1,Who's your favorite character from Fullmetal Alchemist? 🎉,,❤️
4262,2026-01-07 06:02:00,acc2,I'm rewatching Frieren this weekend. ⚡,,❤️
4263,2026-01-07 06:04:00,acc3,Anyone watching Vinland Saga lately? 💯,,😭
4264,2026-01-07 06:06:00,acc4,Random anime fact: One Piece is among the best-selling manga series. ✨,4248,👏
4265,2026-01-07 06:08:00,acc1,Opening theme has been stuck in my head. 🤔,4249,😎
4266,2026-01-07 06:10:00,acc2,"Quote of the day: ""A lesson without pain is meaningless."" 🙌",4250,😂
4267,2026-01-07 06:12:00,acc3,Who's your favorite character from Demon Slayer? 📚,4256,😮
4268,2026-01-07 06:14:00,acc4,No spoilers please! 👀,,😂
4269,2026-01-07 06:16:00,acc1,My favorite moment in Bleach still gives me chills 🤔,,❤️
4270,2026-01-07 06:18:00,acc2,I'm rewatching Haikyuu!! this weekend. 😎,,🔥
4271,2026-01-07 06:20:00,acc3,My favorite moment in Fullmetal Alchemist still gives me chills 🍜,,😎
4272,2026-01-07 06:22:00,acc4,Who's your favorite character from Solo Leveling? ⚡,4269,😂
4273,2026-01-07 06:24:00,acc1,Who's your favorite character from One Piece? 👀,,👍
4274,2026-01-07 06:26:00,acc2,No spoilers please! 🎉,4261,👏
4275,2026-01-07 06:28:00,acc3,Who's your favorite character from Bleach? 😭,4272,😭
4276,2026-01-07 06:30:00,acc4,My favorite moment in Death Note still gives me chills ❤️,4274,👏
4277,2026-01-07 06:32:00,acc1,Random anime fact: Attack on Titan changed many viewers' expectations of anime. 😀,,👏
4278,2026-01-07 06:34:00,acc2,I think today's episode was incredible! 🎉,4263,👏
4279,2026-01-07 06:36:00,acc3,No spoilers please! 🎉,,😂
4280,2026-01-07 06:38:00,acc4,I think today's episode was incredible! 👀,,
4281,2026-01-07 06:40:00,acc1,My favorite moment in Naruto still gives me chills 😎,4273,💯
4282,2026-01-07 06:42:00,acc2,My favorite moment in Solo Leveling still gives me chills 🍜,,👏
4283,2026-01-07 06:44:00,acc3,My favorite moment in Demon Slayer still gives me chills ❤️,4271,😎
4284,2026-01-07 06:46:00,acc4,Anyone watching Bleach lately? 🙌,4276,❤️
4285,2026-01-07 06:48:00,acc1,Random anime fact: One Piece is among the best-selling manga series. 😎,4282,😂
4286,2026-01-07 06:50:00,acc2,Opening theme has been stuck in my head. 🙌,4279,😭
4287,2026-01-07 06:52:00,acc3,My favorite moment in Hunter x Hunter still gives me chills 🙌,,😎
4288,2026-01-07 06:54:00,acc4,"Quote of the day: ""The world isn't perfect, but it's beautiful."" 📚",,❤️
4289,2026-01-07 06:56:00,acc1,"Quote of the day: ""The world isn't perfect, but it's beautiful."" 😂",,👏
4290,2026-01-07 06:58:00,acc2,Anyone watching Dragon Ball lately? 🍜,4279,🔥
4291,2026-01-07 07:00:00,acc3,Who's your favorite character from Naruto? 🎉,,😭
4292,2026-01-07 07:02:00,acc4,My favorite moment in My Hero Academia still gives me chills 💯,4285,💯
4293,2026-01-07 07:04:00,acc1,I think today's episode was incredible! 😎,,💯
4294,2026-01-07 07:06:00,acc2,Who's your favorite character from Vinland Saga? 🤔,,😎
4295,2026-01-07 07:08:00,acc3,Random anime fact: Attack on Titan changed many viewers' expectations of anime. 😂,,
4296,2026-01-07 07:10:00,acc4,That animation quality was insane! 😀,,❤️
4297,2026-01-07 07:12:00,acc1,That animation quality was insane! 😂,4287,
4298,2026-01-07 07:14:00,acc2,No spoilers please! 📚,4284,😮
4299,2026-01-07 07:16:00,acc3,No spoilers please! 😭,,😎
4300,2026-01-07 07:18:00,acc4,I'm rewatching Jujutsu Kaisen this weekend. 💯,,💯
4301,2026-01-07 07:20:00,acc1,Opening theme has been stuck in my head. 🍜,4291,😂
4302,2026-01-07 07:22:00,acc2,Who's your favorite character from One Piece? 💯,4298,❤️
4303,2026-01-07 07:24:00,acc3,"Quote of the day: ""Power comes in response to a need."" 👀",,👏
4304,2026-01-07 07:26:00,acc4,I'm rewatching Death Note this weekend. ✨,,🔥
4305,2026-01-07 07:28:00,acc1,I'm rewatching Demon Slayer this weekend. 😀,4293,😎
4306,2026-01-07 07:30:00,acc2,Random anime fact: Attack on Titan changed many viewers' expectations of anime. 🙌,,🔥
4307,2026-01-07 07:32:00,acc3,I think today's episode was incredible! 👀,,👏
4308,2026-01-07 07:34:00,acc4,No spoilers please! 🤔,4304,👍
4309,2026-01-07 07:36:00,acc1,Anyone watching Jujutsu Kaisen lately? 😭,4293,😮
4310,2026-01-07 07:38:00,acc2,Anyone watching One Piece lately? 😎,,👏
4311,2026-01-07 07:40:00,acc3,That animation quality was insane! ⚡,4304,👏
4312,2026-01-07 07:42:00,acc4,Who's your favorite character from Naruto? 😀,4306,😎
4313,2026-01-07 07:44:00,acc1,Who's your favorite character from Solo Leveling? 🙌,,❤️
4314,2026-01-07 07:46:00,acc2,Random anime fact: Studio Ghibli films are famous for hand-drawn animation. 😭,,😎
4315,2026-01-07 07:48:00,acc3,No spoilers please! 📚,,💯
4316,2026-01-07 07:50:00,acc4,"Quote of the day: ""Keep moving forward."" 👀",,💯
4317,2026-01-07 07:52:00,acc1,Random anime fact: One Piece is among the best-selling manga series. 📚,4301,❤️
4318,2026-01-07 07:54:00,acc2,That animation quality was insane! ✨,,😮
4319,2026-01-07 07:56:00,acc3,I'm rewatching Death Note this weekend. 💯,4304,
4320,2026-01-07 07:58:00,acc4,"Quote of the day: ""Keep moving forward."" 😀",,😮
4321,2026-01-07 08:00:00,acc1,Random anime fact: Many anime openings become chart-topping songs. ✨,4314,😮
4322,2026-01-07 08:02:00,acc2,My favorite moment in Frieren still gives me chills 🙌,,
4323,2026-01-07 08:04:00,acc3,I'm rewatching Naruto this weekend. 😎,,🔥
4324,2026-01-07 08:06:00,acc4,"Quote of the day: ""The world isn't perfect, but it's beautiful."" ⚡",4321,
4325,2026-01-07 08:08:00,acc1,That animation quality was insane! 🔥,4321,😎
4326,2026-01-07 08:10:00,acc2,No spoilers please! 😭,4316,👏
4327,2026-01-07 08:12:00,acc3,Random anime fact: Many anime openings become chart-topping songs. 👀,,😎
4328,2026-01-07 08:14:00,acc4,Random anime fact: Voice actors in Japan are called seiyuu. 📚,4326,👍
4329,2026-01-07 08:16:00,acc1,"Quote of the day: ""A lesson without pain is meaningless."" 🔥",,👍
4330,2026-01-07 08:18:00,acc2,That animation quality was insane! 🤔,4318,💯
4331,2026-01-07 08:20:00,acc3,Anyone watching Death Note lately? ✨,4321,😮
4332,2026-01-07 08:22:00,acc4,Who's your favorite character from Solo Leveling? ⚡,4325,👏
4333,2026-01-07 08:24:00,acc1,"Quote of the day: ""A lesson without pain is meaningless."" 😂",,🔥
4334,2026-01-07 08:26:00,acc2,I think today's episode was incredible! 📚,4329,👏
4335,2026-01-07 08:28:00,acc3,Who's your favorite character from Demon Slayer? ⚡,4326,😮
4336,2026-01-07 08:30:00,acc4,Who's your favorite character from Bleach? 🙌,4326,😂
4337,2026-01-07 08:32:00,acc1,My favorite moment in Vinland Saga still gives me chills 🎉,4331,❤️
4338,2026-01-07 08:34:00,acc2,"Quote of the day: ""Power comes in response to a need."" 🤔",,💯
4339,2026-01-07 08:36:00,acc3,I think today's episode was incredible! 🎉,4329,😮
4340,2026-01-07 08:38:00,acc4,No spoilers please! ⚡,4327,👍
4341,2026-01-07 08:40:00,acc1,No spoilers please! 🤔,4325,❤️
4342,2026-01-07 08:42:00,acc2,I think today's episode was incredible! 😂,4336,😂
4343,2026-01-07 08:44:00,acc3,No spoilers please! 🔥,,😎
4344,2026-01-07 08:46:00,acc4,I'm rewatching Fullmetal Alchemist this weekend. 🔥,,😎
4345,2026-01-07 08:48:00,acc1,Who's your favorite character from Naruto? 🎉,,👍
4346,2026-01-07 08:50:00,acc2,Who's your favorite character from Bleach? 😀,,🔥
4347,2026-01-07 08:52:00,acc3,My favorite moment in Fullmetal Alchemist still gives me chills 😀,4336,🔥
4348,2026-01-07 08:54:00,acc4,No spoilers please! 🤔,,😭
4349,2026-01-07 08:56:00,acc1,Who's your favorite character from Attack on Titan? 😎,,👍
4350,2026-01-07 08:58:00,acc2,That animation quality was insane! 🔥,,💯
4351,2026-01-07 09:00:00,acc3,Random anime fact: Studio Ghibli films are famous for hand-drawn animation. 💯,4335,👏
4352,2026-01-07 09:02:00,acc4,Opening theme has been stuck in my head. 👀,,
4353,2026-01-07 09:04:00,acc1,I think today's episode was incredible! 🍜,,😂
4354,2026-01-07 09:06:00,acc2,My favorite moment in Dragon Ball still gives me chills 🔥,4343,👏
4355,2026-01-07 09:08:00,acc3,Anyone watching Fullmetal Alchemist lately? 🍜,4346,👏
4356,2026-01-07 09:10:00,acc4,Random anime fact: Attack on Titan changed many viewers' expectations of anime. 😂,,💯
4357,2026-01-07 09:12:00,acc1,That animation quality was insane! 🤔,4349,😮
4358,2026-01-07 09:14:00,acc2,I'm rewatching Frieren this weekend. 😀,4354,👍
4359,2026-01-07 09:16:00,acc3,Opening theme has been stuck in my head. 💯,4344,
4360,2026-01-07 09:18:00,acc4,I think today's episode was incredible! 🤔,,
4361,2026-01-07 09:20:00,acc1,Who's your favorite character from Steins;Gate? 🎉,4347,👏
4362,2026-01-07 09:22:00,acc2,Who's your favorite character from Fullmetal Alchemist? 😭,4348,😎
4363,2026-01-07 09:24:00,acc3,Opening theme has been stuck in my head. 💯,4354,😭
4364,2026-01-07 09:26:00,acc4,I think today's episode was incredible! 🎉,4348,😭
4365,2026-01-07 09:28:00,acc1,Opening theme has been stuck in my head. 😎,,🔥
4366,2026-01-07 09:30:00,acc2,I'm rewatching Frieren this weekend. ✨,4351,👏
4367,2026-01-07 09:32:00,acc3,Anyone watching Vinland Saga lately? 🔥,4355,
4368,2026-01-07 09:34:00,acc4,"Quote of the day: ""The world isn't perfect, but it's beautiful."" 🙌",,❤️
4369,2026-01-07 09:36:00,acc1,I'm rewatching Dragon Ball this weekend. 👀,4353,👍
4370,2026-01-07 09:38:00,acc2,Who's your favorite character from Attack on Titan? 💯,4367,🔥
4371,2026-01-07 09:40:00,acc3,My favorite moment in Frieren still gives me chills ❤️,4365,😮
4372,2026-01-07 09:42:00,acc4,I think today's episode was incredible! 🤔,4364,👏
4373,2026-01-07 09:44:00,acc1,I think today's episode was incredible! ❤️,,😭
4374,2026-01-07 09:46:00,acc2,I think today's episode was incredible! ✨,4363,😭
4375,2026-01-07 09:48:00,acc3,"Quote of the day: ""Power comes in response to a need."" 🔥",4367,👏
4376,2026-01-07 09:50:00,acc4,Opening theme has been stuck in my head. 😀,4373,👏
4377,2026-01-07 09:52:00,acc1,I'm rewatching Death Note this weekend. 😎,,😎
4378,2026-01-07 09:54:00,acc2,Anyone watching Attack on Titan lately? 😭,,😎
4379,2026-01-07 09:56:00,acc3,"Quote of the day: ""People's dreams never end."" 🎉",,🔥
4380,2026-01-07 09:58:00,acc4,Anyone watching Fullmetal Alchemist lately? ⚡,,😭
4381,2026-01-07 10:00:00,acc1,Opening theme has been stuck in my head. 🎉,4372,❤️
4382,2026-01-07 10:02:00,acc2,Opening theme has been stuck in my head. 💯,4378,🔥
4383,2026-01-07 10:04:00,acc3,I think today's episode was incredible! 🤔,4367,😎
4384,2026-01-07 10:06:00,acc4,That animation quality was insane! 🤔,,😭
4385,2026-01-07 10:08:00,acc1,That animation quality was insane! 🍜,,❤️
4386,2026-01-07 10:10:00,acc2,Anyone watching My Hero Academia lately? 💯,4370,❤️
4387,2026-01-07 10:12:00,acc3,I'm rewatching My Hero Academia this weekend. 😭,4381,😮
4388,2026-01-07 10:14:00,acc4,Opening theme has been stuck in my head. 😭,,😎
4389,2026-01-07 10:16:00,acc1,Random anime fact: Studio Ghibli films are famous for hand-drawn animation. 😭,,👏
4390,2026-01-07 10:18:00,acc2,Opening theme has been stuck in my head. 🎉,,💯
4391,2026-01-07 10:20:00,acc3,That animation quality was insane! 🎉,4378,👏
4392,2026-01-07 10:22:00,acc4,That animation quality was insane! 👀,,👍
4393,2026-01-07 10:24:00,acc1,No spoilers please! ✨,,❤️
4394,2026-01-07 10:26:00,acc2,My favorite moment in Fullmetal Alchemist still gives me chills 🍜,4387,👍
4395,2026-01-07 10:28:00,acc3,Opening theme has been stuck in my head. 😀,4392,😮
4396,2026-01-07 10:30:00,acc4,"Quote of the day: ""Power comes in response to a need."" 👀",,🔥
4397,2026-01-07 10:32:00,acc1,I'm rewatching Solo Leveling this weekend. 😭,4395,❤️
4398,2026-01-07 10:34:00,acc2,Anyone watching Steins;Gate lately? ❤️,4396,😭
4399,2026-01-07 10:36:00,acc3,I think today's episode was incredible! 🍜,4385,💯
4400,2026-01-07 10:38:00,acc4,I think today's episode was incredible! 🍜,,💯
4401,2026-01-07 10:40:00,acc1,Opening theme has been stuck in my head. 🎉,4396,❤️
4402,2026-01-07 10:42:00,acc2,That animation quality was insane! 😭,4387,❤️
4403,2026-01-07 10:44:00,acc3,Random anime fact: Many anime openings become chart-topping songs. ❤️,,😂
4404,2026-01-07 10:46:00,acc4,My favorite moment in Solo Leveling still gives me chills 😂,4400,😎
4405,2026-01-07 10:48:00,acc1,Who's your favorite character from Jujutsu Kaisen? 🍜,,👏
4406,2026-01-07 10:50:00,acc2,I think today's episode was incredible! 😭,4392,👏
4407,2026-01-07 10:52:00,acc3,My favorite moment in Solo Leveling still gives me chills 📚,,❤️
4408,2026-01-07 10:54:00,acc4,I'm rewatching Solo Leveling this weekend. 😭,,👍
4409,2026-01-07 10:56:00,acc1,No spoilers please! ❤️,4403,😎
4410,2026-01-07 10:58:00,acc2,I'm rewatching Attack on Titan this weekend. ❤️,4405,💯
4411,2026-01-07 11:00:00,acc3,Who's your favorite character from Frieren? 🎉,4396,😮
4412,2026-01-07 11:02:00,acc4,Anyone watching Haikyuu!! lately? 🔥,4400,😎
4413,2026-01-07 11:04:00,acc1,Who's your favorite character from Hunter x Hunter? 🤔,4411,❤️
4414,2026-01-07 11:06:00,acc2,No spoilers please! 🔥,,💯
4415,2026-01-07 11:08:00,acc3,I'm rewatching One Piece this weekend. ✨,4405,😮
4416,2026-01-07 11:10:00,acc4,Opening theme has been stuck in my head. 🙌,,💯
4417,2026-01-07 11:12:00,acc1,"Quote of the day: ""People's dreams never end."" ✨",4407,😂
4418,2026-01-07 11:14:00,acc2,I'm rewatching Dragon Ball this weekend. 😭,4403,💯
4419,2026-01-07 11:16:00,acc3,Anyone watching Demon Slayer lately? 🔥,,😎
4420,2026-01-07 11:18:00,acc4,Who's your favorite character from Haikyuu!!? 💯,,💯
4421,2026-01-07 11:20:00,acc1,Random anime fact: Did you know? Anime is often adapted from manga or light novels. 📚,,😮
4422,2026-01-07 11:22:00,acc2,That animation quality was insane! 👀,4407,
4423,2026-01-07 11:24:00,acc3,"Quote of the day: ""People's dreams never end."" 🤔",4407,💯
4424,2026-01-07 11:26:00,acc4,I'm rewatching Steins;Gate this weekend. 👀,4411,😮
4425,2026-01-07 11:28:00,acc1,Opening theme has been stuck in my head. 🙌,4409,❤️
4426,2026-01-07 11:30:00,acc2,Opening theme has been stuck in my head. ✨,,💯
4427,2026-01-07 11:32:00,acc3,Anyone watching Jujutsu Kaisen lately? ⚡,4413,❤️
4428,2026-01-07 11:34:00,acc4,"Quote of the day: ""People's dreams never end."" 👀",4418,😂
4429,2026-01-07 11:36:00,acc1,Anyone watching Solo Leveling lately? 🎉,,❤️
4430,2026-01-07 11:38:00,acc2,No spoilers please! ✨,4426,😮
4431,2026-01-07 11:40:00,acc3,"Quote of the day: ""Keep moving forward."" ❤️",4420,😎
4432,2026-01-07 11:42:00,acc4,Opening theme has been stuck in my head. ❤️,4416,💯
4433,2026-01-07 11:44:00,acc1,I think today's episode was incredible! 📚,4424,😮
4434,2026-01-07 11:46:00,acc2,"Quote of the day: ""The world isn't perfect, but it's beautiful."" 👀",4429,👏
4435,2026-01-07 11:48:00,acc3,My favorite moment in Attack on Titan still gives me chills 🙌,,❤️
4436,2026-01-07 11:50:00,acc4,My favorite moment in Jujutsu Kaisen still gives me chills ❤️,4425,😎
4437,2026-01-07 11:52:00,acc1,"Quote of the day: ""Keep moving forward."" 😀",,
4438,2026-01-07 11:54:00,acc2,I'm rewatching My Hero Academia this weekend. 📚,,😭
4439,2026-01-07 11:56:00,acc3,That animation quality was insane! 🤔,4437,👍
4440,2026-01-07 11:58:00,acc4,That animation quality was insane! 😎,,❤️
4441,2026-01-07 12:00:00,acc1,"Quote of the day: ""Keep moving forward."" 🎉",4435,😎
4442,2026-01-07 12:02:00,acc2,That animation quality was insane! ⚡,4427,😎
4443,2026-01-07 12:04:00,acc3,That animation quality was insane! ⚡,4427,💯
4444,2026-01-07 12:06:00,acc4,Opening theme has been stuck in my head. 🤔,4435,🔥
4445,2026-01-07 12:08:00,acc1,"Quote of the day: ""The world isn't perfect, but it's beautiful."" 🎉",,🔥
4446,2026-01-07 12:10:00,acc2,That animation quality was insane! 🎉,4441,😭
4447,2026-01-07 12:12:00,acc3,I think today's episode was incredible! 🍜,,👍
4448,2026-01-07 12:14:00,acc4,No spoilers please! 📚,4441,😮
4449,2026-01-07 12:16:00,acc1,My favorite moment in My Hero Academia still gives me chills 🍜,4438,💯
4450,2026-01-07 12:18:00,acc2,I'm rewatching One Piece this weekend. 🔥,,
4451,2026-01-07 12:20:00,acc3,I'm rewatching Dragon Ball this weekend. 🎉,,❤️
4452,2026-01-07 12:22:00,acc4,Opening theme has been stuck in my head. ⚡,4440,😭
4453,2026-01-07 12:24:00,acc1,I think today's episode was incredible! 😭,4445,
4454,2026-01-07 12:26:00,acc2,Opening theme has been stuck in my head. 😭,,😎
4455,2026-01-07 12:28:00,acc3,"Quote of the day: ""People's dreams never end."" 🎉",4448,😎
4456,2026-01-07 12:30:00,acc4,I think today's episode was incredible! ✨,4440,💯
4457,2026-01-07 12:32:00,acc1,Opening theme has been stuck in my head. 🙌,,💯
4458,2026-01-07 12:34:00,acc2,That animation quality was insane! 🔥,4449,👍
4459,2026-01-07 12:36:00,acc3,Opening theme has been stuck in my head. ⚡,,👍
4460,2026-01-07 12:38:00,acc4,That animation quality was insane! 📚,,🔥
4461,2026-01-07 12:40:00,acc1,I'm rewatching Death Note this weekend. 🔥,,❤️
4462,2026-01-07 12:42:00,acc2,My favorite moment in Naruto still gives me chills 🤔,,
4463,2026-01-07 12:44:00,acc3,Anyone watching Vinland Saga lately? 💯,,😂
4464,2026-01-07 12:46:00,acc4,"Quote of the day: ""A lesson without pain is meaningless."" ❤️",4460,🔥
4465,2026-01-07 12:48:00,acc1,Opening theme has been stuck in my head. 👀,4453,😮
4466,2026-01-07 12:50:00,acc2,Anyone watching Haikyuu!! lately? 🍜,4456,
4467,2026-01-07 12:52:00,acc3,Anyone watching Steins;Gate lately? 💯,,👏
4468,2026-01-07 12:54:00,acc4,No spoilers please! ⚡,4457,😂
4469,2026-01-07 12:56:00,acc1,I think today's episode was incredible! ✨,,👍
4470,2026-01-07 12:58:00,acc2,No spoilers please! 😎,4462,👏
4471,2026-01-07 13:00:00,acc3,I think today's episode was incredible! 🎉,,❤️
4472,2026-01-07 13:02:00,acc4,I think today's episode was incredible! 🤔,4470,😂
4473,2026-01-07 13:04:00,acc1,That animation quality was insane! ⚡,4461,😂
4474,2026-01-07 13:06:00,acc2,No spoilers please! ⚡,4464,😎
4475,2026-01-07 13:08:00,acc3,Random anime fact: Attack on Titan changed many viewers' expectations of anime. 😀,,
4476,2026-01-07 13:10:00,acc4,My favorite moment in Jujutsu Kaisen still gives me chills ❤️,4460,❤️
4477,2026-01-07 13:12:00,acc1,"Quote of the day: ""The world isn't perfect, but it's beautiful."" 😭",4473,
4478,2026-01-07 13:14:00,acc2,No spoilers please! 👀,4464,😎
4479,2026-01-07 13:16:00,acc3,Random anime fact: Voice actors in Japan are called seiyuu. 😎,4472,👏
4480,2026-01-07 13:18:00,acc4,My favorite moment in Vinland Saga still gives me chills 🍜,4474,
4481,2026-01-07 13:20:00,acc1,That animation quality was insane! 😂,,🔥
4482,2026-01-07 13:22:00,acc2,Anyone watching Demon Slayer lately? ✨,4466,👏
4483,2026-01-07 13:24:00,acc3,No spoilers please! 🔥,4472,❤️
4484,2026-01-07 13:26:00,acc4,Random anime fact: Did you know? Anime is often adapted from manga or light novels. 💯,4478,👍
4485,2026-01-07 13:28:00,acc1,Who's your favorite character from Bleach? 🤔,,😮
4486,2026-01-07 13:30:00,acc2,I'm rewatching Bleach this weekend. ✨,4480,❤️
4487,2026-01-07 13:32:00,acc3,Random anime fact: Studio Ghibli films are famous for hand-drawn animation. 😭,4476,👍
4488,2026-01-07 13:34:00,acc4,Opening theme has been stuck in my head. 😭,,😮
4489,2026-01-07 13:36:00,acc1,That animation quality was insane! 🍜,,😎
4490,2026-01-07 13:38:00,acc2,"Quote of the day: ""Keep moving forward."" 📚",,
4491,2026-01-07 13:40:00,acc3,"Quote of the day: ""The world isn't perfect, but it's beautiful."" 🔥",4478,💯
4492,2026-01-07 13:42:00,acc4,My favorite moment in One Piece still gives me chills 🎉,4481,😭
4493,2026-01-07 13:44:00,acc1,I'm rewatching Jujutsu Kaisen this weekend. 😭,,😎
4494,2026-01-07 13:46:00,acc2,I'm rewatching Solo Leveling this weekend. 👀,,👏
4495,2026-01-07 13:48:00,acc3,That animation quality was insane! 👀,4492,😭
4496,2026-01-07 13:50:00,acc4,I think today's episode was incredible! 🔥,,😂
4497,2026-01-07 13:52:00,acc1,No spoilers please! 🔥,4486,😂
4498,2026-01-07 13:54:00,acc2,I'm rewatching Hunter x Hunter this weekend. 👀,4495,😮
4499,2026-01-07 13:56:00,acc3,No spoilers please! 🤔,,❤️
4500,2026-01-07 13:58:00,acc4,I think today's episode was incredible! 📚,4485,💯
4501,2026-01-07 14:00:00,acc1,Who's your favorite character from Fullmetal Alchemist? 😂,4485,😭
4502,2026-01-07 14:02:00,acc2,My favorite moment in Solo Leveling still gives me chills 🙌,4490,😂
4503,2026-01-07 14:04:00,acc3,"Quote of the day: ""The world isn't perfect, but it's beautiful."" 🍜",4489,💯
4504,2026-01-07 14:06:00,acc4,No spoilers please! 😂,4491,❤️
4505,2026-01-07 14:08:00,acc1,I'm rewatching Demon Slayer this weekend. 🎉,4492,💯
4506,2026-01-07 14:10:00,acc2,Who's your favorite character from My Hero Academia? 📚,,😮
4507,2026-01-07 14:12:00,acc3,Who's your favorite character from Fullmetal Alchemist? 🍜,4498,😎
4508,2026-01-07 14:14:00,acc4,That animation quality was insane! 🍜,,❤️
4509,2026-01-07 14:16:00,acc1,No spoilers please! ❤️,4503,👍
4510,2026-01-07 14:18:00,acc2,"Quote of the day: ""Keep moving forward."" 😀",,😎
4511,2026-01-07 14:20:00,acc3,Who's your favorite character from One Piece? 🔥,4508,💯
4512,2026-01-07 14:22:00,acc4,Anyone watching Naruto lately? 🙌,4496,
4513,2026-01-07 14:24:00,acc1,"Quote of the day: ""Power comes in response to a need."" ⚡",4499,😮
4514,2026-01-07 14:26:00,acc2,Random anime fact: One Piece is among the best-selling manga series. 🙌,,😮
4515,2026-01-07 14:28:00,acc3,Opening theme has been stuck in my head. 😭,,
4516,2026-01-07 14:30:00,acc4,Anyone watching Bleach lately? 📚,4510,👏
4517,2026-01-07 14:32:00,acc1,My favorite moment in Jujutsu Kaisen still gives me chills 😂,4503,😂
4518,2026-01-07 14:34:00,acc2,I'm rewatching Haikyuu!! this weekend. 😎,4507,💯
4519,2026-01-07 14:36:00,acc3,Who's your favorite character from One Piece? ✨,,
4520,2026-01-07 14:38:00,acc4,No spoilers please! 👀,4508,😭
4521,2026-01-07 14:40:00,acc1,No spoilers please! 👀,4518,👏
4522,2026-01-07 14:42:00,acc2,I'm rewatching Vinland Saga this weekend. 📚,4518,❤️
4523,2026-01-07 14:44:00,acc3,Random anime fact: Voice actors in Japan are called seiyuu. 😀,,😂
4524,2026-01-07 14:46:00,acc4,I think today's episode was incredible! 😭,,🔥
4525,2026-01-07 14:48:00,acc1,Opening theme has been stuck in my head. 😀,,👍
4526,2026-01-07 14:50:00,acc2,My favorite moment in Vinland Saga still gives me chills 😭,4520,😮
4527,2026-01-07 14:52:00,acc3,I'm rewatching Frieren this weekend. ✨,,👏
4528,2026-01-07 14:54:00,acc4,Who's your favorite character from Solo Leveling? 🙌,,🔥
4529,2026-01-07 14:56:00,acc1,Opening theme has been stuck in my head. ⚡,,👍
4530,2026-01-07 14:58:00,acc2,Who's your favorite character from Vinland Saga? 🎉,4517,
4531,2026-01-07 15:00:00,acc3,Opening theme has been stuck in my head. 💯,,👍
4532,2026-01-07 15:02:00,acc4,Opening theme has been stuck in my head. 🙌,4528,👏
4533,2026-01-07 15:04:00,acc1,"Quote of the day: ""The world isn't perfect, but it's beautiful."" ✨",,🔥
4534,2026-01-07 15:06:00,acc2,"Quote of the day: ""People's dreams never end."" 📚",,😭
4535,2026-01-07 15:08:00,acc3,"Quote of the day: ""Power comes in response to a need."" ❤️",,🔥
4536,2026-01-07 15:10:00,acc4,Random anime fact: Studio Ghibli films are famous for hand-drawn animation. 🍜,,😭
4537,2026-01-07 15:12:00,acc1,I think today's episode was incredible! ✨,,😭
4538,2026-01-07 15:14:00,acc2,I think today's episode was incredible! ❤️,,❤️
4539,2026-01-07 15:16:00,acc3,Random anime fact: Did you know? Anime is often adapted from manga or light novels. ❤️,,👍
4540,2026-01-07 15:18:00,acc4,I think today's episode was incredible! 🤔,,😭
4541,2026-01-07 15:20:00,acc1,Anyone watching Naruto lately? 💯,,😂
4542,2026-01-07 15:22:00,acc2,My favorite moment in Frieren still gives me chills 😎,,
4543,2026-01-07 15:24:00,acc3,My favorite moment in Demon Slayer still gives me chills 🍜,,🔥
4544,2026-01-07 15:26:00,acc4,Opening theme has been stuck in my head. 😂,,🔥
4545,2026-01-07 15:28:00,acc1,"Quote of the day: ""Power comes in response to a need."" 🙌",4533,
4546,2026-01-07 15:30:00,acc2,I'm rewatching Steins;Gate this weekend. 🙌,,😭
4547,2026-01-07 15:32:00,acc3,That animation quality was insane! 😂,,🔥
4548,2026-01-07 15:34:00,acc4,That animation quality was insane! 😎,,💯
4549,2026-01-07 15:36:00,acc1,My favorite moment in Attack on Titan still gives me chills 🔥,4546,😎
4550,2026-01-07 15:38:00,acc2,I think today's episode was incredible! ❤️,,👍
4551,2026-01-07 15:40:00,acc3,Anyone watching My Hero Academia lately? 🤔,,👍
4552,2026-01-07 15:42:00,acc4,That animation quality was insane! 💯,4541,💯
4553,2026-01-07 15:44:00,acc1,"Quote of the day: ""People's dreams never end."" 😎",4548,💯
4554,2026-01-07 15:46:00,acc2,Opening theme has been stuck in my head. 🙌,,👍
4555,2026-01-07 15:48:00,acc3,My favorite moment in Bleach still gives me chills 🙌,4550,🔥
4556,2026-01-07 15:50:00,acc4,No spoilers please! ✨,4548,
4557,2026-01-07 15:52:00,acc1,That animation quality was insane! 🎉,4547,🔥
4558,2026-01-07 15:54:00,acc2,No spoilers please! ⚡,4543,😎
4559,2026-01-07 15:56:00,acc3,I think today's episode was incredible! 😀,4553,
4560,2026-01-07 15:58:00,acc4,No spoilers please! 🎉,4546,💯
4561,2026-01-07 16:00:00,acc1,Anyone watching Death Note lately? 😀,4547,😭
4562,2026-01-07 16:02:00,acc2,Who's your favorite character from Demon Slayer? 😂,,🔥
4563,2026-01-07 16:04:00,acc3,Who's your favorite character from My Hero Academia? 😭,,😎
4564,2026-01-07 16:06:00,acc4,"Quote of the day: ""People's dreams never end."" ✨",,💯
4565,2026-01-07 16:08:00,acc1,Opening theme has been stuck in my head. 👀,,😮
4566,2026-01-07 16:10:00,acc2,"Quote of the day: ""Keep moving forward."" ✨",,❤️
4567,2026-01-07 16:12:00,acc3,Opening theme has been stuck in my head. 😎,,💯
4568,2026-01-07 16:14:00,acc4,That animation quality was insane! 🙌,,❤️
4569,2026-01-07 16:16:00,acc1,That animation quality was insane! 😂,,💯
4570,2026-01-07 16:18:00,acc2,I think today's episode was incredible! 🎉,4557,😮
4571,2026-01-07 16:20:00,acc3,I'm rewatching Hunter x Hunter this weekend. 😀,,😂
4572,2026-01-07 16:22:00,acc4,I think today's episode was incredible! 🔥,4561,💯
4573,2026-01-07 16:24:00,acc1,I'm rewatching Solo Leveling this weekend. 🎉,4564,🔥
4574,2026-01-07 16:26:00,acc2,That animation quality was insane! 😂,4566,😭
4575,2026-01-07 16:28:00,acc3,That animation quality was insane! 🍜,,😮
4576,2026-01-07 16:30:00,acc4,My favorite moment in Death Note still gives me chills 😀,,👍
4577,2026-01-07 16:32:00,acc1,I think today's episode was incredible! 🤔,,👍
4578,2026-01-07 16:34:00,acc2,No spoilers please! 😀,4573,👍
4579,2026-01-07 16:36:00,acc3,I'm rewatching Fullmetal Alchemist this weekend. 😭,,😎
4580,2026-01-07 16:38:00,acc4,My favorite moment in Death Note still gives me chills 😭,,👍
4581,2026-01-07 16:40:00,acc1,"Quote of the day: ""A lesson without pain is meaningless."" ✨",4565,👍
4582,2026-01-07 16:42:00,acc2,"Quote of the day: ""People's dreams never end."" 😎",,
4583,2026-01-07 16:44:00,acc3,I'm rewatching Frieren this weekend. 😀,4578,😮
4584,2026-01-07 16:46:00,acc4,That animation quality was insane! 👀,,😮
4585,2026-01-07 16:48:00,acc1,Opening theme has been stuck in my head. ✨,4572,👏
4586,2026-01-07 16:50:00,acc2,That animation quality was insane! 🎉,,👏
4587,2026-01-07 16:52:00,acc3,That animation quality was insane! 💯,,😂
4588,2026-01-07 16:54:00,acc4,"Quote of the day: ""People's dreams never end."" 🔥",4576,👍
4589,2026-01-07 16:56:00,acc1,My favorite moment in Dragon Ball still gives me chills ⚡,,❤️
4590,2026-01-07 16:58:00,acc2,Anyone watching Dragon Ball lately? 🙌,4575,😎
4591,2026-01-07 17:00:00,acc3,My favorite moment in Demon Slayer still gives me chills 🤔,,💯
4592,2026-01-07 17:02:00,acc4,My favorite moment in Naruto still gives me chills 🎉,4579,
4593,2026-01-07 17:04:00,acc1,Who's your favorite character from Jujutsu Kaisen? ✨,4584,
4594,2026-01-07 17:06:00,acc2,"Quote of the day: ""Keep moving forward."" 😭",,👏
4595,2026-01-07 17:08:00,acc3,I think today's episode was incredible! 👀,4591,😮
4596,2026-01-07 17:10:00,acc4,Random anime fact: Studio Ghibli films are famous for hand-drawn animation. 😀,,😮
4597,2026-01-07 17:12:00,acc1,That animation quality was insane! ✨,,❤️
4598,2026-01-07 17:14:00,acc2,My favorite moment in Hunter x Hunter still gives me chills ⚡,,👍
4599,2026-01-07 17:16:00,acc3,No spoilers please! 📚,,😂
4600,2026-01-07 17:18:00,acc4,Opening theme has been stuck in my head. 💯,4598,😮
4601,2026-01-07 17:20:00,acc1,Opening theme has been stuck in my head. 💯,,💯
4602,2026-01-07 17:22:00,acc2,My favorite moment in Bleach still gives me chills ⚡,4595,❤️
4603,2026-01-07 17:24:00,acc3,I think today's episode was incredible! 🔥,4593,
4604,2026-01-07 17:26:00,acc4,No spoilers please! 😭,4600,🔥
4605,2026-01-07 17:28:00,acc1,Who's your favorite character from Frieren? ❤️,,❤️
4606,2026-01-07 17:30:00,acc2,My favorite moment in Fullmetal Alchemist still gives me chills 😂,4603,😎
4607,2026-01-07 17:32:00,acc3,My favorite moment in Attack on Titan still gives me chills 🤔,4594,😂
4608,2026-01-07 17:34:00,acc4,Opening theme has been stuck in my head. ⚡,4596,😮
4609,2026-01-07 17:36:00,acc1,That animation quality was insane! 🤔,,😮
4610,2026-01-07 17:38:00,acc2,Who's your favorite character from Naruto? 😂,4602,😭
4611,2026-01-07 17:40:00,acc3,My favorite moment in Fullmetal Alchemist still gives me chills ❤️,,👏
4612,2026-01-07 17:42:00,acc4,Random anime fact: Studio Ghibli films are famous for hand-drawn animation. ⚡,4598,😭
4613,2026-01-07 17:44:00,acc1,Who's your favorite character from Solo Leveling? 👀,4604,😮
4614,2026-01-07 17:46:00,acc2,I'm rewatching One Piece this weekend. 🍜,,
4615,2026-01-07 17:48:00,acc3,"Quote of the day: ""Keep moving forward."" ❤️",4610,🔥
4616,2026-01-07 17:50:00,acc4,My favorite moment in Haikyuu!! still gives me chills 😎,,💯
4617,2026-01-07 17:52:00,acc1,That animation quality was insane! 🍜,,😂
4618,2026-01-07 17:54:00,acc2,My favorite moment in Vinland Saga still gives me chills ❤️,4610,👍
4619,2026-01-07 17:56:00,acc3,My favorite moment in Dragon Ball still gives me chills ❤️,4603,❤️
4620,2026-01-07 17:58:00,acc4,I think today's episode was incredible! 😭,,❤️
4621,2026-01-07 18:00:00,acc1,Anyone watching Demon Slayer lately? 😭,,😮
4622,2026-01-07 18:02:00,acc2,Who's your favorite character from One Piece? ⚡,4612,😭
4623,2026-01-07 18:04:00,acc3,Opening theme has been stuck in my head. 🎉,4616,😮
4624,2026-01-07 18:06:00,acc4,Anyone watching Steins;Gate lately? ⚡,4611,💯
4625,2026-01-07 18:08:00,acc1,I'm rewatching Attack on Titan this weekend. 📚,4609,❤️
4626,2026-01-07 18:10:00,acc2,I'm rewatching My Hero Academia this weekend. 💯,,😮
4627,2026-01-07 18:12:00,acc3,No spoilers please! ⚡,,❤️
4628,2026-01-07 18:14:00,acc4,That animation quality was insane! 🙌,4612,😮
4629,2026-01-07 18:16:00,acc1,Who's your favorite character from One Piece? 😎,,👏
4630,2026-01-07 18:18:00,acc2,Who's your favorite character from Solo Leveling? ⚡,,🔥
4631,2026-01-07 18:20:00,acc3,That animation quality was insane! 🙌,4629,👏
4632,2026-01-07 18:22:00,acc4,My favorite moment in Dragon Ball still gives me chills 👀,4626,👍
4633,2026-01-07 18:24:00,acc1,"Quote of the day: ""A lesson without pain is meaningless."" 🤔",4631,👍
4634,2026-01-07 18:26:00,acc2,Random anime fact: Attack on Titan changed many viewers' expectations of anime. 👀,,💯
4635,2026-01-07 18:28:00,acc3,My favorite moment in Dragon Ball still gives me chills 🙌,4628,😭
4636,2026-01-07 18:30:00,acc4,"Quote of the day: ""People's dreams never end."" ⚡",4633,😮
4637,2026-01-07 18:32:00,acc1,No spoilers please! 😎,4632,😂
4638,2026-01-07 18:34:00,acc2,I think today's episode was incredible! 🍜,4628,👏
4639,2026-01-07 18:36:00,acc3,I'm rewatching Hunter x Hunter this weekend. 🍜,4629,😎
4640,2026-01-07 18:38:00,acc4,My favorite moment in My Hero Academia still gives me chills 😎,4627,😮
4641,2026-01-07 18:40:00,acc1,Opening theme has been stuck in my head. 📚,,👍
4642,2026-01-07 18:42:00,acc2,No spoilers please! 🤔,4633,🔥
4643,2026-01-07 18:44:00,acc3,My favorite moment in Solo Leveling still gives me chills 🔥,4628,💯
4644,2026-01-07 18:46:00,acc4,Opening theme has been stuck in my head. 😭,4631,👏
4645,2026-01-07 18:48:00,acc1,"Quote of the day: ""Power comes in response to a need."" 😭",4637,
4646,2026-01-07 18:50:00,acc2,I think today's episode was incredible! 😎,,👍
4647,2026-01-07 18:52:00,acc3,Random anime fact: Attack on Titan changed many viewers' expectations of anime. 😎,4644,❤️
4648,2026-01-07 18:54:00,acc4,I think today's episode was incredible! 🔥,,
4649,2026-01-07 18:56:00,acc1,Random anime fact: Studio Ghibli films are famous for hand-drawn animation. 👀,,👍
4650,2026-01-07 18:58:00,acc2,My favorite moment in One Piece still gives me chills 🎉,4645,👍
4651,2026-01-07 19:00:00,acc3,That animation quality was insane! 😂,,
4652,2026-01-07 19:02:00,acc4,Who's your favorite character from My Hero Academia? 😎,4647,
4653,2026-01-07 19:04:00,acc1,"Quote of the day: ""People's dreams never end."" 🍜",,😎
4654,2026-01-07 19:06:00,acc2,Who's your favorite character from Jujutsu Kaisen? ✨,4644,
4655,2026-01-07 19:08:00,acc3,That animation quality was insane! 🍜,4642,🔥
4656,2026-01-07 19:10:00,acc4,Who's your favorite character from Bleach? 💯,4647,😭
4657,2026-01-07 19:12:00,acc1,I think today's episode was incredible! 🍜,4652,💯
4658,2026-01-07 19:14:00,acc2,My favorite moment in Bleach still gives me chills 🔥,4650,😎
4659,2026-01-07 19:16:00,acc3,"Quote of the day: ""People's dreams never end."" 😭",4651,💯
4660,2026-01-07 19:18:00,acc4,My favorite moment in Frieren still gives me chills 😭,4654,🔥
4661,2026-01-07 19:20:00,acc1,Who's your favorite character from One Piece? 😭,4656,💯
4662,2026-01-07 19:22:00,acc2,I think today's episode was incredible! ❤️,4655,
4663,2026-01-07 19:24:00,acc3,Who's your favorite character from Bleach? 😭,,🔥
4664,2026-01-07 19:26:00,acc4,My favorite moment in Jujutsu Kaisen still gives me chills 💯,4659,🔥
4665,2026-01-07 19:28:00,acc1,No spoilers please! 🎉,,💯
4666,2026-01-07 19:30:00,acc2,Opening theme has been stuck in my head. 😭,,
4667,2026-01-07 19:32:00,acc3,I think today's episode was incredible! 👀,4653,😂
4668,2026-01-07 19:34:00,acc4,Who's your favorite character from Solo Leveling? 😭,,😎
4669,2026-01-07 19:36:00,acc1,No spoilers please! 🎉,,❤️
4670,2026-01-07 19:38:00,acc2,"Quote of the day: ""Power comes in response to a need."" 🎉",,💯
4671,2026-01-07 19:40:00,acc3,No spoilers please! 🙌,,😎
4672,2026-01-07 19:42:00,acc4,I think today's episode was incredible! 🍜,,👏
4673,2026-01-07 19:44:00,acc1,Random anime fact: Many anime openings become chart-topping songs. 🙌,4665,😭
4674,2026-01-07 19:46:00,acc2,My favorite moment in Naruto still gives me chills 👀,4658,😮
4675,2026-01-07 19:48:00,acc3,My favorite moment in Haikyuu!! still gives me chills 🔥,,💯
4676,2026-01-07 19:50:00,acc4,Random anime fact: Many anime openings become chart-topping songs. ❤️,,😎
4677,2026-01-07 19:52:00,acc1,Anyone watching Frieren lately? 🎉,,👏
4678,2026-01-07 19:54:00,acc2,Opening theme has been stuck in my head. 👀,4669,🔥
4679,2026-01-07 19:56:00,acc3,I think today's episode was incredible! 👀,4676,
4680,2026-01-07 19:58:00,acc4,Random anime fact: Studio Ghibli films are famous for hand-drawn animation. 👀,,😭
4681,2026-01-07 20:00:00,acc1,My favorite moment in Steins;Gate still gives me chills 😂,4668,💯
4682,2026-01-07 20:02:00,acc2,No spoilers please! 🙌,,👏
4683,2026-01-07 20:04:00,acc3,That animation quality was insane! 🍜,,😂
4684,2026-01-07 20:06:00,acc4,Random anime fact: Attack on Titan changed many viewers' expectations of anime. 🙌,,👍
4685,2026-01-07 20:08:00,acc1,That animation quality was insane! 🤔,4669,😎
4686,2026-01-07 20:10:00,acc2,Who's your favorite character from Jujutsu Kaisen? 💯,4678,😂
4687,2026-01-07 20:12:00,acc3,My favorite moment in My Hero Academia still gives me chills 🎉,,😭
4688,2026-01-07 20:14:00,acc4,I'm rewatching Fullmetal Alchemist this weekend. 💯,,💯
4689,2026-01-07 20:16:00,acc1,Random anime fact: Studio Ghibli films are famous for hand-drawn animation. 🤔,,😭
4690,2026-01-07 20:18:00,acc2,I'm rewatching Jujutsu Kaisen this weekend. 👀,4682,😮
4691,2026-01-07 20:20:00,acc3,My favorite moment in Jujutsu Kaisen still gives me chills 😎,,😂
4692,2026-01-07 20:22:00,acc4,"Quote of the day: ""The world isn't perfect, but it's beautiful."" 🎉",4681,❤️
4693,2026-01-07 20:24:00,acc1,I think today's episode was incredible! 🤔,,👍
4694,2026-01-07 20:26:00,acc2,No spoilers please! 😀,,😮
4695,2026-01-07 20:28:00,acc3,That animation quality was insane! 🔥,4682,👍
4696,2026-01-07 20:30:00,acc4,I'm rewatching One Piece this weekend. 😀,,🔥
4697,2026-01-07 20:32:00,acc1,No spoilers please! 🙌,,🔥
4698,2026-01-07 20:34:00,acc2,Who's your favorite character from Steins;Gate? 📚,,😭
4699,2026-01-07 20:36:00,acc3,That animation quality was insane! 😂,4685,😎
4700,2026-01-07 20:38:00,acc4,That animation quality was insane! 🍜,4687,❤️
4701,2026-01-07 20:40:00,acc1,No spoilers please! 😭,4695,😮
4702,2026-01-07 20:42:00,acc2,Anyone watching One Piece lately? 🍜,,😮
4703,2026-01-07 20:44:00,acc3,My favorite moment in Steins;Gate still gives me chills 😭,,😮
4704,2026-01-07 20:46:00,acc4,No spoilers please! 💯,,👏
4705,2026-01-07 20:48:00,acc1,My favorite moment in One Piece still gives me chills 🙌,4693,😂
4706,2026-01-07 20:50:00,acc2,Anyone watching Vinland Saga lately? ✨,4694,❤️
4707,2026-01-07 20:52:00,acc3,Anyone watching Attack on Titan lately? 🤔,4703,💯
4708,2026-01-07 20:54:00,acc4,I think today's episode was incredible! 😂,4703,👏
4709,2026-01-07 20:56:00,acc1,Random anime fact: Voice actors in Japan are called seiyuu. 🙌,,😎
4710,2026-01-07 20:58:00,acc2,No spoilers please! 🍜,,😭
4711,2026-01-07 21:00:00,acc3,I think today's episode was incredible! ❤️,4706,👍
4712,2026-01-07 21:02:00,acc4,I think today's episode was incredible! 🔥,4706,🔥
4713,2026-01-07 21:04:00,acc1,My favorite moment in Dragon Ball still gives me chills 😂,4709,😂
4714,2026-01-07 21:06:00,acc2,That animation quality was insane! 💯,4705,😭
4715,2026-01-07 21:08:00,acc3,My favorite moment in Demon Slayer still gives me chills ❤️,4703,😎
4716,2026-01-07 21:10:00,acc4,I think today's episode was incredible! 😎,4708,😎
4717,2026-01-07 21:12:00,acc1,My favorite moment in One Piece still gives me chills ⚡,4707,❤️
4718,2026-01-07 21:14:00,acc2,"Quote of the day: ""A lesson without pain is meaningless."" 👀",,👏
4719,2026-01-07 21:16:00,acc3,Random anime fact: Many anime openings become chart-topping songs. 👀,,👏
4720,2026-01-07 21:18:00,acc4,I'm rewatching Vinland Saga this weekend. ⚡,4717,❤️
4721,2026-01-07 21:20:00,acc1,I'm rewatching Attack on Titan this weekend. 🎉,4717,😎
4722,2026-01-07 21:22:00,acc2,I think today's episode was incredible! 🎉,4708,😭
4723,2026-01-07 21:24:00,acc3,That animation quality was insane! 😂,,
4724,2026-01-07 21:26:00,acc4,Anyone watching Dragon Ball lately? ⚡,4709,👏
4725,2026-01-07 21:28:00,acc1,"Quote of the day: ""People's dreams never end."" 🎉",,😎
4726,2026-01-07 21:30:00,acc2,No spoilers please! 📚,,😭
4727,2026-01-07 21:32:00,acc3,No spoilers please! 🔥,4725,😎
4728,2026-01-07 21:34:00,acc4,That animation quality was insane! 😎,4723,❤️
4729,2026-01-07 21:36:00,acc1,I'm rewatching Hunter x Hunter this weekend. 👀,4726,
4730,2026-01-07 21:38:00,acc2,I think today's episode was incredible! 💯,4728,👍
4731,2026-01-07 21:40:00,acc3,I'm rewatching Hunter x Hunter this weekend. 💯,4729,😎
4732,2026-01-07 21:42:00,acc4,No spoilers please! 🤔,4724,💯
4733,2026-01-07 21:44:00,acc1,"Quote of the day: ""Power comes in response to a need."" 🎉",4724,💯
4734,2026-01-07 21:46:00,acc2,Anyone watching Hunter x Hunter lately? 😀,4725,
4735,2026-01-07 21:48:00,acc3,Who's your favorite character from Frieren? 👀,4724,😭
4736,2026-01-07 21:50:00,acc4,Anyone watching Steins;Gate lately? 😂,4729,😂
4737,2026-01-07 21:52:00,acc1,I think today's episode was incredible! 💯,,🔥
4738,2026-01-07 21:54:00,acc2,My favorite moment in Frieren still gives me chills 👀,4722,😮
4739,2026-01-07 21:56:00,acc3,No spoilers please! 💯,,
4740,2026-01-07 21:58:00,acc4,Anyone watching Solo Leveling lately? 🙌,4733,
4741,2026-01-07 22:00:00,acc1,I think today's episode was incredible! 🍜,4737,🔥
4742,2026-01-07 22:02:00,acc2,No spoilers please! 💯,,😭
4743,2026-01-07 22:04:00,acc3,Anyone watching Frieren lately? 💯,4738,🔥
4744,2026-01-07 22:06:00,acc4,I'm rewatching Naruto this weekend. 🎉,4734,❤️
4745,2026-01-07 22:08:00,acc1,Anyone watching Fullmetal Alchemist lately? 💯,4737,🔥
4746,2026-01-07 22:10:00,acc2,"Quote of the day: ""A lesson without pain is meaningless."" 🔥",,😎
4747,2026-01-07 22:12:00,acc3,"Quote of the day: ""People's dreams never end."" ❤️",,
4748,2026-01-07 22:14:00,acc4,Anyone watching Solo Leveling lately? 🤔,4735,❤️
4749,2026-01-07 22:16:00,acc1,"Quote of the day: ""The world isn't perfect, but it's beautiful."" 🤔",,🔥
4750,2026-01-07 22:18:00,acc2,My favorite moment in Solo Leveling still gives me chills 🎉,,😭
4751,2026-01-07 22:20:00,acc3,Anyone watching Jujutsu Kaisen lately? 🙌,,😂
4752,2026-01-07 22:22:00,acc4,My favorite moment in Hunter x Hunter still gives me chills ⚡,,
4753,2026-01-07 22:24:00,acc1,I think today's episode was incredible! ❤️,,👏
4754,2026-01-07 22:26:00,acc2,Anyone watching My Hero Academia lately? 😀,,😭
4755,2026-01-07 22:28:00,acc3,Who's your favorite character from Steins;Gate? 😭,,👏
4756,2026-01-07 22:30:00,acc4,Random anime fact: One Piece is among the best-selling manga series. 😂,,
4757,2026-01-07 22:32:00,acc1,Random anime fact: Many anime openings become chart-topping songs. 😂,4752,👍
4758,2026-01-07 22:34:00,acc2,That animation quality was insane! ⚡,,😂
4759,2026-01-07 22:36:00,acc3,"Quote of the day: ""Keep moving forward."" 💯",4753,👍
4760,2026-01-07 22:38:00,acc4,That animation quality was insane! 😎,4749,🔥
4761,2026-01-07 22:40:00,acc1,I think today's episode was incredible! 🤔,4750,
4762,2026-01-07 22:42:00,acc2,"Quote of the day: ""A lesson without pain is meaningless."" 😭",4752,👍
4763,2026-01-07 22:44:00,acc3,No spoilers please! 🎉,4757,😮
4764,2026-01-07 22:46:00,acc4,That animation quality was insane! ⚡,4751,
4765,2026-01-07 22:48:00,acc1,Anyone watching Naruto lately? 😀,4760,🔥
4766,2026-01-07 22:50:00,acc2,Random anime fact: Attack on Titan changed many viewers' expectations of anime. 🙌,4756,
4767,2026-01-07 22:52:00,acc3,Anyone watching One Piece lately? 🔥,4756,👏
4768,2026-01-07 22:54:00,acc4,Opening theme has been stuck in my head. ⚡,,😭
4769,2026-01-07 22:56:00,acc1,My favorite moment in One Piece still gives me chills 🤔,,👍
4770,2026-01-07 22:58:00,acc2,Who's your favorite character from Fullmetal Alchemist? 😎,4761,💯
4771,2026-01-07 23:00:00,acc3,Random anime fact: Voice actors in Japan are called seiyuu. 😭,4763,🔥
4772,2026-01-07 23:02:00,acc4,My favorite moment in Hunter x Hunter still gives me chills 👀,4758,
4773,2026-01-07 23:04:00,acc1,My favorite moment in Haikyuu!! still gives me chills 🔥,,👏
4774,2026-01-07 23:06:00,acc2,Random anime fact: Did you know? Anime is often adapted from manga or light novels. 😂,,💯
4775,2026-01-07 23:08:00,acc3,Random anime fact: Did you know? Anime is often adapted from manga or light novels. 🔥,4769,😭
4776,2026-01-07 23:10:00,acc4,I'm rewatching My Hero Academia this weekend. 🔥,4765,😮
4777,2026-01-07 23:12:00,acc1,I'm rewatching Solo Leveling this weekend. ✨,4775,😎
4778,2026-01-07 23:14:00,acc2,Random anime fact: Did you know? Anime is often adapted from manga or light novels. ❤️,,😎
4779,2026-01-07 23:16:00,acc3,Opening theme has been stuck in my head. 😭,4777,😮
4780,2026-01-07 23:18:00,acc4,No spoilers please! 🤔,4766,😮
4781,2026-01-07 23:20:00,acc1,Opening theme has been stuck in my head. 🍜,,👍
4782,2026-01-07 23:22:00,acc2,Who's your favorite character from Vinland Saga? 🔥,4771,😂
4783,2026-01-07 23:24:00,acc3,No spoilers please! ⚡,4771,😭
4784,2026-01-07 23:26:00,acc4,Anyone watching Death Note lately? 😎,,
4785,2026-01-07 23:28:00,acc1,I'm rewatching Steins;Gate this weekend. ⚡,4782,👍
4786,2026-01-07 23:30:00,acc2,Opening theme has been stuck in my head. 📚,4779,😭
4787,2026-01-07 23:32:00,acc3,That animation quality was insane! 🔥,4783,
4788,2026-01-07 23:34:00,acc4,That animation quality was insane! 📚,4773,💯
4789,2026-01-07 23:36:00,acc1,Anyone watching Steins;Gate lately? 😀,,😭
4790,2026-01-07 23:38:00,acc2,Anyone watching Bleach lately? 😭,,💯
4791,2026-01-07 23:40:00,acc3,That animation quality was insane! 🙌,,😭
4792,2026-01-07 23:42:00,acc4,I'm rewatching Dragon Ball this weekend. 🔥,4779,❤️
4793,2026-01-07 23:44:00,acc1,I think today's episode was incredible! ✨,,👏
4794,2026-01-07 23:46:00,acc2,Anyone watching Steins;Gate lately? 🎉,,
4795,2026-01-07 23:48:00,acc3,Who's your favorite character from Bleach? 💯,4787,😭
4796,2026-01-07 23:50:00,acc4,Anyone watching One Piece lately? ⚡,4792,💯
4797,2026-01-07 23:52:00,acc1,Anyone watching Death Note lately? 🔥,4791,❤️
4798,2026-01-07 23:54:00,acc2,Who's your favorite character from Naruto? 😀,,💯
4799,2026-01-07 23:56:00,acc3,That animation quality was insane! 👀,4785,😮
4800,2026-01-07 23:58:00,acc4,My favorite moment in Vinland Saga still gives me chills 🤔,,
4801,2026-01-08 00:00:00,acc1,My favorite moment in One Piece still gives me chills 😀,4796,👏
4802,2026-01-08 00:02:00,acc2,I think today's episode was incredible! 😀,,👏
4803,2026-01-08 00:04:00,acc3,"Quote of the day: ""The world isn't perfect, but it's beautiful."" 🔥",4796,😂
4804,2026-01-08 00:06:00,acc4,Random anime fact: Did you know? Anime is often adapted from manga or light novels. 💯,4802,😭
4805,2026-01-08 00:08:00,acc1,Who's your favorite character from Dragon Ball? ⚡,4799,👏
4806,2026-01-08 00:10:00,acc2,Opening theme has been stuck in my head. 🤔,4797,😮
4807,2026-01-08 00:12:00,acc3,That animation quality was insane! 🔥,4801,
4808,2026-01-08 00:14:00,acc4,Who's your favorite character from Steins;Gate? 😀,,😮
4809,2026-01-08 00:16:00,acc1,Who's your favorite character from Attack on Titan? ⚡,,👏
4810,2026-01-08 00:18:00,acc2,Opening theme has been stuck in my head. ⚡,4807,😭
4811,2026-01-08 00:20:00,acc3,Opening theme has been stuck in my head. 🎉,,😎
4812,2026-01-08 00:22:00,acc4,Anyone watching Attack on Titan lately? 🎉,4801,👏
4813,2026-01-08 00:24:00,acc1,Opening theme has been stuck in my head. 😎,4809,👏
4814,2026-01-08 00:26:00,acc2,No spoilers please! ✨,,😮
4815,2026-01-08 00:28:00,acc3,I think today's episode was incredible! ❤️,4801,😮
4816,2026-01-08 00:30:00,acc4,Who's your favorite character from Naruto? ⚡,,👍
4817,2026-01-08 00:32:00,acc1,I think today's episode was incredible! 😎,4806,😂
4818,2026-01-08 00:34:00,acc2,My favorite moment in My Hero Academia still gives me chills 😂,4803,👍
4819,2026-01-08 00:36:00,acc3,Who's your favorite character from Dragon Ball? ✨,,💯
4820,2026-01-08 00:38:00,acc4,Random anime fact: Attack on Titan changed many viewers' expectations of anime. 🍜,,👏
4821,2026-01-08 00:40:00,acc1,"Quote of the day: ""Keep moving forward."" 💯",,😭
4822,2026-01-08 00:42:00,acc2,No spoilers please! 🙌,,👍
4823,2026-01-08 00:44:00,acc3,Random anime fact: Voice actors in Japan are called seiyuu. 😎,,😭
4824,2026-01-08 00:46:00,acc4,I think today's episode was incredible! 🍜,,😂
4825,2026-01-08 00:48:00,acc1,Opening theme has been stuck in my head. 🙌,,❤️
4826,2026-01-08 00:50:00,acc2,No spoilers please! 👀,,😮
4827,2026-01-08 00:52:00,acc3,Opening theme has been stuck in my head. 🔥,,😭
4828,2026-01-08 00:54:00,acc4,Who's your favorite character from Attack on Titan? 📚,4824,😂
4829,2026-01-08 00:56:00,acc1,I'm rewatching Bleach this weekend. 😂,,👏
4830,2026-01-08 00:58:00,acc2,Random anime fact: Studio Ghibli films are famous for hand-drawn animation. 🎉,4828,😂
4831,2026-01-08 01:00:00,acc3,No spoilers please! 👀,4824,😭
4832,2026-01-08 01:02:00,acc4,Who's your favorite character from My Hero Academia? 😎,,😮
4833,2026-01-08 01:04:00,acc1,Who's your favorite character from My Hero Academia? ❤️,,
4834,2026-01-08 01:06:00,acc2,"Quote of the day: ""Keep moving forward."" 🙌",,👍
4835,2026-01-08 01:08:00,acc3,I'm rewatching Solo Leveling this weekend. 🔥,,❤️
4836,2026-01-08 01:10:00,acc4,"Quote of the day: ""The world isn't perfect, but it's beautiful."" 📚",4820,❤️
4837,2026-01-08 01:12:00,acc1,Who's your favorite character from Jujutsu Kaisen? 😎,4824,💯
4838,2026-01-08 01:14:00,acc2,My favorite moment in Dragon Ball still gives me chills 📚,4828,😎
4839,2026-01-08 01:16:00,acc3,"Quote of the day: ""A lesson without pain is meaningless."" 🙌",4823,😭
4840,2026-01-08 01:18:00,acc4,Opening theme has been stuck in my head. 🤔,,👍
4841,2026-01-08 01:20:00,acc1,Anyone watching Solo Leveling lately? 😭,,😂
4842,2026-01-08 01:22:00,acc2,"Quote of the day: ""Power comes in response to a need."" ❤️",,😭
4843,2026-01-08 01:24:00,acc3,No spoilers please! 😂,,😂
4844,2026-01-08 01:26:00,acc4,I think today's episode was incredible! 🍜,,❤️
4845,2026-01-08 01:28:00,acc1,No spoilers please! ❤️,4836,😎
4846,2026-01-08 01:30:00,acc2,Anyone watching Demon Slayer lately? ✨,4836,❤️
4847,2026-01-08 01:32:00,acc3,Opening theme has been stuck in my head. 🤔,4836,😎
4848,2026-01-08 01:34:00,acc4,That animation quality was insane! 🤔,,😮
4849,2026-01-08 01:36:00,acc1,No spoilers please! 🔥,4835,👏
4850,2026-01-08 01:38:00,acc2,No spoilers please! 📚,4840,💯
4851,2026-01-08 01:40:00,acc3,That animation quality was insane! 😎,4846,
4852,2026-01-08 01:42:00,acc4,Random anime fact: Voice actors in Japan are called seiyuu. ✨,4849,😎
4853,2026-01-08 01:44:00,acc1,Random anime fact: One Piece is among the best-selling manga series. 🤔,,❤️
4854,2026-01-08 01:46:00,acc2,Opening theme has been stuck in my head. 🍜,4851,😭
4855,2026-01-08 01:48:00,acc3,Random anime fact: Many anime openings become chart-topping songs. ❤️,4842,💯
4856,2026-01-08 01:50:00,acc4,Random anime fact: Attack on Titan changed many viewers' expectations of anime. 😎,4854,😭
4857,2026-01-08 01:52:00,acc1,I think today's episode was incredible! ✨,,😂
4858,2026-01-08 01:54:00,acc2,"Quote of the day: ""The world isn't perfect, but it's beautiful."" 😀",,😎
4859,2026-01-08 01:56:00,acc3,Who's your favorite character from Death Note? ❤️,,❤️
4860,2026-01-08 01:58:00,acc4,No spoilers please! 💯,,🔥
4861,2026-01-08 02:00:00,acc1,I think today's episode was incredible! 🍜,4850,💯
4862,2026-01-08 02:02:00,acc2,I'm rewatching Demon Slayer this weekend. 🍜,4857,👍
4863,2026-01-08 02:04:00,acc3,I think today's episode was incredible! ❤️,4858,
4864,2026-01-08 02:06:00,acc4,I'm rewatching Death Note this weekend. 🔥,,😂
4865,2026-01-08 02:08:00,acc1,I'm rewatching Demon Slayer this weekend. 🍜,4849,😮
4866,2026-01-08 02:10:00,acc2,Random anime fact: Studio Ghibli films are famous for hand-drawn animation. 🎉,,👏
4867,2026-01-08 02:12:00,acc3,"Quote of the day: ""Keep moving forward."" 👀",4863,😭
4868,2026-01-08 02:14:00,acc4,My favorite moment in My Hero Academia still gives me chills 😎,,😭
4869,2026-01-08 02:16:00,acc1,Who's your favorite character from Bleach? 😭,,😭
4870,2026-01-08 02:18:00,acc2,I think today's episode was incredible! 🍜,,👍
4871,2026-01-08 02:20:00,acc3,Who's your favorite character from Frieren? 💯,4861,😭
4872,2026-01-08 02:22:00,acc4,Random anime fact: Voice actors in Japan are called seiyuu. 🙌,4857,😂
4873,2026-01-08 02:24:00,acc1,I think today's episode was incredible! 🤔,4871,😭
4874,2026-01-08 02:26:00,acc2,Random anime fact: Did you know? Anime is often adapted from manga or light novels. 📚,,
4875,2026-01-08 02:28:00,acc3,Opening theme has been stuck in my head. 🍜,4863,😂
4876,2026-01-08 02:30:00,acc4,That animation quality was insane! ⚡,,😎
4877,2026-01-08 02:32:00,acc1,Random anime fact: Voice actors in Japan are called seiyuu. 😂,4861,🔥
4878,2026-01-08 02:34:00,acc2,My favorite moment in Hunter x Hunter still gives me chills 😀,,😎
4879,2026-01-08 02:36:00,acc3,No spoilers please! 🔥,,👏
4880,2026-01-08 02:38:00,acc4,I think today's episode was incredible! 😀,4872,❤️
4881,2026-01-08 02:40:00,acc1,I think today's episode was incredible! 😂,4868,😭
4882,2026-01-08 02:42:00,acc2,I'm rewatching Steins;Gate this weekend. 😭,,😭
4883,2026-01-08 02:44:00,acc3,I'm rewatching Death Note this weekend. 🎉,,👏
4884,2026-01-08 02:46:00,acc4,Opening theme has been stuck in my head. 😭,,
4885,2026-01-08 02:48:00,acc1,Opening theme has been stuck in my head. 🤔,,
4886,2026-01-08 02:50:00,acc2,I think today's episode was incredible! 📚,,🔥
4887,2026-01-08 02:52:00,acc3,My favorite moment in Haikyuu!! still gives me chills 🙌,,😮
4888,2026-01-08 02:54:00,acc4,"Quote of the day: ""People's dreams never end."" ✨",4874,👏
4889,2026-01-08 02:56:00,acc1,Anyone watching Jujutsu Kaisen lately? 🔥,4887,😎
4890,2026-01-08 02:58:00,acc2,I think today's episode was incredible! 💯,,❤️
4891,2026-01-08 03:00:00,acc3,I think today's episode was incredible! 🍜,4886,😮
4892,2026-01-08 03:02:00,acc4,"Quote of the day: ""People's dreams never end."" 🎉",,😂
4893,2026-01-08 03:04:00,acc1,Opening theme has been stuck in my head. 🎉,4884,🔥
4894,2026-01-08 03:06:00,acc2,Who's your favorite character from One Piece? 🔥,4881,👏
4895,2026-01-08 03:08:00,acc3,Random anime fact: Voice actors in Japan are called seiyuu. 🎉,4883,😮
4896,2026-01-08 03:10:00,acc4,"Quote of the day: ""A lesson without pain is meaningless."" 👀",4886,🔥
4897,2026-01-08 03:12:00,acc1,Who's your favorite character from Frieren? 👀,,❤️
4898,2026-01-08 03:14:00,acc2,I'm rewatching Naruto this weekend. 🤔,4891,
4899,2026-01-08 03:16:00,acc3,I'm rewatching Naruto this weekend. 😎,4887,❤️
4900,2026-01-08 03:18:00,acc4,Random anime fact: Many anime openings become chart-topping songs. 📚,,💯
4901,2026-01-08 03:20:00,acc1,Opening theme has been stuck in my head. 📚,,❤️
4902,2026-01-08 03:22:00,acc2,No spoilers please! 😎,4893,❤️
4903,2026-01-08 03:24:00,acc3,Opening theme has been stuck in my head. 🎉,,😂
4904,2026-01-08 03:26:00,acc4,My favorite moment in My Hero Academia still gives me chills 😭,,🔥
4905,2026-01-08 03:28:00,acc1,My favorite moment in Frieren still gives me chills 🎉,,😂
4906,2026-01-08 03:30:00,acc2,My favorite moment in Bleach still gives me chills ✨,4890,❤️
4907,2026-01-08 03:32:00,acc3,Anyone watching Frieren lately? ✨,,😎
4908,2026-01-08 03:34:00,acc4,No spoilers please! 💯,4901,💯
4909,2026-01-08 03:36:00,acc1,"Quote of the day: ""Power comes in response to a need."" 🔥",,
4910,2026-01-08 03:38:00,acc2,Opening theme has been stuck in my head. 🍜,,😂
4911,2026-01-08 03:40:00,acc3,I think today's episode was incredible! ❤️,,😎
4912,2026-01-08 03:42:00,acc4,"Quote of the day: ""The world isn't perfect, but it's beautiful."" 🔥",4910,💯
4913,2026-01-08 03:44:00,acc1,My favorite moment in Death Note still gives me chills 📚,4898,👍
4914,2026-01-08 03:46:00,acc2,Opening theme has been stuck in my head. 📚,,❤️
4915,2026-01-08 03:48:00,acc3,Anyone watching Death Note lately? 🤔,,🔥
4916,2026-01-08 03:50:00,acc4,Who's your favorite character from Demon Slayer? 😎,4906,👍
4917,2026-01-08 03:52:00,acc1,No spoilers please! 📚,4907,👏
4918,2026-01-08 03:54:00,acc2,I think today's episode was incredible! ⚡,4904,👏
4919,2026-01-08 03:56:00,acc3,That animation quality was insane! 😂,4906,❤️
4920,2026-01-08 03:58:00,acc4,I'm rewatching Haikyuu!! this weekend. 💯,4912,❤️
4921,2026-01-08 04:00:00,acc1,I'm rewatching Bleach this weekend. 🤔,4905,🔥
4922,2026-01-08 04:02:00,acc2,That animation quality was insane! 😭,4906,👍
4923,2026-01-08 04:04:00,acc3,That animation quality was insane! 😎,4920,💯
4924,2026-01-08 04:06:00,acc4,Random anime fact: Many anime openings become chart-topping songs. ❤️,4911,🔥
4925,2026-01-08 04:08:00,acc1,My favorite moment in My Hero Academia still gives me chills ⚡,4914,😎
4926,2026-01-08 04:10:00,acc2,My favorite moment in One Piece still gives me chills ⚡,,👍
4927,2026-01-08 04:12:00,acc3,"Quote of the day: ""A lesson without pain is meaningless."" 🔥",,👍
4928,2026-01-08 04:14:00,acc4,I'm rewatching Haikyuu!! this weekend. 🎉,,😎
4929,2026-01-08 04:16:00,acc1,I'm rewatching Fullmetal Alchemist this weekend. ❤️,,👍
4930,2026-01-08 04:18:00,acc2,I think today's episode was incredible! ✨,4927,😂
4931,2026-01-08 04:20:00,acc3,Who's your favorite character from Dragon Ball? 🙌,,❤️
4932,2026-01-08 04:22:00,acc4,Opening theme has been stuck in my head. 📚,4928,👍
4933,2026-01-08 04:24:00,acc1,Random anime fact: Studio Ghibli films are famous for hand-drawn animation. 🍜,4920,💯
4934,2026-01-08 04:26:00,acc2,"Quote of the day: ""Keep moving forward."" 📚",4925,🔥
4935,2026-01-08 04:28:00,acc3,"Quote of the day: ""A lesson without pain is meaningless."" 🔥",4919,😮
4936,2026-01-08 04:30:00,acc4,I think today's episode was incredible! ⚡,4926,💯
4937,2026-01-08 04:32:00,acc1,I'm rewatching Steins;Gate this weekend. 🙌,4925,❤️
4938,2026-01-08 04:34:00,acc2,My favorite moment in Haikyuu!! still gives me chills 🎉,,💯
4939,2026-01-08 04:36:00,acc3,I think today's episode was incredible! 🤔,4932,😭
4940,2026-01-08 04:38:00,acc4,Who's your favorite character from Death Note? 😂,,😮
4941,2026-01-08 04:40:00,acc1,Who's your favorite character from One Piece? 😂,,❤️
4942,2026-01-08 04:42:00,acc2,My favorite moment in Dragon Ball still gives me chills ✨,4937,🔥
4943,2026-01-08 04:44:00,acc3,No spoilers please! 😭,,❤️
4944,2026-01-08 04:46:00,acc4,"Quote of the day: ""People's dreams never end."" 🍜",4929,❤️
4945,2026-01-08 04:48:00,acc1,I think today's episode was incredible! 🎉,,😮
4946,2026-01-08 04:50:00,acc2,That animation quality was insane! 🔥,4933,💯
4947,2026-01-08 04:52:00,acc3,My favorite moment in Steins;Gate still gives me chills ⚡,4943,👍
4948,2026-01-08 04:54:00,acc4,I think today's episode was incredible! 💯,,👏
4949,2026-01-08 04:56:00,acc1,That animation quality was insane! 🎉,,🔥
4950,2026-01-08 04:58:00,acc2,That animation quality was insane! 👀,4936,😂
4951,2026-01-08 05:00:00,acc3,That animation quality was insane! ✨,4942,😮
4952,2026-01-08 05:02:00,acc4,I'm rewatching Jujutsu Kaisen this weekend. 💯,4948,🔥
4953,2026-01-08 05:04:00,acc1,I think today's episode was incredible! ✨,4950,👍
4954,2026-01-08 05:06:00,acc2,Opening theme has been stuck in my head. 😀,,👍
4955,2026-01-08 05:08:00,acc3,No spoilers please! 😀,,🔥
4956,2026-01-08 05:10:00,acc4,Anyone watching Vinland Saga lately? 🍜,,😎
4957,2026-01-08 05:12:00,acc1,I'm rewatching Steins;Gate this weekend. ❤️,4941,👍
4958,2026-01-08 05:14:00,acc2,Opening theme has been stuck in my head. 📚,,
4959,2026-01-08 05:16:00,acc3,Random anime fact: Many anime openings become chart-topping songs. 😎,4948,😮
4960,2026-01-08 05:18:00,acc4,Opening theme has been stuck in my head. 😭,,😂
4961,2026-01-08 05:20:00,acc1,I think today's episode was incredible! 🍜,4947,😭
4962,2026-01-08 05:22:00,acc2,Anyone watching Solo Leveling lately? 😀,,❤️
4963,2026-01-08 05:24:00,acc3,I'm rewatching My Hero Academia this weekend. 😎,4959,😮
4964,2026-01-08 05:26:00,acc4,I think today's episode was incredible! ❤️,4961,💯
4965,2026-01-08 05:28:00,acc1,Random anime fact: Attack on Titan changed many viewers' expectations of anime. 🍜,,😎
4966,2026-01-08 05:30:00,acc2,Anyone watching Death Note lately? 💯,,😭
4967,2026-01-08 05:32:00,acc3,Random anime fact: One Piece is among the best-selling manga series. 😂,4960,😮
4968,2026-01-08 05:34:00,acc4,"Quote of the day: ""The world isn't perfect, but it's beautiful."" 😂",,😮
4969,2026-01-08 05:36:00,acc1,Who's your favorite character from Frieren? 😂,,🔥
4970,2026-01-08 05:38:00,acc2,Random anime fact: Many anime openings become chart-topping songs. 🎉,4968,😎
4971,2026-01-08 05:40:00,acc3,Random anime fact: Many anime openings become chart-topping songs. ⚡,4967,😭
4972,2026-01-08 05:42:00,acc4,No spoilers please! 👀,,🔥
4973,2026-01-08 05:44:00,acc1,I think today's episode was incredible! 📚,,😭
4974,2026-01-08 05:46:00,acc2,No spoilers please! 🤔,4972,❤️
4975,2026-01-08 05:48:00,acc3,Opening theme has been stuck in my head. 🎉,,👍
4976,2026-01-08 05:50:00,acc4,My favorite moment in Death Note still gives me chills 😂,4961,❤️
4977,2026-01-08 05:52:00,acc1,That animation quality was insane! 😎,4962,❤️
4978,2026-01-08 05:54:00,acc2,I think today's episode was incredible! ⚡,4964,😮
4979,2026-01-08 05:56:00,acc3,No spoilers please! 📚,4975,👏
4980,2026-01-08 05:58:00,acc4,I'm rewatching Demon Slayer this weekend. 🙌,4972,😭
4981,2026-01-08 06:00:00,acc1,No spoilers please! ⚡,4966,😂
4982,2026-01-08 06:02:00,acc2,My favorite moment in Solo Leveling still gives me chills 🤔,,😎
4983,2026-01-08 06:04:00,acc3,Random anime fact: Attack on Titan changed many viewers' expectations of anime. 🎉,,
4984,2026-01-08 06:06:00,acc4,That animation quality was insane! 💯,,👍
4985,2026-01-08 06:08:00,acc1,"Quote of the day: ""The world isn't perfect, but it's beautiful."" 🤔",4972,
4986,2026-01-08 06:10:00,acc2,Who's your favorite character from Dragon Ball? 😭,,😎
4987,2026-01-08 06:12:00,acc3,Anyone watching Jujutsu Kaisen lately? 🍜,,😭
4988,2026-01-08 06:14:00,acc4,Anyone watching One Piece lately? 🍜,,🔥
4989,2026-01-08 06:16:00,acc1,No spoilers please! ✨,4979,💯
4990,2026-01-08 06:18:00,acc2,Anyone watching Hunter x Hunter lately? ⚡,4988,😎
4991,2026-01-08 06:20:00,acc3,Opening theme has been stuck in my head. 😎,,💯
4992,2026-01-08 06:22:00,acc4,I'm rewatching Death Note this weekend. ✨,4990,😂
4993,2026-01-08 06:24:00,acc1,I'm rewatching Vinland Saga this weekend. 🍜,4987,😮
4994,2026-01-08 06:26:00,acc2,Random anime fact: One Piece is among the best-selling manga series. ⚡,,💯
4995,2026-01-08 06:28:00,acc3,Opening theme has been stuck in my head. 😂,4987,❤️
4996,2026-01-08 06:30:00,acc4,I'm rewatching My Hero Academia this weekend. ⚡,4980,👍
4997,2026-01-08 06:32:00,acc1,Random anime fact: Studio Ghibli films are famous for hand-drawn animation. 🎉,4981,😂
4998,2026-01-08 06:34:00,acc2,"Quote of the day: ""The world isn't perfect, but it's beautiful."" 👀",,😂
4999,2026-01-08 06:36:00,acc3,Random anime fact: Many anime openings become chart-topping songs. 🤔,4988,😭
5000,2026-01-08 06:38:00,acc4,Anyone watching Hunter x Hunter lately? 👀,4991,😮
5001,2026-01-08 06:40:00,acc1,I think today's episode was incredible! ❤️,,😎
5002,2026-01-08 06:42:00,acc2,I'm rewatching Solo Leveling this weekend. 😎,,😭
5003,2026-01-08 06:44:00,acc3,No spoilers please! 🤔,,
5004,2026-01-08 06:46:00,acc4,"Quote of the day: ""Power comes in response to a need."" 🍜",,💯
5005,2026-01-08 06:48:00,acc1,That animation quality was insane! ⚡,,😮
5006,2026-01-08 06:50:00,acc2,That animation quality was insane! 🤔,,😎
5007,2026-01-08 06:52:00,acc3,"Quote of the day: ""A lesson without pain is meaningless."" 📚",4993,😂
5008,2026-01-08 06:54:00,acc4,Anyone watching Solo Leveling lately? 😂,,🔥
5009,2026-01-08 06:56:00,acc1,No spoilers please! 😀,4997,😂
5010,2026-01-08 06:58:00,acc2,I'm rewatching Fullmetal Alchemist this weekend. ❤️,,🔥
5011,2026-01-08 07:00:00,acc3,My favorite moment in Fullmetal Alchemist still gives me chills 💯,5003,😎
5012,2026-01-08 07:02:00,acc4,That animation quality was insane! 🤔,4997,😂
5013,2026-01-08 07:04:00,acc1,No spoilers please! 📚,4997,😮
5014,2026-01-08 07:06:00,acc2,Opening theme has been stuck in my head. 😂,5009,👏
5015,2026-01-08 07:08:00,acc3,That animation quality was insane! 👀,5013,💯
5016,2026-01-08 07:10:00,acc4,Who's your favorite character from Frieren? 😎,5011,😂
5017,2026-01-08 07:12:00,acc1,No spoilers please! 💯,5008,
5018,2026-01-08 07:14:00,acc2,I think today's episode was incredible! 😀,,😂
5019,2026-01-08 07:16:00,acc3,No spoilers please! 😭,5012,🔥
5020,2026-01-08 07:18:00,acc4,No spoilers please! ✨,,
5021,2026-01-08 07:20:00,acc1,Opening theme has been stuck in my head. ⚡,5012,😎
5022,2026-01-08 07:22:00,acc2,I think today's episode was incredible! 😂,,😂
5023,2026-01-08 07:24:00,acc3,Opening theme has been stuck in my head. 🤔,5013,👏
5024,2026-01-08 07:26:00,acc4,I think today's episode was incredible! 🔥,,💯
5025,2026-01-08 07:28:00,acc1,Anyone watching Vinland Saga lately? 😭,,😭
5026,2026-01-08 07:30:00,acc2,I'm rewatching Hunter x Hunter this weekend. 😭,,😮
5027,2026-01-08 07:32:00,acc3,Opening theme has been stuck in my head. ✨,,
5028,2026-01-08 07:34:00,acc4,No spoilers please! ❤️,,😮
5029,2026-01-08 07:36:00,acc1,Random anime fact: One Piece is among the best-selling manga series. 🔥,,👏
5030,2026-01-08 07:38:00,acc2,"Quote of the day: ""The world isn't perfect, but it's beautiful."" 😎",5020,🔥
5031,2026-01-08 07:40:00,acc3,Opening theme has been stuck in my head. 📚,,🔥
5032,2026-01-08 07:42:00,acc4,I think today's episode was incredible! 😭,,👏
5033,2026-01-08 07:44:00,acc1,No spoilers please! 😀,5017,👍
5034,2026-01-08 07:46:00,acc2,Random anime fact: Many anime openings become chart-topping songs. 😀,5025,🔥
5035,2026-01-08 07:48:00,acc3,Random anime fact: Many anime openings become chart-topping songs. ❤️,,💯
5036,2026-01-08 07:50:00,acc4,"Quote of the day: ""A lesson without pain is meaningless."" 🔥",,😎
5037,2026-01-08 07:52:00,acc1,Opening theme has been stuck in my head. ❤️,5027,💯
5038,2026-01-08 07:54:00,acc2,Anyone watching One Piece lately? 😂,5026,😎
5039,2026-01-08 07:56:00,acc3,I'm rewatching Vinland Saga this weekend. 🙌,,😂
5040,2026-01-08 07:58:00,acc4,I'm rewatching Vinland Saga this weekend. 📚,5032,
5041,2026-01-08 08:00:00,acc1,I think today's episode was incredible! ✨,5035,😮
5042,2026-01-08 08:02:00,acc2,Anyone watching Bleach lately? 🎉,5035,👍
5043,2026-01-08 08:04:00,acc3,That animation quality was insane! 📚,,👏
5044,2026-01-08 08:06:00,acc4,I'm rewatching Attack on Titan this weekend. 🤔,5039,😮
5045,2026-01-08 08:08:00,acc1,Who's your favorite character from Vinland Saga? 🍜,,😭
5046,2026-01-08 08:10:00,acc2,I'm rewatching Fullmetal Alchemist this weekend. ✨,5044,👍
5047,2026-01-08 08:12:00,acc3,Anyone watching Solo Leveling lately? 👀,5037,💯
5048,2026-01-08 08:14:00,acc4,I'm rewatching Dragon Ball this weekend. ❤️,5046,😮
5049,2026-01-08 08:16:00,acc1,No spoilers please! 👀,5041,😎
5050,2026-01-08 08:18:00,acc2,Who's your favorite character from Hunter x Hunter? ❤️,,
5051,2026-01-08 08:20:00,acc3,"Quote of the day: ""Power comes in response to a need."" 👀",5041,😂
5052,2026-01-08 08:22:00,acc4,Anyone watching Solo Leveling lately? ❤️,5045,
5053,2026-01-08 08:24:00,acc1,Opening theme has been stuck in my head. 🎉,5039,😮
5054,2026-01-08 08:26:00,acc2,Who's your favorite character from Hunter x Hunter? 🤔,5047,👏
5055,2026-01-08 08:28:00,acc3,My favorite moment in Demon Slayer still gives me chills 🍜,5045,👍
5056,2026-01-08 08:30:00,acc4,Anyone watching Hunter x Hunter lately? 😂,5040,🔥
5057,2026-01-08 08:32:00,acc1,Who's your favorite character from Solo Leveling? 👀,,👍
5058,2026-01-08 08:34:00,acc2,I'm rewatching Frieren this weekend. ❤️,,😭
5059,2026-01-08 08:36:00,acc3,Opening theme has been stuck in my head. 🙌,,❤️
5060,2026-01-08 08:38:00,acc4,My favorite moment in Vinland Saga still gives me chills 🔥,5044,🔥
5061,2026-01-08 08:40:00,acc1,No spoilers please! 🤔,5056,😎
5062,2026-01-08 08:42:00,acc2,Anyone watching Bleach lately? 📚,,😮
5063,2026-01-08 08:44:00,acc3,"Quote of the day: ""Keep moving forward."" 👀",,👏
5064,2026-01-08 08:46:00,acc4,That animation quality was insane! 🙌,,🔥
5065,2026-01-08 08:48:00,acc1,Anyone watching Solo Leveling lately? 🎉,,👏
5066,2026-01-08 08:50:00,acc2,My favorite moment in Death Note still gives me chills 😀,5064,👍
5067,2026-01-08 08:52:00,acc3,I think today's episode was incredible! 🎉,5052,😎
5068,2026-01-08 08:54:00,acc4,That animation quality was insane! 😀,5062,❤️
5069,2026-01-08 08:56:00,acc1,Opening theme has been stuck in my head. 🎉,,💯
5070,2026-01-08 08:58:00,acc2,My favorite moment in Dragon Ball still gives me chills 🤔,5064,
5071,2026-01-08 09:00:00,acc3,I'm rewatching Hunter x Hunter this weekend. ✨,,💯
5072,2026-01-08 09:02:00,acc4,No spoilers please! 😀,,😮
5073,2026-01-08 09:04:00,acc1,Random anime fact: Attack on Titan changed many viewers' expectations of anime. 🙌,5070,😎
5074,2026-01-08 09:06:00,acc2,My favorite moment in Dragon Ball still gives me chills 📚,5059,😂
5075,2026-01-08 09:08:00,acc3,"Quote of the day: ""A lesson without pain is meaningless."" 😂",,👏
5076,2026-01-08 09:10:00,acc4,Who's your favorite character from Demon Slayer? 👀,,👍
5077,2026-01-08 09:12:00,acc1,I'm rewatching Fullmetal Alchemist this weekend. 📚,5069,😎
5078,2026-01-08 09:14:00,acc2,I'm rewatching Dragon Ball this weekend. 🙌,,👍
5079,2026-01-08 09:16:00,acc3,Random anime fact: One Piece is among the best-selling manga series. 😂,5075,😂
5080,2026-01-08 09:18:00,acc4,Anyone watching Naruto lately? 📚,5073,👏
5081,2026-01-08 09:20:00,acc1,My favorite moment in Bleach still gives me chills ⚡,,❤️
5082,2026-01-08 09:22:00,acc2,My favorite moment in Vinland Saga still gives me chills ✨,5076,😂
5083,2026-01-08 09:24:00,acc3,Opening theme has been stuck in my head. 🍜,5070,👍
5084,2026-01-08 09:26:00,acc4,No spoilers please! 👀,5077,😂
5085,2026-01-08 09:28:00,acc1,My favorite moment in Naruto still gives me chills ❤️,5082,👏
5086,2026-01-08 09:30:00,acc2,Opening theme has been stuck in my head. 🙌,5083,❤️
5087,2026-01-08 09:32:00,acc3,My favorite moment in One Piece still gives me chills 💯,5077,😎
5088,2026-01-08 09:34:00,acc4,I think today's episode was incredible! 😀,,❤️
5089,2026-01-08 09:36:00,acc1,That animation quality was insane! 🎉,,❤️
5090,2026-01-08 09:38:00,acc2,No spoilers please! 🙌,5078,😮
5091,2026-01-08 09:40:00,acc3,My favorite moment in Vinland Saga still gives me chills 🙌,5082,❤️
5092,2026-01-08 09:42:00,acc4,"Quote of the day: ""Keep moving forward."" 🍜",,
5093,2026-01-08 09:44:00,acc1,I think today's episode was incredible! 👀,,💯
5094,2026-01-08 09:46:00,acc2,No spoilers please! 🍜,,😂
5095,2026-01-08 09:48:00,acc3,That animation quality was insane! 😭,5082,
5096,2026-01-08 09:50:00,acc4,Who's your favorite character from Dragon Ball? ⚡,,😮
5097,2026-01-08 09:52:00,acc1,Opening theme has been stuck in my head. 💯,5085,
5098,2026-01-08 09:54:00,acc2,That animation quality was insane! 📚,,🔥
5099,2026-01-08 09:56:00,acc3,That animation quality was insane! 🎉,5097,
5100,2026-01-08 09:58:00,acc4,That animation quality was insane! 😂,5088,😭
5101,2026-01-08 10:00:00,acc1,I'm rewatching Jujutsu Kaisen this weekend. 😂,5095,💯
5102,2026-01-08 10:02:00,acc2,That animation quality was insane! 🔥,,😭
5103,2026-01-08 10:04:00,acc3,That animation quality was insane! 🎉,,😎
5104,2026-01-08 10:06:00,acc4,"Quote of the day: ""People's dreams never end."" 🎉",,😎
5105,2026-01-08 10:08:00,acc1,No spoilers please! 📚,5099,💯
5106,2026-01-08 10:10:00,acc2,That animation quality was insane! 😂,,😂
5107,2026-01-08 10:12:00,acc3,Who's your favorite character from Death Note? 🍜,,❤️
5108,2026-01-08 10:14:00,acc4,My favorite moment in Dragon Ball still gives me chills ❤️,5094,👏
5109,2026-01-08 10:16:00,acc1,I think today's episode was incredible! ❤️,,💯
5110,2026-01-08 10:18:00,acc2,No spoilers please! 🤔,5098,
5111,2026-01-08 10:20:00,acc3,My favorite moment in Haikyuu!! still gives me chills 🔥,,👍
5112,2026-01-08 10:22:00,acc4,I think today's episode was incredible! 💯,5110,🔥
5113,2026-01-08 10:24:00,acc1,My favorite moment in Solo Leveling still gives me chills ❤️,5102,💯
5114,2026-01-08 10:26:00,acc2,Opening theme has been stuck in my head. 🍜,,😂
5115,2026-01-08 10:28:00,acc3,My favorite moment in Hunter x Hunter still gives me chills 🙌,,❤️
5116,2026-01-08 10:30:00,acc4,Who's your favorite character from Jujutsu Kaisen? 📚,5103,❤️
5117,2026-01-08 10:32:00,acc1,Anyone watching Steins;Gate lately? 😎,5109,😭
5118,2026-01-08 10:34:00,acc2,I'm rewatching Hunter x Hunter this weekend. 💯,5109,
5119,2026-01-08 10:36:00,acc3,Random anime fact: Many anime openings become chart-topping songs. 😀,,❤️
5120,2026-01-08 10:38:00,acc4,My favorite moment in Vinland Saga still gives me chills ❤️,,
5121,2026-01-08 10:40:00,acc1,Anyone watching Bleach lately? 💯,5117,
5122,2026-01-08 10:42:00,acc2,That animation quality was insane! 🔥,,😭
5123,2026-01-08 10:44:00,acc3,No spoilers please! 🤔,5111,👏
5124,2026-01-08 10:46:00,acc4,Who's your favorite character from Jujutsu Kaisen? 🎉,5116,😂
5125,2026-01-08 10:48:00,acc1,Random anime fact: Many anime openings become chart-topping songs. 🍜,,😮
5126,2026-01-08 10:50:00,acc2,I think today's episode was incredible! ❤️,,😭
5127,2026-01-08 10:52:00,acc3,Anyone watching Demon Slayer lately? 🤔,5115,👏
5128,2026-01-08 10:54:00,acc4,No spoilers please! 🙌,,😭
5129,2026-01-08 10:56:00,acc1,That animation quality was insane! ⚡,5119,💯
5130,2026-01-08 10:58:00,acc2,No spoilers please! ✨,5118,👏
5131,2026-01-08 11:00:00,acc3,I'm rewatching My Hero Academia this weekend. 😀,,❤️
5132,2026-01-08 11:02:00,acc4,I think today's episode was incredible! ✨,5117,👏
5133,2026-01-08 11:04:00,acc1,Anyone watching Jujutsu Kaisen lately? 😂,5121,❤️
5134,2026-01-08 11:06:00,acc2,My favorite moment in Steins;Gate still gives me chills 😀,,💯
5135,2026-01-08 11:08:00,acc3,Random anime fact: Studio Ghibli films are famous for hand-drawn animation. 🤔,5132,
5136,2026-01-08 11:10:00,acc4,I'm rewatching Haikyuu!! this weekend. 🙌,,🔥
5137,2026-01-08 11:12:00,acc1,Opening theme has been stuck in my head. 🎉,5122,❤️
5138,2026-01-08 11:14:00,acc2,"Quote of the day: ""A lesson without pain is meaningless."" 🍜",5134,
5139,2026-01-08 11:16:00,acc3,Opening theme has been stuck in my head. 😭,5124,👍
5140,2026-01-08 11:18:00,acc4,Who's your favorite character from Naruto? 🎉,,😮
5141,2026-01-08 11:20:00,acc1,I think today's episode was incredible! 🙌,5136,💯
5142,2026-01-08 11:22:00,acc2,No spoilers please! ✨,,😭
5143,2026-01-08 11:24:00,acc3,I think today's episode was incredible! 😂,5129,😭
5144,2026-01-08 11:26:00,acc4,"Quote of the day: ""The world isn't perfect, but it's beautiful."" 😭",5135,😮
5145,2026-01-08 11:28:00,acc1,Random anime fact: Voice actors in Japan are called seiyuu. 😂,,🔥
5146,2026-01-08 11:30:00,acc2,I'm rewatching Solo Leveling this weekend. 😀,,😭
5147,2026-01-08 11:32:00,acc3,No spoilers please! 😎,,💯
5148,2026-01-08 11:34:00,acc4,I'm rewatching My Hero Academia this weekend. ⚡,,😭
5149,2026-01-08 11:36:00,acc1,That animation quality was insane! 😭,5145,👏
5150,2026-01-08 11:38:00,acc2,I'm rewatching Haikyuu!! this weekend. 💯,,😂
5151,2026-01-08 11:40:00,acc3,Random anime fact: Attack on Titan changed many viewers' expectations of anime. 😂,5145,😎
5152,2026-01-08 11:42:00,acc4,"Quote of the day: ""Keep moving forward."" 🍜",5144,💯
5153,2026-01-08 11:44:00,acc1,Who's your favorite character from Demon Slayer? 🎉,5139,💯
5154,2026-01-08 11:46:00,acc2,"Quote of the day: ""A lesson without pain is meaningless."" 👀",,👍
5155,2026-01-08 11:48:00,acc3,Opening theme has been stuck in my head. 💯,5145,
5156,2026-01-08 11:50:00,acc4,That animation quality was insane! 📚,,💯
5157,2026-01-08 11:52:00,acc1,"Quote of the day: ""Keep moving forward."" 🤔",,🔥
5158,2026-01-08 11:54:00,acc2,I think today's episode was incredible! ❤️,5153,😮
5159,2026-01-08 11:56:00,acc3,Who's your favorite character from Bleach? 💯,5155,💯
5160,2026-01-08 11:58:00,acc4,Random anime fact: Did you know? Anime is often adapted from manga or light novels. 😎,,💯
5161,2026-01-08 12:00:00,acc1,My favorite moment in Hunter x Hunter still gives me chills 💯,5156,👍
5162,2026-01-08 12:02:00,acc2,That animation quality was insane! 🎉,,😎
5163,2026-01-08 12:04:00,acc3,I think today's episode was incredible! 🙌,5161,👏
5164,2026-01-08 12:06:00,acc4,My favorite moment in Dragon Ball still gives me chills 🔥,5155,
5165,2026-01-08 12:08:00,acc1,That animation quality was insane! 🎉,,💯
5166,2026-01-08 12:10:00,acc2,I'm rewatching Solo Leveling this weekend. 🔥,,💯
5167,2026-01-08 12:12:00,acc3,Opening theme has been stuck in my head. 🤔,,😎
5168,2026-01-08 12:14:00,acc4,Who's your favorite character from Vinland Saga? 🍜,,😮
5169,2026-01-08 12:16:00,acc1,No spoilers please! ❤️,,😎
5170,2026-01-08 12:18:00,acc2,I'm rewatching Frieren this weekend. 🎉,5157,🔥
5171,2026-01-08 12:20:00,acc3,That animation quality was insane! 🍜,,👍
5172,2026-01-08 12:22:00,acc4,"Quote of the day: ""People's dreams never end."" 😂",5161,😮
5173,2026-01-08 12:24:00,acc1,"Quote of the day: ""Power comes in response to a need."" 🔥",,😮
5174,2026-01-08 12:26:00,acc2,My favorite moment in Death Note still gives me chills 🎉,,
5175,2026-01-08 12:28:00,acc3,No spoilers please! 🍜,5160,💯
5176,2026-01-08 12:30:00,acc4,Who's your favorite character from Steins;Gate? 😀,5172,
5177,2026-01-08 12:32:00,acc1,No spoilers please! ❤️,5161,💯
5178,2026-01-08 12:34:00,acc2,I'm rewatching My Hero Academia this weekend. 😭,5168,😭
5179,2026-01-08 12:36:00,acc3,That animation quality was insane! 💯,,😂
5180,2026-01-08 12:38:00,acc4,Who's your favorite character from Fullmetal Alchemist? 😭,,😂
5181,2026-01-08 12:40:00,acc1,That animation quality was insane! 🎉,5172,😂
5182,2026-01-08 12:42:00,acc2,My favorite moment in Steins;Gate still gives me chills ⚡,5178,👏
5183,2026-01-08 12:44:00,acc3,"Quote of the day: ""The world isn't perfect, but it's beautiful."" 👀",,😭
5184,2026-01-08 12:46:00,acc4,I think today's episode was incredible! 😂,,
5185,2026-01-08 12:48:00,acc1,Random anime fact: One Piece is among the best-selling manga series. ❤️,5182,💯
5186,2026-01-08 12:50:00,acc2,I think today's episode was incredible! ✨,,😎
5187,2026-01-08 12:52:00,acc3,No spoilers please! 📚,,
5188,2026-01-08 12:54:00,acc4,That animation quality was insane! ✨,5179,
5189,2026-01-08 12:56:00,acc1,That animation quality was insane! 🍜,,😭
5190,2026-01-08 12:58:00,acc2,Random anime fact: Voice actors in Japan are called seiyuu. ❤️,5187,😭
5191,2026-01-08 13:00:00,acc3,Who's your favorite character from Vinland Saga? 😭,5183,😭
5192,2026-01-08 13:02:00,acc4,Opening theme has been stuck in my head. 😎,5183,❤️
5193,2026-01-08 13:04:00,acc1,I'm rewatching Dragon Ball this weekend. 😎,5190,👏
5194,2026-01-08 13:06:00,acc2,Anyone watching Naruto lately? 😎,5181,😭
5195,2026-01-08 13:08:00,acc3,Anyone watching Death Note lately? 💯,5183,😎
5196,2026-01-08 13:10:00,acc4,Opening theme has been stuck in my head. 💯,,👍
5197,2026-01-08 13:12:00,acc1,No spoilers please! 😎,5181,😭
5198,2026-01-08 13:14:00,acc2,"Quote of the day: ""A lesson without pain is meaningless."" ✨",,😎
5199,2026-01-08 13:16:00,acc3,Random anime fact: One Piece is among the best-selling manga series. ❤️,5184,🔥
5200,2026-01-08 13:18:00,acc4,No spoilers please! 😎,,😮
5201,2026-01-08 13:20:00,acc1,"Quote of the day: ""A lesson without pain is meaningless."" ⚡",,😮
5202,2026-01-08 13:22:00,acc2,That animation quality was insane! 🙌,,😮
5203,2026-01-08 13:24:00,acc3,Random anime fact: Studio Ghibli films are famous for hand-drawn animation. 😀,,😎
5204,2026-01-08 13:26:00,acc4,Opening theme has been stuck in my head. 💯,,🔥
5205,2026-01-08 13:28:00,acc1,That animation quality was insane! 😎,,💯
5206,2026-01-08 13:30:00,acc2,"Quote of the day: ""People's dreams never end."" ❤️",5192,😭
5207,2026-01-08 13:32:00,acc3,Who's your favorite character from Fullmetal Alchemist? ⚡,,
5208,2026-01-08 13:34:00,acc4,My favorite moment in Jujutsu Kaisen still gives me chills 😎,,❤️
5209,2026-01-08 13:36:00,acc1,Anyone watching One Piece lately? 😭,5201,❤️
5210,2026-01-08 13:38:00,acc2,No spoilers please! 😎,,😭
5211,2026-01-08 13:40:00,acc3,No spoilers please! ❤️,,🔥
5212,2026-01-08 13:42:00,acc4,Who's your favorite character from One Piece? 😎,,👏
5213,2026-01-08 13:44:00,acc1,I'm rewatching My Hero Academia this weekend. 😎,5200,👏
5214,2026-01-08 13:46:00,acc2,Anyone watching One Piece lately? 😭,,😭
5215,2026-01-08 13:48:00,acc3,No spoilers please! 🍜,5205,😭
5216,2026-01-08 13:50:00,acc4,No spoilers please! 💯,5201,😂
5217,2026-01-08 13:52:00,acc1,My favorite moment in Demon Slayer still gives me chills 📚,5210,❤️
5218,2026-01-08 13:54:00,acc2,Who's your favorite character from Jujutsu Kaisen? ⚡,,
5219,2026-01-08 13:56:00,acc3,"Quote of the day: ""People's dreams never end."" 🙌",5206,😭
5220,2026-01-08 13:58:00,acc4,I think today's episode was incredible! 😀,5212,👍
5221,2026-01-08 14:00:00,acc1,Anyone watching Death Note lately? 🎉,5217,💯
5222,2026-01-08 14:02:00,acc2,That animation quality was insane! 🍜,,😭
5223,2026-01-08 14:04:00,acc3,No spoilers please! ❤️,5211,😭
5224,2026-01-08 14:06:00,acc4,Anyone watching Steins;Gate lately? 🎉,,😎
5225,2026-01-08 14:08:00,acc1,I think today's episode was incredible! 😭,5220,👍
5226,2026-01-08 14:10:00,acc2,I'm rewatching Frieren this weekend. 🔥,,👍
5227,2026-01-08 14:12:00,acc3,I'm rewatching One Piece this weekend. 🍜,5224,😎
5228,2026-01-08 14:14:00,acc4,Who's your favorite character from Hunter x Hunter? 🎉,,❤️
5229,2026-01-08 14:16:00,acc1,Opening theme has been stuck in my head. 🤔,5217,😮
5230,2026-01-08 14:18:00,acc2,Opening theme has been stuck in my head. ✨,5225,
5231,2026-01-08 14:20:00,acc3,Anyone watching Fullmetal Alchemist lately? 🔥,5229,👏
5232,2026-01-08 14:22:00,acc4,That animation quality was insane! 🔥,5228,👍
5233,2026-01-08 14:24:00,acc1,"Quote of the day: ""Power comes in response to a need."" 🔥",5227,👍
5234,2026-01-08 14:26:00,acc2,Opening theme has been stuck in my head. 💯,,🔥
5235,2026-01-08 14:28:00,acc3,Random anime fact: Did you know? Anime is often adapted from manga or light novels. 🍜,5224,💯
5236,2026-01-08 14:30:00,acc4,Anyone watching Dragon Ball lately? ❤️,,
5237,2026-01-08 14:32:00,acc1,Anyone watching Attack on Titan lately? 🎉,5231,😭
5238,2026-01-08 14:34:00,acc2,Random anime fact: Voice actors in Japan are called seiyuu. 😂,5232,
5239,2026-01-08 14:36:00,acc3,I think today's episode was incredible! ✨,,😮
5240,2026-01-08 14:38:00,acc4,No spoilers please! 💯,,👍
5241,2026-01-08 14:40:00,acc1,Anyone watching Haikyuu!! lately? 🎉,,❤️
5242,2026-01-08 14:42:00,acc2,Anyone watching Naruto lately? 📚,5231,😮
5243,2026-01-08 14:44:00,acc3,No spoilers please! ❤️,,😭
5244,2026-01-08 14:46:00,acc4,No spoilers please! 🎉,5230,😮
5245,2026-01-08 14:48:00,acc1,No spoilers please! ❤️,5234,❤️
5246,2026-01-08 14:50:00,acc2,"Quote of the day: ""A lesson without pain is meaningless."" 🍜",5243,😂
5247,2026-01-08 14:52:00,acc3,I think today's episode was incredible! 👀,5232,😎
5248,2026-01-08 14:54:00,acc4,I'm rewatching Solo Leveling this weekend. 🤔,5244,😎
5249,2026-01-08 14:56:00,acc1,Anyone watching Bleach lately? 👀,,😎
5250,2026-01-08 14:58:00,acc2,Opening theme has been stuck in my head. 🙌,,😮
5251,2026-01-08 15:00:00,acc3,That animation quality was insane! ⚡,,👏
5252,2026-01-08 15:02:00,acc4,No spoilers please! ✨,,❤️
5253,2026-01-08 15:04:00,acc1,Opening theme has been stuck in my head. ✨,,😮
5254,2026-01-08 15:06:00,acc2,"Quote of the day: ""Power comes in response to a need."" 😀",5238,😭
5255,2026-01-08 15:08:00,acc3,I think today's episode was incredible! 🤔,5251,🔥
5256,2026-01-08 15:10:00,acc4,My favorite moment in Dragon Ball still gives me chills ✨,5248,😂
5257,2026-01-08 15:12:00,acc1,I think today's episode was incredible! 🎉,,😭
5258,2026-01-08 15:14:00,acc2,Opening theme has been stuck in my head. 🤔,5247,😮
5259,2026-01-08 15:16:00,acc3,I'm rewatching Attack on Titan this weekend. ✨,,😮
5260,2026-01-08 15:18:00,acc4,Opening theme has been stuck in my head. ⚡,,😭
5261,2026-01-08 15:20:00,acc1,I think today's episode was incredible! 🍜,5254,😮
5262,2026-01-08 15:22:00,acc2,Who's your favorite character from Frieren? ⚡,5259,❤️
5263,2026-01-08 15:24:00,acc3,Opening theme has been stuck in my head. ❤️,,💯
5264,2026-01-08 15:26:00,acc4,I think today's episode was incredible! 🤔,5253,👍
5265,2026-01-08 15:28:00,acc1,Who's your favorite character from Demon Slayer? ⚡,5261,👍
5266,2026-01-08 15:30:00,acc2,Random anime fact: Studio Ghibli films are famous for hand-drawn animation. 🎉,5252,😭
5267,2026-01-08 15:32:00,acc3,I think today's episode was incredible! 😭,,❤️
5268,2026-01-08 15:34:00,acc4,"Quote of the day: ""People's dreams never end."" 🙌",,😭
5269,2026-01-08 15:36:00,acc1,I think today's episode was incredible! 😎,,🔥
5270,2026-01-08 15:38:00,acc2,I think today's episode was incredible! 👀,5259,💯
5271,2026-01-08 15:40:00,acc3,"Quote of the day: ""The world isn't perfect, but it's beautiful."" ✨",,😭
5272,2026-01-08 15:42:00,acc4,No spoilers please! 😀,5265,👏
5273,2026-01-08 15:44:00,acc1,Anyone watching One Piece lately? 😂,5269,👍
5274,2026-01-08 15:46:00,acc2,My favorite moment in Frieren still gives me chills ⚡,,👏
5275,2026-01-08 15:48:00,acc3,Random anime fact: Attack on Titan changed many viewers' expectations of anime. 🎉,,
5276,2026-01-08 15:50:00,acc4,That animation quality was insane! ❤️,5274,👍
5277,2026-01-08 15:52:00,acc1,No spoilers please! 😀,5275,😎
5278,2026-01-08 15:54:00,acc2,Anyone watching Dragon Ball lately? 😂,,😎
5279,2026-01-08 15:56:00,acc3,My favorite moment in Fullmetal Alchemist still gives me chills 😂,,🔥
5280,2026-01-08 15:58:00,acc4,Who's your favorite character from Demon Slayer? 😭,,
5281,2026-01-08 16:00:00,acc1,"Quote of the day: ""A lesson without pain is meaningless."" 🙌",5271,🔥
5282,2026-01-08 16:02:00,acc2,Anyone watching Death Note lately? 🔥,5280,🔥
5283,2026-01-08 16:04:00,acc3,My favorite moment in My Hero Academia still gives me chills 💯,5276,🔥
5284,2026-01-08 16:06:00,acc4,My favorite moment in Frieren still gives me chills ✨,5274,😭
5285,2026-01-08 16:08:00,acc1,Who's your favorite character from Vinland Saga? 🙌,5281,😂
5286,2026-01-08 16:10:00,acc2,No spoilers please! 😎,5272,😮
5287,2026-01-08 16:12:00,acc3,Who's your favorite character from Demon Slayer? 😭,5273,💯
5288,2026-01-08 16:14:00,acc4,I'm rewatching Frieren this weekend. 😎,5275,😂
5289,2026-01-08 16:16:00,acc1,"Quote of the day: ""The world isn't perfect, but it's beautiful."" 😭",,👏
5290,2026-01-08 16:18:00,acc2,I'm rewatching Bleach this weekend. ⚡,5278,😮
5291,2026-01-08 16:20:00,acc3,I'm rewatching Demon Slayer this weekend. ✨,5279,😮
5292,2026-01-08 16:22:00,acc4,Opening theme has been stuck in my head. 🎉,5281,🔥
5293,2026-01-08 16:24:00,acc1,That animation quality was insane! 🎉,,😂
5294,2026-01-08 16:26:00,acc2,Random anime fact: Attack on Titan changed many viewers' expectations of anime. 😀,5290,
5295,2026-01-08 16:28:00,acc3,That animation quality was insane! 🎉,,
5296,2026-01-08 16:30:00,acc4,No spoilers please! 💯,,❤️
5297,2026-01-08 16:32:00,acc1,Random anime fact: Voice actors in Japan are called seiyuu. 🎉,,😂
5298,2026-01-08 16:34:00,acc2,Random anime fact: One Piece is among the best-selling manga series. ⚡,,👍
5299,2026-01-08 16:36:00,acc3,I'm rewatching Hunter x Hunter this weekend. ❤️,5295,😮
5300,2026-01-08 16:38:00,acc4,No spoilers please! ❤️,,😮
5301,2026-01-08 16:40:00,acc1,Anyone watching Solo Leveling lately? ❤️,5297,👏
5302,2026-01-08 16:42:00,acc2,I think today's episode was incredible! 💯,5293,💯
5303,2026-01-08 16:44:00,acc3,No spoilers please! 😭,5287,👏
5304,2026-01-08 16:46:00,acc4,That animation quality was insane! 📚,5295,💯
5305,2026-01-08 16:48:00,acc1,Who's your favorite character from Steins;Gate? 👀,,💯
5306,2026-01-08 16:50:00,acc2,I think today's episode was incredible! 😀,,😮
5307,2026-01-08 16:52:00,acc3,Who's your favorite character from Vinland Saga? 📚,5293,👍
5308,2026-01-08 16:54:00,acc4,No spoilers please! 😂,,😮
5309,2026-01-08 16:56:00,acc1,I think today's episode was incredible! 🍜,,🔥
5310,2026-01-08 16:58:00,acc2,Opening theme has been stuck in my head. 😂,5299,👍
5311,2026-01-08 17:00:00,acc3,My favorite moment in Solo Leveling still gives me chills 💯,,👏
5312,2026-01-08 17:02:00,acc4,Who's your favorite character from Solo Leveling? 😂,5310,😂
5313,2026-01-08 17:04:00,acc1,I'm rewatching Demon Slayer this weekend. ✨,5303,🔥
5314,2026-01-08 17:06:00,acc2,Anyone watching Demon Slayer lately? 🙌,5300,🔥
5315,2026-01-08 17:08:00,acc3,That animation quality was insane! 😀,,😎
5316,2026-01-08 17:10:00,acc4,Anyone watching Bleach lately? 😀,,😂
5317,2026-01-08 17:12:00,acc1,I'm rewatching Bleach this weekend. 🤔,5311,😮
5318,2026-01-08 17:14:00,acc2,Anyone watching Vinland Saga lately? 👀,,😂
5319,2026-01-08 17:16:00,acc3,Opening theme has been stuck in my head. 🤔,5304,❤️
5320,2026-01-08 17:18:00,acc4,No spoilers please! 📚,5304,😮
5321,2026-01-08 17:20:00,acc1,I think today's episode was incredible! ⚡,,👍
5322,2026-01-08 17:22:00,acc2,Random anime fact: Did you know? Anime is often adapted from manga or light novels. 👀,5308,❤️
5323,2026-01-08 17:24:00,acc3,Who's your favorite character from Haikyuu!!? ⚡,,🔥
5324,2026-01-08 17:26:00,acc4,"Quote of the day: ""Power comes in response to a need."" ⚡",5310,👍
5325,2026-01-08 17:28:00,acc1,Random anime fact: Voice actors in Japan are called seiyuu. 👀,,🔥
5326,2026-01-08 17:30:00,acc2,That animation quality was insane! 😭,,👍
5327,2026-01-08 17:32:00,acc3,My favorite moment in Demon Slayer still gives me chills 😭,5316,👏
5328,2026-01-08 17:34:00,acc4,I'm rewatching One Piece this weekend. 😎,,👏
5329,2026-01-08 17:36:00,acc1,Anyone watching Jujutsu Kaisen lately? 🔥,5319,😭
5330,2026-01-08 17:38:00,acc2,I think today's episode was incredible! 🙌,,👍
5331,2026-01-08 17:40:00,acc3,I'm rewatching Dragon Ball this weekend. ✨,,
5332,2026-01-08 17:42:00,acc4,My favorite moment in One Piece still gives me chills 😂,5317,😎
5333,2026-01-08 17:44:00,acc1,Opening theme has been stuck in my head. 🍜,,😂
5334,2026-01-08 17:46:00,acc2,"Quote of the day: ""A lesson without pain is meaningless."" 👀",5332,🔥
5335,2026-01-08 17:48:00,acc3,No spoilers please! 😎,,
5336,2026-01-08 17:50:00,acc4,I'm rewatching Solo Leveling this weekend. 🤔,5334,😭
5337,2026-01-08 17:52:00,acc1,My favorite moment in Frieren still gives me chills 🍜,5324,👍
5338,2026-01-08 17:54:00,acc2,Who's your favorite character from Jujutsu Kaisen? 😭,,😎
5339,2026-01-08 17:56:00,acc3,My favorite moment in Solo Leveling still gives me chills 🙌,5325,👍
5340,2026-01-08 17:58:00,acc4,Who's your favorite character from Frieren? 🤔,5324,👏
5341,2026-01-08 18:00:00,acc1,"Quote of the day: ""Keep moving forward."" ❤️",,👏
5342,2026-01-08 18:02:00,acc2,"Quote of the day: ""The world isn't perfect, but it's beautiful."" ❤️",,😭
5343,2026-01-08 18:04:00,acc3,I'm rewatching Dragon Ball this weekend. ❤️,5327,👍
5344,2026-01-08 18:06:00,acc4,Who's your favorite character from Frieren? 🎉,,😭
5345,2026-01-08 18:08:00,acc1,I'm rewatching Naruto this weekend. 😂,,😮
5346,2026-01-08 18:10:00,acc2,Random anime fact: Did you know? Anime is often adapted from manga or light novels. 🍜,,
5347,2026-01-08 18:12:00,acc3,"Quote of the day: ""A lesson without pain is meaningless."" 🍜",5341,
5348,2026-01-08 18:14:00,acc4,No spoilers please! 💯,,😎
5349,2026-01-08 18:16:00,acc1,I'm rewatching Attack on Titan this weekend. 👀,,👏
5350,2026-01-08 18:18:00,acc2,Opening theme has been stuck in my head. 🙌,,❤️
5351,2026-01-08 18:20:00,acc3,I think today's episode was incredible! 🙌,5344,❤️
5352,2026-01-08 18:22:00,acc4,"Quote of the day: ""Keep moving forward."" ❤️",5337,😭
5353,2026-01-08 18:24:00,acc1,I'm rewatching Fullmetal Alchemist this weekend. 💯,,
5354,2026-01-08 18:26:00,acc2,That animation quality was insane! 😀,,😮
5355,2026-01-08 18:28:00,acc3,"Quote of the day: ""Power comes in response to a need."" 👀",5344,😭
5356,2026-01-08 18:30:00,acc4,That animation quality was insane! 🍜,5340,
5357,2026-01-08 18:32:00,acc1,Anyone watching Steins;Gate lately? 🍜,5355,👏
5358,2026-01-08 18:34:00,acc2,My favorite moment in Vinland Saga still gives me chills ⚡,5355,😂
5359,2026-01-08 18:36:00,acc3,That animation quality was insane! 📚,5356,❤️
5360,2026-01-08 18:38:00,acc4,Anyone watching Attack on Titan lately? ✨,5344,
5361,2026-01-08 18:40:00,acc1,My favorite moment in Hunter x Hunter still gives me chills 👀,5358,
5362,2026-01-08 18:42:00,acc2,I'm rewatching One Piece this weekend. 💯,,🔥
5363,2026-01-08 18:44:00,acc3,Random anime fact: One Piece is among the best-selling manga series. 💯,5352,😎
5364,2026-01-08 18:46:00,acc4,I'm rewatching My Hero Academia this weekend. 🍜,5349,😮
5365,2026-01-08 18:48:00,acc1,Random anime fact: Voice actors in Japan are called seiyuu. ✨,5350,❤️
5366,2026-01-08 18:50:00,acc2,That animation quality was insane! 📚,,👍
5367,2026-01-08 18:52:00,acc3,I think today's episode was incredible! 💯,5356,💯
5368,2026-01-08 18:54:00,acc4,Anyone watching Attack on Titan lately? 🔥,,❤️
5369,2026-01-08 18:56:00,acc1,Opening theme has been stuck in my head. ❤️,5363,😭
5370,2026-01-08 18:58:00,acc2,Opening theme has been stuck in my head. 🎉,,👍
5371,2026-01-08 19:00:00,acc3,That animation quality was insane! 😂,5359,😎
5372,2026-01-08 19:02:00,acc4,I think today's episode was incredible! ❤️,5364,😂
5373,2026-01-08 19:04:00,acc1,No spoilers please! 😎,,😮
5374,2026-01-08 19:06:00,acc2,I think today's episode was incredible! ❤️,5367,
5375,2026-01-08 19:08:00,acc3,"Quote of the day: ""Keep moving forward."" 😎",5364,💯
5376,2026-01-08 19:10:00,acc4,Random anime fact: Did you know? Anime is often adapted from manga or light novels. 🤔,5373,❤️
5377,2026-01-08 19:12:00,acc1,Who's your favorite character from Fullmetal Alchemist? 📚,,
5378,2026-01-08 19:14:00,acc2,I'm rewatching Attack on Titan this weekend. 🎉,,❤️
5379,2026-01-08 19:16:00,acc3,"Quote of the day: ""Keep moving forward."" ❤️",,👍
5380,2026-01-08 19:18:00,acc4,No spoilers please! ❤️,5367,👍
5381,2026-01-08 19:20:00,acc1,Random anime fact: Many anime openings become chart-topping songs. ✨,5376,😭
5382,2026-01-08 19:22:00,acc2,I think today's episode was incredible! 🤔,,😂
5383,2026-01-08 19:24:00,acc3,Who's your favorite character from Naruto? 💯,5374,😮
5384,2026-01-08 19:26:00,acc4,Random anime fact: Attack on Titan changed many viewers' expectations of anime. 😂,5374,
5385,2026-01-08 19:28:00,acc1,I'm rewatching Fullmetal Alchemist this weekend. 😂,,😂
5386,2026-01-08 19:30:00,acc2,My favorite moment in Jujutsu Kaisen still gives me chills ❤️,,😭
5387,2026-01-08 19:32:00,acc3,"Quote of the day: ""People's dreams never end."" 🎉",5375,😭
5388,2026-01-08 19:34:00,acc4,I think today's episode was incredible! 🤔,5383,😭
5389,2026-01-08 19:36:00,acc1,Who's your favorite character from Death Note? ⚡,,😂
5390,2026-01-08 19:38:00,acc2,I think today's episode was incredible! 💯,,🔥
5391,2026-01-08 19:40:00,acc3,I think today's episode was incredible! ⚡,,
5392,2026-01-08 19:42:00,acc4,Opening theme has been stuck in my head. 😀,,👍
5393,2026-01-08 19:44:00,acc1,I think today's episode was incredible! 🙌,5382,💯
5394,2026-01-08 19:46:00,acc2,"Quote of the day: ""Power comes in response to a need."" ❤️",5384,😎
5395,2026-01-08 19:48:00,acc3,No spoilers please! 🎉,5384,👍
5396,2026-01-08 19:50:00,acc4,Opening theme has been stuck in my head. ❤️,5384,😮
5397,2026-01-08 19:52:00,acc1,Who's your favorite character from Attack on Titan? 😀,,😭
5398,2026-01-08 19:54:00,acc2,I think today's episode was incredible! ❤️,,
5399,2026-01-08 19:56:00,acc3,No spoilers please! 😂,5391,😎
5400,2026-01-08 19:58:00,acc4,My favorite moment in Vinland Saga still gives me chills 💯,,😂
5401,2026-01-08 20:00:00,acc1,"Quote of the day: ""The world isn't perfect, but it's beautiful."" 🤔",5397,😎
5402,2026-01-08 20:02:00,acc2,I'm rewatching Bleach this weekend. 🤔,,🔥
5403,2026-01-08 20:04:00,acc3,Anyone watching Frieren lately? 😭,5400,💯
5404,2026-01-08 20:06:00,acc4,Random anime fact: Many anime openings become chart-topping songs. 😭,,👏
5405,2026-01-08 20:08:00,acc1,Anyone watching Solo Leveling lately? 🔥,5390,🔥
5406,2026-01-08 20:10:00,acc2,That animation quality was insane! 🎉,5401,😂
5407,2026-01-08 20:12:00,acc3,Who's your favorite character from Jujutsu Kaisen? 👀,,❤️
5408,2026-01-08 20:14:00,acc4,Who's your favorite character from My Hero Academia? ❤️,,👍
5409,2026-01-08 20:16:00,acc1,Anyone watching Solo Leveling lately? 💯,5393,💯
5410,2026-01-08 20:18:00,acc2,My favorite moment in Naruto still gives me chills ✨,,
5411,2026-01-08 20:20:00,acc3,I think today's episode was incredible! ❤️,,😮
5412,2026-01-08 20:22:00,acc4,Random anime fact: Many anime openings become chart-topping songs. 😀,,❤️
5413,2026-01-08 20:24:00,acc1,That animation quality was insane! 😂,5411,
5414,2026-01-08 20:26:00,acc2,My favorite moment in Solo Leveling still gives me chills 💯,5412,👏
5415,2026-01-08 20:28:00,acc3,"Quote of the day: ""A lesson without pain is meaningless."" ❤️",,👏
5416,2026-01-08 20:30:00,acc4,Opening theme has been stuck in my head. 🤔,5401,👏
5417,2026-01-08 20:32:00,acc1,My favorite moment in Vinland Saga still gives me chills ✨,,
5418,2026-01-08 20:34:00,acc2,I'm rewatching Attack on Titan this weekend. 🙌,5411,👍
5419,2026-01-08 20:36:00,acc3,Random anime fact: Voice actors in Japan are called seiyuu. 👀,,
5420,2026-01-08 20:38:00,acc4,Who's your favorite character from Attack on Titan? 💯,,
5421,2026-01-08 20:40:00,acc1,My favorite moment in Steins;Gate still gives me chills 😎,,❤️
5422,2026-01-08 20:42:00,acc2,That animation quality was insane! 🙌,5415,🔥
5423,2026-01-08 20:44:00,acc3,I think today's episode was incredible! 😭,,❤️
5424,2026-01-08 20:46:00,acc4,I'm rewatching Demon Slayer this weekend. 😂,,👍
5425,2026-01-08 20:48:00,acc1,No spoilers please! 📚,5420,😮
5426,2026-01-08 20:50:00,acc2,No spoilers please! ✨,,👏
5427,2026-01-08 20:52:00,acc3,No spoilers please! 🙌,,😂
5428,2026-01-08 20:54:00,acc4,I think today's episode was incredible! ⚡,5413,💯
5429,2026-01-08 20:56:00,acc1,I think today's episode was incredible! 😂,,😂
5430,2026-01-08 20:58:00,acc2,My favorite moment in Attack on Titan still gives me chills 📚,,👍
5431,2026-01-08 21:00:00,acc3,I think today's episode was incredible! 😂,,😎
5432,2026-01-08 21:02:00,acc4,No spoilers please! 🔥,,👍
5433,2026-01-08 21:04:00,acc1,Random anime fact: Voice actors in Japan are called seiyuu. 😭,5424,❤️
5434,2026-01-08 21:06:00,acc2,I think today's episode was incredible! 🔥,,😮
5435,2026-01-08 21:08:00,acc3,I'm rewatching Demon Slayer this weekend. 😭,5432,😭
5436,2026-01-08 21:10:00,acc4,Random anime fact: One Piece is among the best-selling manga series. 😎,5431,🔥
5437,2026-01-08 21:12:00,acc1,That animation quality was insane! 🙌,5425,👍
5438,2026-01-08 21:14:00,acc2,Anyone watching Death Note lately? 😂,,👏
5439,2026-01-08 21:16:00,acc3,"Quote of the day: ""People's dreams never end."" 😀",5434,👍
5440,2026-01-08 21:18:00,acc4,Opening theme has been stuck in my head. 🙌,5431,😂
5441,2026-01-08 21:20:00,acc1,Who's your favorite character from Frieren? 🤔,,👏
5442,2026-01-08 21:22:00,acc2,No spoilers please! 🙌,5429,
5443,2026-01-08 21:24:00,acc3,"Quote of the day: ""The world isn't perfect, but it's beautiful."" 🎉",5432,😂
5444,2026-01-08 21:26:00,acc4,No spoilers please! 🎉,,😎
5445,2026-01-08 21:28:00,acc1,Random anime fact: One Piece is among the best-selling manga series. 💯,5436,😎
5446,2026-01-08 21:30:00,acc2,Anyone watching Vinland Saga lately? ⚡,,🔥
5447,2026-01-08 21:32:00,acc3,No spoilers please! 😂,5436,
5448,2026-01-08 21:34:00,acc4,That animation quality was insane! 🙌,5441,😂
5449,2026-01-08 21:36:00,acc1,"Quote of the day: ""A lesson without pain is meaningless."" 🤔",,😭
5450,2026-01-08 21:38:00,acc2,I'm rewatching Naruto this weekend. 🍜,5444,👍
5451,2026-01-08 21:40:00,acc3,No spoilers please! 😀,5447,😮
5452,2026-01-08 21:42:00,acc4,Opening theme has been stuck in my head. 👀,5442,🔥
5453,2026-01-08 21:44:00,acc1,That animation quality was insane! ✨,5443,😂
5454,2026-01-08 21:46:00,acc2,Anyone watching Bleach lately? 📚,5452,
5455,2026-01-08 21:48:00,acc3,Who's your favorite character from Dragon Ball? 🎉,5450,👏
5456,2026-01-08 21:50:00,acc4,I think today's episode was incredible! 🔥,5445,❤️
5457,2026-01-08 21:52:00,acc1,I think today's episode was incredible! 🙌,5446,😮
5458,2026-01-08 21:54:00,acc2,I think today's episode was incredible! ❤️,,❤️
5459,2026-01-08 21:56:00,acc3,Who's your favorite character from One Piece? ⚡,,🔥
5460,2026-01-08 21:58:00,acc4,I think today's episode was incredible! 🎉,5444,👏
5461,2026-01-08 22:00:00,acc1,"Quote of the day: ""People's dreams never end."" ⚡",5459,😂
5462,2026-01-08 22:02:00,acc2,That animation quality was insane! 🔥,5453,😎
5463,2026-01-08 22:04:00,acc3,Random anime fact: Did you know? Anime is often adapted from manga or light novels. 📚,,😎
5464,2026-01-08 22:06:00,acc4,I'm rewatching Attack on Titan this weekend. 😂,,😎
5465,2026-01-08 22:08:00,acc1,I'm rewatching Hunter x Hunter this weekend. 💯,5462,👏
5466,2026-01-08 22:10:00,acc2,Random anime fact: Did you know? Anime is often adapted from manga or light novels. 📚,,👏
5467,2026-01-08 22:12:00,acc3,"Quote of the day: ""The world isn't perfect, but it's beautiful."" 📚",,😮
5468,2026-01-08 22:14:00,acc4,Anyone watching Fullmetal Alchemist lately? 📚,5460,💯
5469,2026-01-08 22:16:00,acc1,That animation quality was insane! 🍜,5458,
5470,2026-01-08 22:18:00,acc2,"Quote of the day: ""People's dreams never end."" 😀",5462,❤️
5471,2026-01-08 22:20:00,acc3,No spoilers please! 😎,5466,❤️
5472,2026-01-08 22:22:00,acc4,No spoilers please! 😂,,❤️
5473,2026-01-08 22:24:00,acc1,I'm rewatching Steins;Gate this weekend. 😂,,😎
5474,2026-01-08 22:26:00,acc2,No spoilers please! 😭,5465,🔥
5475,2026-01-08 22:28:00,acc3,Opening theme has been stuck in my head. 👀,5472,👍
5476,2026-01-08 22:30:00,acc4,Who's your favorite character from Fullmetal Alchemist? 😀,,😮
5477,2026-01-08 22:32:00,acc1,"Quote of the day: ""A lesson without pain is meaningless."" 🙌",,😂
5478,2026-01-08 22:34:00,acc2,My favorite moment in Attack on Titan still gives me chills 🤔,5474,👍
5479,2026-01-08 22:36:00,acc3,Anyone watching Frieren lately? 😂,5464,🔥
5480,2026-01-08 22:38:00,acc4,I think today's episode was incredible! 🤔,5471,
5481,2026-01-08 22:40:00,acc1,I'm rewatching Frieren this weekend. 🙌,5467,😂
5482,2026-01-08 22:42:00,acc2,I'm rewatching Hunter x Hunter this weekend. 😭,,❤️
5483,2026-01-08 22:44:00,acc3,No spoilers please! 🙌,5476,😎
5484,2026-01-08 22:46:00,acc4,I'm rewatching Death Note this weekend. 📚,5475,😭
5485,2026-01-08 22:48:00,acc1,I'm rewatching Dragon Ball this weekend. ✨,5470,😂
5486,2026-01-08 22:50:00,acc2,No spoilers please! 😂,5473,
5487,2026-01-08 22:52:00,acc3,Who's your favorite character from My Hero Academia? 😀,5474,👍
5488,2026-01-08 22:54:00,acc4,Who's your favorite character from Steins;Gate? 👀,,😎
5489,2026-01-08 22:56:00,acc1,I'm rewatching Vinland Saga this weekend. 💯,5476,😮
5490,2026-01-08 22:58:00,acc2,Anyone watching Attack on Titan lately? 📚,5483,💯
5491,2026-01-08 23:00:00,acc3,My favorite moment in Frieren still gives me chills ❤️,,😭
5492,2026-01-08 23:02:00,acc4,"Quote of the day: ""Power comes in response to a need."" 👀",5477,😎
5493,2026-01-08 23:04:00,acc1,Random anime fact: Voice actors in Japan are called seiyuu. 🙌,,😮
5494,2026-01-08 23:06:00,acc2,"Quote of the day: ""A lesson without pain is meaningless."" 🎉",5485,❤️
5495,2026-01-08 23:08:00,acc3,"Quote of the day: ""People's dreams never end."" 😭",5492,💯
5496,2026-01-08 23:10:00,acc4,I'm rewatching My Hero Academia this weekend. 😀,5481,👏
5497,2026-01-08 23:12:00,acc1,Who's your favorite character from Fullmetal Alchemist? 💯,,👏
5498,2026-01-08 23:14:00,acc2,I think today's episode was incredible! 🙌,5492,👏
5499,2026-01-08 23:16:00,acc3,No spoilers please! ⚡,5493,💯
5500,2026-01-08 23:18:00,acc4,No spoilers please! 🍜,5496,
5501,2026-01-08 23:20:00,acc1,My favorite moment in Demon Slayer still gives me chills 🎉,5485,👍
5502,2026-01-08 23:22:00,acc2,Who's your favorite character from My Hero Academia? 📚,,
5503,2026-01-08 23:24:00,acc3,Random anime fact: One Piece is among the best-selling manga series. 😂,,❤️
5504,2026-01-08 23:26:00,acc4,Anyone watching My Hero Academia lately? ✨,5492,❤️
5505,2026-01-08 23:28:00,acc1,That animation quality was insane! ✨,,❤️
5506,2026-01-08 23:30:00,acc2,That animation quality was insane! 🔥,,😮
5507,2026-01-08 23:32:00,acc3,Who's your favorite character from Frieren? 🙌,5497,😭
5508,2026-01-08 23:34:00,acc4,No spoilers please! 😂,5504,👍
5509,2026-01-08 23:36:00,acc1,I'm rewatching Hunter x Hunter this weekend. 🤔,5504,😮
5510,2026-01-08 23:38:00,acc2,"Quote of the day: ""People's dreams never end."" ⚡",,💯
5511,2026-01-08 23:40:00,acc3,I'm rewatching Vinland Saga this weekend. 👀,5499,
5512,2026-01-08 23:42:00,acc4,"Quote of the day: ""People's dreams never end."" 😎",5497,😭
5513,2026-01-08 23:44:00,acc1,No spoilers please! 📚,5506,😂
5514,2026-01-08 23:46:00,acc2,Who's your favorite character from Steins;Gate? 🔥,5502,😎
5515,2026-01-08 23:48:00,acc3,My favorite moment in Attack on Titan still gives me chills 😀,5511,😮
5516,2026-01-08 23:50:00,acc4,Who's your favorite character from Hunter x Hunter? 😂,5511,💯
5517,2026-01-08 23:52:00,acc1,My favorite moment in Dragon Ball still gives me chills 🎉,,👏
5518,2026-01-08 23:54:00,acc2,"Quote of the day: ""People's dreams never end."" 😀",,😭
5519,2026-01-08 23:56:00,acc3,That animation quality was insane! 🤔,5510,😮
5520,2026-01-08 23:58:00,acc4,That animation quality was insane! ❤️,,❤️
5521,2026-01-09 00:00:00,acc1,I think today's episode was incredible! 😂,,❤️
5522,2026-01-09 00:02:00,acc2,Random anime fact: Attack on Titan changed many viewers' expectations of anime. 💯,,👍
5523,2026-01-09 00:04:00,acc3,That animation quality was insane! 🙌,5510,👍
5524,2026-01-09 00:06:00,acc4,My favorite moment in Naruto still gives me chills 🔥,5512,😮
5525,2026-01-09 00:08:00,acc1,I'm rewatching Demon Slayer this weekend. 🎉,5512,👏
5526,2026-01-09 00:10:00,acc2,Random anime fact: Attack on Titan changed many viewers' expectations of anime. 💯,,💯
5527,2026-01-09 00:12:00,acc3,I think today's episode was incredible! 😂,5520,
5528,2026-01-09 00:14:00,acc4,My favorite moment in Frieren still gives me chills 😭,5525,👏
5529,2026-01-09 00:16:00,acc1,I think today's episode was incredible! 🎉,5515,💯
5530,2026-01-09 00:18:00,acc2,Anyone watching Jujutsu Kaisen lately? 🤔,5518,
5531,2026-01-09 00:20:00,acc3,"Quote of the day: ""A lesson without pain is meaningless."" 🎉",,👏
5532,2026-01-09 00:22:00,acc4,I think today's episode was incredible! 🍜,5527,🔥
5533,2026-01-09 00:24:00,acc1,No spoilers please! ✨,,👍
5534,2026-01-09 00:26:00,acc2,I'm rewatching Death Note this weekend. 🍜,5526,❤️
5535,2026-01-09 00:28:00,acc3,Who's your favorite character from My Hero Academia? 😎,5524,😂
5536,2026-01-09 00:30:00,acc4,I'm rewatching Steins;Gate this weekend. ⚡,5524,😮
5537,2026-01-09 00:32:00,acc1,Anyone watching Haikyuu!! lately? ❤️,,😮
5538,2026-01-09 00:34:00,acc2,That animation quality was insane! 😀,5535,😎
5539,2026-01-09 00:36:00,acc3,That animation quality was insane! ✨,,😭
5540,2026-01-09 00:38:00,acc4,I'm rewatching Dragon Ball this weekend. ⚡,5536,😎
5541,2026-01-09 00:40:00,acc1,That animation quality was insane! 💯,,❤️
5542,2026-01-09 00:42:00,acc2,Who's your favorite character from Jujutsu Kaisen? 📚,,😂
5543,2026-01-09 00:44:00,acc3,"Quote of the day: ""Power comes in response to a need."" 🙌",5527,❤️
5544,2026-01-09 00:46:00,acc4,Opening theme has been stuck in my head. 🍜,5541,🔥
5545,2026-01-09 00:48:00,acc1,Anyone watching Jujutsu Kaisen lately? ⚡,,😂
5546,2026-01-09 00:50:00,acc2,My favorite moment in Haikyuu!! still gives me chills 💯,5534,🔥
5547,2026-01-09 00:52:00,acc3,Anyone watching Attack on Titan lately? 🎉,,👏
5548,2026-01-09 00:54:00,acc4,Opening theme has been stuck in my head. 🙌,,
5549,2026-01-09 00:56:00,acc1,No spoilers please! ⚡,5535,🔥
5550,2026-01-09 00:58:00,acc2,Who's your favorite character from Vinland Saga? 👀,5545,😮
5551,2026-01-09 01:00:00,acc3,I think today's episode was incredible! 🙌,5540,😭
5552,2026-01-09 01:02:00,acc4,"Quote of the day: ""The world isn't perfect, but it's beautiful."" 🙌",5543,😮
5553,2026-01-09 01:04:00,acc1,"Quote of the day: ""People's dreams never end."" ✨",,😂
5554,2026-01-09 01:06:00,acc2,Opening theme has been stuck in my head. ❤️,5544,😂
5555,2026-01-09 01:08:00,acc3,That animation quality was insane! ⚡,5543,👍
5556,2026-01-09 01:10:00,acc4,That animation quality was insane! 🙌,,👏
5557,2026-01-09 01:12:00,acc1,That animation quality was insane! ✨,,❤️
5558,2026-01-09 01:14:00,acc2,Random anime fact: Did you know? Anime is often adapted from manga or light novels. 😀,5554,😂
5559,2026-01-09 01:16:00,acc3,Who's your favorite character from Demon Slayer? 🎉,5548,
5560,2026-01-09 01:18:00,acc4,Random anime fact: Voice actors in Japan are called seiyuu. 🙌,,💯
5561,2026-01-09 01:20:00,acc1,"Quote of the day: ""Power comes in response to a need."" 🔥",5550,😮
5562,2026-01-09 01:22:00,acc2,Random anime fact: Voice actors in Japan are called seiyuu. ❤️,5554,🔥
5563,2026-01-09 01:24:00,acc3,My favorite moment in Vinland Saga still gives me chills 🔥,5552,❤️
5564,2026-01-09 01:26:00,acc4,Anyone watching Naruto lately? 😭,5560,😂
5565,2026-01-09 01:28:00,acc1,Who's your favorite character from Bleach? 📚,5560,😎
5566,2026-01-09 01:30:00,acc2,I think today's episode was incredible! 🎉,,😭
5567,2026-01-09 01:32:00,acc3,"Quote of the day: ""Power comes in response to a need."" ⚡",,👍
5568,2026-01-09 01:34:00,acc4,Opening theme has been stuck in my head. ✨,5553,😎
5569,2026-01-09 01:36:00,acc1,Opening theme has been stuck in my head. 💯,5553,😭
5570,2026-01-09 01:38:00,acc2,"Quote of the day: ""The world isn't perfect, but it's beautiful."" ⚡",,😂
5571,2026-01-09 01:40:00,acc3,Who's your favorite character from Death Note? 😂,5555,😂
5572,2026-01-09 01:42:00,acc4,Anyone watching My Hero Academia lately? 👀,5562,😎
5573,2026-01-09 01:44:00,acc1,I'm rewatching One Piece this weekend. 😀,,👍
5574,2026-01-09 01:46:00,acc2,My favorite moment in Death Note still gives me chills 🎉,5571,😮
5575,2026-01-09 01:48:00,acc3,I think today's episode was incredible! 👀,5571,👍
5576,2026-01-09 01:50:00,acc4,I think today's episode was incredible! 😂,5574,
5577,2026-01-09 01:52:00,acc1,I think today's episode was incredible! ⚡,,
5578,2026-01-09 01:54:00,acc2,Anyone watching One Piece lately? ❤️,5570,😎
5579,2026-01-09 01:56:00,acc3,Opening theme has been stuck in my head. 📚,,❤️
5580,2026-01-09 01:58:00,acc4,Who's your favorite character from My Hero Academia? 🔥,,🔥
5581,2026-01-09 02:00:00,acc1,No spoilers please! ✨,,👏
5582,2026-01-09 02:02:00,acc2,No spoilers please! 💯,,👍
5583,2026-01-09 02:04:00,acc3,I think today's episode was incredible! 😎,,
5584,2026-01-09 02:06:00,acc4,That animation quality was insane! 😭,5578,💯
5585,2026-01-09 02:08:00,acc1,That animation quality was insane! ✨,5570,😎
5586,2026-01-09 02:10:00,acc2,Who's your favorite character from Attack on Titan? 😀,5584,🔥
5587,2026-01-09 02:12:00,acc3,Anyone watching Steins;Gate lately? 📚,5582,😮
5588,2026-01-09 02:14:00,acc4,That animation quality was insane! ⚡,,🔥
5589,2026-01-09 02:16:00,acc1,Opening theme has been stuck in my head. 🍜,5574,💯
5590,2026-01-09 02:18:00,acc2,I'm rewatching Haikyuu!! this weekend. 😀,5584,😎
5591,2026-01-09 02:20:00,acc3,I think today's episode was incredible! 🙌,5582,😮
5592,2026-01-09 02:22:00,acc4,That animation quality was insane! 😭,5578,💯
5593,2026-01-09 02:24:00,acc1,Opening theme has been stuck in my head. ⚡,,
5594,2026-01-09 02:26:00,acc2,I think today's episode was incredible! 📚,,😭
5595,2026-01-09 02:28:00,acc3,Opening theme has been stuck in my head. 😎,,❤️
5596,2026-01-09 02:30:00,acc4,Opening theme has been stuck in my head. 🤔,5582,😮
5597,2026-01-09 02:32:00,acc1,Who's your favorite character from Hunter x Hunter? 😀,,😮
5598,2026-01-09 02:34:00,acc2,That animation quality was insane! ❤️,,😎
5599,2026-01-09 02:36:00,acc3,Opening theme has been stuck in my head. 🎉,,💯
5600,2026-01-09 02:38:00,acc4,Random anime fact: Did you know? Anime is often adapted from manga or light novels. 💯,5587,👏
5601,2026-01-09 02:40:00,acc1,That animation quality was insane! 🤔,5587,❤️
5602,2026-01-09 02:42:00,acc2,No spoilers please! 😀,5593,😎
5603,2026-01-09 02:44:00,acc3,"Quote of the day: ""People's dreams never end."" 🤔",,😮
5604,2026-01-09 02:46:00,acc4,Anyone watching Demon Slayer lately? 😭,,😎
5605,2026-01-09 02:48:00,acc1,No spoilers please! 🎉,,
5606,2026-01-09 02:50:00,acc2,"Quote of the day: ""A lesson without pain is meaningless."" 😀",5594,❤️
5607,2026-01-09 02:52:00,acc3,"Quote of the day: ""The world isn't perfect, but it's beautiful."" 🤔",,😎
5608,2026-01-09 02:54:00,acc4,Opening theme has been stuck in my head. 😎,5601,😭
5609,2026-01-09 02:56:00,acc1,Anyone watching My Hero Academia lately? 🎉,,👍
5610,2026-01-09 02:58:00,acc2,Who's your favorite character from Death Note? 😂,5597,😭
5611,2026-01-09 03:00:00,acc3,Opening theme has been stuck in my head. 🙌,,😭
5612,2026-01-09 03:02:00,acc4,No spoilers please! 😭,,💯
5613,2026-01-09 03:04:00,acc1,Random anime fact: Attack on Titan changed many viewers' expectations of anime. 😭,5611,👏
5614,2026-01-09 03:06:00,acc2,Who's your favorite character from Death Note? 🎉,5609,👏
5615,2026-01-09 03:08:00,acc3,That animation quality was insane! 😭,,😂
5616,2026-01-09 03:10:00,acc4,My favorite moment in Frieren still gives me chills 😎,,😭
5617,2026-01-09 03:12:00,acc1,My favorite moment in Dragon Ball still gives me chills 😎,5610,😎
5618,2026-01-09 03:14:00,acc2,Who's your favorite character from Death Note? ❤️,5604,❤️
5619,2026-01-09 03:16:00,acc3,"Quote of the day: ""A lesson without pain is meaningless."" 🙌",5612,😎
5620,2026-01-09 03:18:00,acc4,Anyone watching Demon Slayer lately? 👀,,❤️
5621,2026-01-09 03:20:00,acc1,Who's your favorite character from Fullmetal Alchemist? 😎,5609,👏
5622,2026-01-09 03:22:00,acc2,I think today's episode was incredible! 😂,5616,😮
5623,2026-01-09 03:24:00,acc3,That animation quality was insane! 💯,,😮
5624,2026-01-09 03:26:00,acc4,"Quote of the day: ""Keep moving forward."" 👀",5622,❤️
5625,2026-01-09 03:28:00,acc1,I'm rewatching Haikyuu!! this weekend. 🤔,5616,😭
5626,2026-01-09 03:30:00,acc2,That animation quality was insane! 🙌,,😮
5627,2026-01-09 03:32:00,acc3,I think today's episode was incredible! ✨,,😎
5628,2026-01-09 03:34:00,acc4,That animation quality was insane! 👀,,👏
5629,2026-01-09 03:36:00,acc1,Anyone watching Demon Slayer lately? 🤔,,
5630,2026-01-09 03:38:00,acc2,No spoilers please! 👀,5616,😭
5631,2026-01-09 03:40:00,acc3,Random anime fact: Studio Ghibli films are famous for hand-drawn animation. 🔥,,❤️
5632,2026-01-09 03:42:00,acc4,Opening theme has been stuck in my head. 😭,,😎
5633,2026-01-09 03:44:00,acc1,No spoilers please! 💯,,😮
5634,2026-01-09 03:46:00,acc2,I'm rewatching Naruto this weekend. 🎉,,💯
5635,2026-01-09 03:48:00,acc3,"Quote of the day: ""Keep moving forward."" 😀",,❤️
5636,2026-01-09 03:50:00,acc4,My favorite moment in Steins;Gate still gives me chills ❤️,5623,
5637,2026-01-09 03:52:00,acc1,My favorite moment in Hunter x Hunter still gives me chills 📚,,❤️
5638,2026-01-09 03:54:00,acc2,I think today's episode was incredible! 😭,,😎
5639,2026-01-09 03:56:00,acc3,I think today's episode was incredible! ⚡,,😮
5640,2026-01-09 03:58:00,acc4,My favorite moment in Dragon Ball still gives me chills 😭,,😮
5641,2026-01-09 04:00:00,acc1,Who's your favorite character from Fullmetal Alchemist? ⚡,,😎
5642,2026-01-09 04:02:00,acc2,I'm rewatching Fullmetal Alchemist this weekend. 📚,5640,😎
5643,2026-01-09 04:04:00,acc3,My favorite moment in Fullmetal Alchemist still gives me chills ⚡,5632,👏
5644,2026-01-09 04:06:00,acc4,"Quote of the day: ""Keep moving forward."" 😭",5631,😎
5645,2026-01-09 04:08:00,acc1,Who's your favorite character from Dragon Ball? 😭,,😎
5646,2026-01-09 04:10:00,acc2,Anyone watching Jujutsu Kaisen lately? 📚,5639,
5647,2026-01-09 04:12:00,acc3,Who's your favorite character from Attack on Titan? 🔥,5645,
5648,2026-01-09 04:14:00,acc4,Random anime fact: Many anime openings become chart-topping songs. 😭,5638,😎
5649,2026-01-09 04:16:00,acc1,I think today's episode was incredible! ✨,5640,
5650,2026-01-09 04:18:00,acc2,Opening theme has been stuck in my head. ⚡,5643,👍
5651,2026-01-09 04:20:00,acc3,I'm rewatching Bleach this weekend. 💯,5644,👍
5652,2026-01-09 04:22:00,acc4,Anyone watching Solo Leveling lately? 🍜,,😭
5653,2026-01-09 04:24:00,acc1,I think today's episode was incredible! 😂,5646,👍
5654,2026-01-09 04:26:00,acc2,Who's your favorite character from Steins;Gate? 🔥,5649,😮
5655,2026-01-09 04:28:00,acc3,Anyone watching Vinland Saga lately? 🔥,,👏
5656,2026-01-09 04:30:00,acc4,"Quote of the day: ""A lesson without pain is meaningless."" 💯",5650,👏
5657,2026-01-09 04:32:00,acc1,"Quote of the day: ""A lesson without pain is meaningless."" 😎",5647,😂
5658,2026-01-09 04:34:00,acc2,Who's your favorite character from Solo Leveling? 😂,,👍
5659,2026-01-09 04:36:00,acc3,Opening theme has been stuck in my head. 🍜,5656,😮
5660,2026-01-09 04:38:00,acc4,Random anime fact: Many anime openings become chart-topping songs. 📚,,😮
5661,2026-01-09 04:40:00,acc1,I'm rewatching Frieren this weekend. 😀,,👍
5662,2026-01-09 04:42:00,acc2,No spoilers please! 🔥,,
5663,2026-01-09 04:44:00,acc3,Who's your favorite character from My Hero Academia? 😎,,🔥
5664,2026-01-09 04:46:00,acc4,I'm rewatching Bleach this weekend. 😀,5658,😎
5665,2026-01-09 04:48:00,acc1,"Quote of the day: ""Power comes in response to a need."" 🙌",5651,😭
5666,2026-01-09 04:50:00,acc2,That animation quality was insane! ⚡,,😮
5667,2026-01-09 04:52:00,acc3,Random anime fact: One Piece is among the best-selling manga series. ⚡,,😭
5668,2026-01-09 04:54:00,acc4,No spoilers please! 😎,5656,😭
5669,2026-01-09 04:56:00,acc1,That animation quality was insane! 😭,,🔥
5670,2026-01-09 04:58:00,acc2,Who's your favorite character from Fullmetal Alchemist? 👀,,👍
5671,2026-01-09 05:00:00,acc3,My favorite moment in Jujutsu Kaisen still gives me chills 😀,,😮
5672,2026-01-09 05:02:00,acc4,Anyone watching Hunter x Hunter lately? 👀,,😭
5673,2026-01-09 05:04:00,acc1,Who's your favorite character from Solo Leveling? 📚,5664,🔥
5674,2026-01-09 05:06:00,acc2,Random anime fact: Many anime openings become chart-topping songs. 😂,5667,👍
5675,2026-01-09 05:08:00,acc3,Opening theme has been stuck in my head. 🙌,,😭
5676,2026-01-09 05:10:00,acc4,I think today's episode was incredible! 👀,,❤️
5677,2026-01-09 05:12:00,acc1,My favorite moment in Frieren still gives me chills 🎉,,😂
5678,2026-01-09 05:14:00,acc2,I think today's episode was incredible! 🍜,5662,👍
5679,2026-01-09 05:16:00,acc3,Who's your favorite character from Steins;Gate? 😭,5669,😮
5680,2026-01-09 05:18:00,acc4,Random anime fact: Studio Ghibli films are famous for hand-drawn animation. 🍜,5673,💯
5681,2026-01-09 05:20:00,acc1,Anyone watching Bleach lately? 🔥,5672,😂
5682,2026-01-09 05:22:00,acc2,No spoilers please! 🙌,,😂
5683,2026-01-09 05:24:00,acc3,No spoilers please! 🍜,5681,😭
5684,2026-01-09 05:26:00,acc4,Anyone watching Solo Leveling lately? 😂,5671,🔥
5685,2026-01-09 05:28:00,acc1,Anyone watching Dragon Ball lately? 😀,5683,👍
5686,2026-01-09 05:30:00,acc2,No spoilers please! 🤔,5676,😭
5687,2026-01-09 05:32:00,acc3,I think today's episode was incredible! 😭,5672,😭
5688,2026-01-09 05:34:00,acc4,Anyone watching Demon Slayer lately? ⚡,,😮
5689,2026-01-09 05:36:00,acc1,Random anime fact: Many anime openings become chart-topping songs. ❤️,5686,💯
5690,2026-01-09 05:38:00,acc2,No spoilers please! 🍜,,❤️
5691,2026-01-09 05:40:00,acc3,"Quote of the day: ""The world isn't perfect, but it's beautiful."" 🙌",,😭
5692,2026-01-09 05:42:00,acc4,My favorite moment in Solo Leveling still gives me chills 🤔,5684,👏
5693,2026-01-09 05:44:00,acc1,Opening theme has been stuck in my head. 😭,5682,
5694,2026-01-09 05:46:00,acc2,That animation quality was insane! 🤔,,🔥
5695,2026-01-09 05:48:00,acc3,Random anime fact: One Piece is among the best-selling manga series. 🔥,5685,😮
5696,2026-01-09 05:50:00,acc4,Anyone watching Steins;Gate lately? 😂,5682,😂
5697,2026-01-09 05:52:00,acc1,I think today's episode was incredible! 🤔,5690,👏
5698,2026-01-09 05:54:00,acc2,I'm rewatching Fullmetal Alchemist this weekend. ❤️,,👍
5699,2026-01-09 05:56:00,acc3,That animation quality was insane! 🔥,,👍
5700,2026-01-09 05:58:00,acc4,No spoilers please! 😀,,😭
5701,2026-01-09 06:00:00,acc1,Random anime fact: Voice actors in Japan are called seiyuu. ✨,,
5702,2026-01-09 06:02:00,acc2,"Quote of the day: ""A lesson without pain is meaningless."" 😎",5688,
5703,2026-01-09 06:04:00,acc3,Who's your favorite character from Dragon Ball? 🙌,5701,😂
5704,2026-01-09 06:06:00,acc4,That animation quality was insane! 🎉,5698,
5705,2026-01-09 06:08:00,acc1,No spoilers please! 😀,5703,🔥
5706,2026-01-09 06:10:00,acc2,Opening theme has been stuck in my head. ⚡,,😭
5707,2026-01-09 06:12:00,acc3,That animation quality was insane! 😭,5697,
5708,2026-01-09 06:14:00,acc4,That animation quality was insane! ❤️,5705,👍
5709,2026-01-09 06:16:00,acc1,No spoilers please! 😭,,👏
5710,2026-01-09 06:18:00,acc2,Opening theme has been stuck in my head. 🤔,,💯
5711,2026-01-09 06:20:00,acc3,Random anime fact: Attack on Titan changed many viewers' expectations of anime. 🎉,,
5712,2026-01-09 06:22:00,acc4,I'm rewatching Jujutsu Kaisen this weekend. 🤔,5698,😭
5713,2026-01-09 06:24:00,acc1,That animation quality was insane! 🙌,5710,
5714,2026-01-09 06:26:00,acc2,Who's your favorite character from Demon Slayer? 🙌,5701,🔥
5715,2026-01-09 06:28:00,acc3,That animation quality was insane! 📚,,❤️
5716,2026-01-09 06:30:00,acc4,Who's your favorite character from Naruto? 📚,5711,💯
5717,2026-01-09 06:32:00,acc1,No spoilers please! 😭,,😎
5718,2026-01-09 06:34:00,acc2,No spoilers please! 🙌,5711,😂
5719,2026-01-09 06:36:00,acc3,Who's your favorite character from Steins;Gate? 📚,5715,🔥
5720,2026-01-09 06:38:00,acc4,Opening theme has been stuck in my head. 😭,5710,❤️
5721,2026-01-09 06:40:00,acc1,Anyone watching Hunter x Hunter lately? 😎,5713,🔥
5722,2026-01-09 06:42:00,acc2,No spoilers please! ❤️,,💯
5723,2026-01-09 06:44:00,acc3,Opening theme has been stuck in my head. 😭,,😂
5724,2026-01-09 06:46:00,acc4,"Quote of the day: ""The world isn't perfect, but it's beautiful."" 👀",5717,😎
5725,2026-01-09 06:48:00,acc1,Anyone watching One Piece lately? 🔥,,🔥
5726,2026-01-09 06:50:00,acc2,Anyone watching Attack on Titan lately? 🔥,,😂
5727,2026-01-09 06:52:00,acc3,Random anime fact: Attack on Titan changed many viewers' expectations of anime. 🤔,,🔥
5728,2026-01-09 06:54:00,acc4,My favorite moment in Hunter x Hunter still gives me chills 💯,,👍
5729,2026-01-09 06:56:00,acc1,Anyone watching Demon Slayer lately? ⚡,,❤️
5730,2026-01-09 06:58:00,acc2,My favorite moment in Vinland Saga still gives me chills 😀,,👏
5731,2026-01-09 07:00:00,acc3,I'm rewatching One Piece this weekend. 💯,5720,💯
5732,2026-01-09 07:02:00,acc4,My favorite moment in One Piece still gives me chills 🙌,5726,❤️
5733,2026-01-09 07:04:00,acc1,"Quote of the day: ""Power comes in response to a need."" 🍜",5719,😮
5734,2026-01-09 07:06:00,acc2,"Quote of the day: ""A lesson without pain is meaningless."" 😎",5726,😭
5735,2026-01-09 07:08:00,acc3,Who's your favorite character from Attack on Titan? 🤔,5723,💯
5736,2026-01-09 07:10:00,acc4,Anyone watching Attack on Titan lately? 💯,5731,😎
5737,2026-01-09 07:12:00,acc1,Random anime fact: Did you know? Anime is often adapted from manga or light novels. ⚡,5723,👍
5738,2026-01-09 07:14:00,acc2,"Quote of the day: ""People's dreams never end."" 👀",5733,😎
5739,2026-01-09 07:16:00,acc3,Opening theme has been stuck in my head. 😎,5725,🔥
5740,2026-01-09 07:18:00,acc4,Anyone watching Demon Slayer lately? 💯,,
5741,2026-01-09 07:20:00,acc1,My favorite moment in Fullmetal Alchemist still gives me chills 🙌,5727,👏
5742,2026-01-09 07:22:00,acc2,Random anime fact: Many anime openings become chart-topping songs. 😭,,👍
5743,2026-01-09 07:24:00,acc3,My favorite moment in Demon Slayer still gives me chills 😂,,
5744,2026-01-09 07:26:00,acc4,No spoilers please! 🔥,5739,🔥
5745,2026-01-09 07:28:00,acc1,Anyone watching Demon Slayer lately? 💯,,❤️
5746,2026-01-09 07:30:00,acc2,My favorite moment in Haikyuu!! still gives me chills 😂,5744,😭
5747,2026-01-09 07:32:00,acc3,Anyone watching Vinland Saga lately? 👀,,❤️
5748,2026-01-09 07:34:00,acc4,Who's your favorite character from Solo Leveling? 😭,5738,😭
5749,2026-01-09 07:36:00,acc1,Anyone watching Hunter x Hunter lately? 🔥,5737,❤️
5750,2026-01-09 07:38:00,acc2,Anyone watching Death Note lately? ❤️,,👍
5751,2026-01-09 07:40:00,acc3,No spoilers please! 👀,,❤️
5752,2026-01-09 07:42:00,acc4,I'm rewatching Naruto this weekend. 😀,,👏
5753,2026-01-09 07:44:00,acc1,I think today's episode was incredible! ✨,,😮
5754,2026-01-09 07:46:00,acc2,"Quote of the day: ""The world isn't perfect, but it's beautiful."" 😀",5746,😮
5755,2026-01-09 07:48:00,acc3,Anyone watching Vinland Saga lately? ⚡,5747,🔥
5756,2026-01-09 07:50:00,acc4,Who's your favorite character from One Piece? 😭,5753,👍
5757,2026-01-09 07:52:00,acc1,I think today's episode was incredible! 🤔,5741,❤️
5758,2026-01-09 07:54:00,acc2,I'm rewatching Death Note this weekend. 🔥,5749,🔥
5759,2026-01-09 07:56:00,acc3,Anyone watching Jujutsu Kaisen lately? 👀,,😎
5760,2026-01-09 07:58:00,acc4,My favorite moment in Hunter x Hunter still gives me chills 🤔,,😂
5761,2026-01-09 08:00:00,acc1,That animation quality was insane! 😀,5758,💯
5762,2026-01-09 08:02:00,acc2,Anyone watching One Piece lately? 👀,,😂
5763,2026-01-09 08:04:00,acc3,My favorite moment in Frieren still gives me chills 🤔,,😭
5764,2026-01-09 08:06:00,acc4,My favorite moment in Steins;Gate still gives me chills 🙌,5758,💯
5765,2026-01-09 08:08:00,acc1,I'm rewatching Steins;Gate this weekend. 🎉,5763,😎
5766,2026-01-09 08:10:00,acc2,Who's your favorite character from Haikyuu!!? 🔥,5757,
5767,2026-01-09 08:12:00,acc3,My favorite moment in One Piece still gives me chills ✨,5759,😎
5768,2026-01-09 08:14:00,acc4,My favorite moment in Attack on Titan still gives me chills 📚,,😮
5769,2026-01-09 08:16:00,acc1,That animation quality was insane! ⚡,5759,❤️
5770,2026-01-09 08:18:00,acc2,That animation quality was insane! 👀,5755,😭
5771,2026-01-09 08:20:00,acc3,My favorite moment in Naruto still gives me chills 🎉,,😮
5772,2026-01-09 08:22:00,acc4,I'm rewatching Solo Leveling this weekend. 🍜,5756,😂
5773,2026-01-09 08:24:00,acc1,Anyone watching Jujutsu Kaisen lately? ✨,,👏
5774,2026-01-09 08:26:00,acc2,Random anime fact: Studio Ghibli films are famous for hand-drawn animation. ✨,,😂
5775,2026-01-09 08:28:00,acc3,Opening theme has been stuck in my head. 😀,5769,
5776,2026-01-09 08:30:00,acc4,Opening theme has been stuck in my head. ✨,5772,🔥
5777,2026-01-09 08:32:00,acc1,Random anime fact: Many anime openings become chart-topping songs. ⚡,5763,
5778,2026-01-09 08:34:00,acc2,I'm rewatching Fullmetal Alchemist this weekend. 🙌,5772,👍
5779,2026-01-09 08:36:00,acc3,Opening theme has been stuck in my head. 😀,,😎
5780,2026-01-09 08:38:00,acc4,Opening theme has been stuck in my head. ❤️,5768,💯
5781,2026-01-09 08:40:00,acc1,Random anime fact: Attack on Titan changed many viewers' expectations of anime. 😎,5768,
5782,2026-01-09 08:42:00,acc2,I think today's episode was incredible! 🎉,,🔥
5783,2026-01-09 08:44:00,acc3,I'm rewatching Bleach this weekend. 😭,,😂
5784,2026-01-09 08:46:00,acc4,"Quote of the day: ""Power comes in response to a need."" 🍜",5781,😮
5785,2026-01-09 08:48:00,acc1,My favorite moment in One Piece still gives me chills 😀,,🔥
5786,2026-01-09 08:50:00,acc2,Who's your favorite character from Hunter x Hunter? 😂,5772,❤️
5787,2026-01-09 08:52:00,acc3,I think today's episode was incredible! 😎,,💯
5788,2026-01-09 08:54:00,acc4,No spoilers please! 🎉,5774,🔥
5789,2026-01-09 08:56:00,acc1,Who's your favorite character from Fullmetal Alchemist? 😀,,👏
5790,2026-01-09 08:58:00,acc2,Who's your favorite character from Dragon Ball? 🙌,,😮
5791,2026-01-09 09:00:00,acc3,I'm rewatching Jujutsu Kaisen this weekend. 😂,,
5792,2026-01-09 09:02:00,acc4,I'm rewatching Steins;Gate this weekend. 🤔,5778,❤️
5793,2026-01-09 09:04:00,acc1,"Quote of the day: ""Power comes in response to a need."" 😭",5791,👏
5794,2026-01-09 09:06:00,acc2,My favorite moment in Bleach still gives me chills 😂,5784,😮
5795,2026-01-09 09:08:00,acc3,Who's your favorite character from Death Note? 🔥,5783,😂
5796,2026-01-09 09:10:00,acc4,"Quote of the day: ""Power comes in response to a need."" ⚡",,
5797,2026-01-09 09:12:00,acc1,My favorite moment in Death Note still gives me chills 🎉,,👍
5798,2026-01-09 09:14:00,acc2,My favorite moment in Naruto still gives me chills 🎉,,❤️
5799,2026-01-09 09:16:00,acc3,Opening theme has been stuck in my head. 📚,,🔥
5800,2026-01-09 09:18:00,acc4,No spoilers please! 🍜,,👏
5801,2026-01-09 09:20:00,acc1,No spoilers please! 🙌,,😮
5802,2026-01-09 09:22:00,acc2,I'm rewatching Haikyuu!! this weekend. 🙌,5796,💯
5803,2026-01-09 09:24:00,acc3,Anyone watching Demon Slayer lately? 🙌,5797,❤️
5804,2026-01-09 09:26:00,acc4,That animation quality was insane! 😀,,
5805,2026-01-09 09:28:00,acc1,Opening theme has been stuck in my head. 😭,5792,😭
5806,2026-01-09 09:30:00,acc2,Random anime fact: Attack on Titan changed many viewers' expectations of anime. 📚,5802,❤️
5807,2026-01-09 09:32:00,acc3,I think today's episode was incredible! 😭,,❤️
5808,2026-01-09 09:34:00,acc4,Opening theme has been stuck in my head. 🤔,,❤️
5809,2026-01-09 09:36:00,acc1,"Quote of the day: ""People's dreams never end."" 🔥",,👍
5810,2026-01-09 09:38:00,acc2,I'm rewatching One Piece this weekend. 🔥,,
5811,2026-01-09 09:40:00,acc3,Random anime fact: Attack on Titan changed many viewers' expectations of anime. 💯,,😂
5812,2026-01-09 09:42:00,acc4,My favorite moment in Naruto still gives me chills 📚,,
5813,2026-01-09 09:44:00,acc1,I'm rewatching Frieren this weekend. 😀,5809,💯
5814,2026-01-09 09:46:00,acc2,Anyone watching My Hero Academia lately? 🔥,5808,❤️
5815,2026-01-09 09:48:00,acc3,Who's your favorite character from Frieren? 🍜,,💯
5816,2026-01-09 09:50:00,acc4,I'm rewatching One Piece this weekend. ❤️,,😎
5817,2026-01-09 09:52:00,acc1,I think today's episode was incredible! 👀,,👏
5818,2026-01-09 09:54:00,acc2,I'm rewatching Steins;Gate this weekend. 💯,5805,😭
5819,2026-01-09 09:56:00,acc3,I think today's episode was incredible! 😀,,😭
5820,2026-01-09 09:58:00,acc4,No spoilers please! 💯,5807,💯
5821,2026-01-09 10:00:00,acc1,Who's your favorite character from My Hero Academia? ⚡,5806,👍
5822,2026-01-09 10:02:00,acc2,Who's your favorite character from Dragon Ball? 👀,5814,❤️
5823,2026-01-09 10:04:00,acc3,"Quote of the day: ""Power comes in response to a need."" 🍜",5810,👏
5824,2026-01-09 10:06:00,acc4,Random anime fact: Many anime openings become chart-topping songs. 🍜,5820,😎
5825,2026-01-09 10:08:00,acc1,Anyone watching Vinland Saga lately? 😭,5815,🔥
5826,2026-01-09 10:10:00,acc2,That animation quality was insane! 📚,,😭
5827,2026-01-09 10:12:00,acc3,Anyone watching Solo Leveling lately? 😂,,😮
5828,2026-01-09 10:14:00,acc4,Random anime fact: One Piece is among the best-selling manga series. 💯,,😮
5829,2026-01-09 10:16:00,acc1,Random anime fact: Attack on Titan changed many viewers' expectations of anime. 📚,5818,
5830,2026-01-09 10:18:00,acc2,Opening theme has been stuck in my head. 🤔,5819,💯
5831,2026-01-09 10:20:00,acc3,Who's your favorite character from Dragon Ball? 🔥,5822,😭
5832,2026-01-09 10:22:00,acc4,That animation quality was insane! 🙌,5830,👏
5833,2026-01-09 10:24:00,acc1,Who's your favorite character from Solo Leveling? ⚡,5828,👏
5834,2026-01-09 10:26:00,acc2,Random anime fact: Studio Ghibli films are famous for hand-drawn animation. 🔥,5831,😎
5835,2026-01-09 10:28:00,acc3,Opening theme has been stuck in my head. 🎉,5819,❤️
5836,2026-01-09 10:30:00,acc4,Random anime fact: Studio Ghibli films are famous for hand-drawn animation. 🍜,5829,😂
5837,2026-01-09 10:32:00,acc1,Random anime fact: Attack on Titan changed many viewers' expectations of anime. 🤔,,
5838,2026-01-09 10:34:00,acc2,Opening theme has been stuck in my head. 💯,5831,
5839,2026-01-09 10:36:00,acc3,"Quote of the day: ""People's dreams never end."" 🍜",5828,😮
5840,2026-01-09 10:38:00,acc4,No spoilers please! 😀,,❤️
5841,2026-01-09 10:40:00,acc1,Who's your favorite character from Solo Leveling? 🔥,,
5842,2026-01-09 10:42:00,acc2,No spoilers please! ❤️,,🔥
5843,2026-01-09 10:44:00,acc3,Random anime fact: One Piece is among the best-selling manga series. 🤔,5833,❤️
5844,2026-01-09 10:46:00,acc4,Random anime fact: Voice actors in Japan are called seiyuu. 🙌,,👍
5845,2026-01-09 10:48:00,acc1,"Quote of the day: ""People's dreams never end."" 😭",,💯
5846,2026-01-09 10:50:00,acc2,I'm rewatching Bleach this weekend. 👀,5833,😭
5847,2026-01-09 10:52:00,acc3,That animation quality was insane! 💯,5840,🔥
5848,2026-01-09 10:54:00,acc4,Who's your favorite character from Fullmetal Alchemist? 😀,,
5849,2026-01-09 10:56:00,acc1,That animation quality was insane! 🎉,,🔥
5850,2026-01-09 10:58:00,acc2,No spoilers please! 😀,5838,😮
5851,2026-01-09 11:00:00,acc3,That animation quality was insane! ❤️,5848,💯
5852,2026-01-09 11:02:00,acc4,Anyone watching Naruto lately? 💯,5850,🔥
5853,2026-01-09 11:04:00,acc1,No spoilers please! 📚,5848,😂
5854,2026-01-09 11:06:00,acc2,That animation quality was insane! ❤️,5849,💯
5855,2026-01-09 11:08:00,acc3,"Quote of the day: ""The world isn't perfect, but it's beautiful."" ⚡",5844,😭
5856,2026-01-09 11:10:00,acc4,Who's your favorite character from Haikyuu!!? 🤔,,👍
5857,2026-01-09 11:12:00,acc1,Opening theme has been stuck in my head. 😂,,😮
5858,2026-01-09 11:14:00,acc2,Anyone watching Fullmetal Alchemist lately? 😂,,
5859,2026-01-09 11:16:00,acc3,"Quote of the day: ""Power comes in response to a need."" 🤔",,👍
5860,2026-01-09 11:18:00,acc4,My favorite moment in Jujutsu Kaisen still gives me chills ❤️,,❤️
5861,2026-01-09 11:20:00,acc1,I think today's episode was incredible! 🤔,5845,😭
5862,2026-01-09 11:22:00,acc2,Anyone watching One Piece lately? 😎,,💯
5863,2026-01-09 11:24:00,acc3,My favorite moment in One Piece still gives me chills 😎,,❤️
5864,2026-01-09 11:26:00,acc4,That animation quality was insane! ⚡,,💯
5865,2026-01-09 11:28:00,acc1,Who's your favorite character from Frieren? 🙌,5856,
5866,2026-01-09 11:30:00,acc2,Opening theme has been stuck in my head. 🔥,,💯
5867,2026-01-09 11:32:00,acc3,Random anime fact: One Piece is among the best-selling manga series. 🤔,5853,🔥
5868,2026-01-09 11:34:00,acc4,I'm rewatching Dragon Ball this weekend. ❤️,5853,😂
5869,2026-01-09 11:36:00,acc1,Who's your favorite character from Dragon Ball? ✨,5865,😎
5870,2026-01-09 11:38:00,acc2,Opening theme has been stuck in my head. 😎,,❤️
5871,2026-01-09 11:40:00,acc3,Opening theme has been stuck in my head. 👀,,
5872,2026-01-09 11:42:00,acc4,Who's your favorite character from Steins;Gate? 💯,5862,😮
5873,2026-01-09 11:44:00,acc1,Opening theme has been stuck in my head. 🍜,,😮
5874,2026-01-09 11:46:00,acc2,Random anime fact: Studio Ghibli films are famous for hand-drawn animation. 😎,5872,😎
5875,2026-01-09 11:48:00,acc3,I think today's episode was incredible! 🤔,,👍
5876,2026-01-09 11:50:00,acc4,I'm rewatching Bleach this weekend. ⚡,5865,👍
5877,2026-01-09 11:52:00,acc1,I'm rewatching Attack on Titan this weekend. 😭,5872,
5878,2026-01-09 11:54:00,acc2,I think today's episode was incredible! 🔥,5873,😂
5879,2026-01-09 11:56:00,acc3,My favorite moment in One Piece still gives me chills 💯,5877,👍
5880,2026-01-09 11:58:00,acc4,That animation quality was insane! 🙌,,🔥
5881,2026-01-09 12:00:00,acc1,Who's your favorite character from Attack on Titan? ❤️,,😭
5882,2026-01-09 12:02:00,acc2,Who's your favorite character from Jujutsu Kaisen? 😭,,👏
5883,2026-01-09 12:04:00,acc3,Random anime fact: One Piece is among the best-selling manga series. 😎,5878,🔥
5884,2026-01-09 12:06:00,acc4,No spoilers please! ⚡,,❤️
5885,2026-01-09 12:08:00,acc1,That animation quality was insane! 😭,5877,❤️
5886,2026-01-09 12:10:00,acc2,I think today's episode was incredible! 😂,,💯
5887,2026-01-09 12:12:00,acc3,No spoilers please! 😭,5885,😮
5888,2026-01-09 12:14:00,acc4,"Quote of the day: ""A lesson without pain is meaningless."" 😭",,💯
5889,2026-01-09 12:16:00,acc1,I think today's episode was incredible! 📚,,💯
5890,2026-01-09 12:18:00,acc2,Opening theme has been stuck in my head. ❤️,,🔥
5891,2026-01-09 12:20:00,acc3,I think today's episode was incredible! 📚,5883,😂
5892,2026-01-09 12:22:00,acc4,My favorite moment in Dragon Ball still gives me chills 😭,5877,😂
5893,2026-01-09 12:24:00,acc1,Who's your favorite character from Vinland Saga? 🍜,5889,💯
5894,2026-01-09 12:26:00,acc2,I'm rewatching Death Note this weekend. ✨,5891,😎
5895,2026-01-09 12:28:00,acc3,Opening theme has been stuck in my head. 😂,,🔥
5896,2026-01-09 12:30:00,acc4,Anyone watching Naruto lately? ⚡,,🔥
5897,2026-01-09 12:32:00,acc1,I think today's episode was incredible! 🔥,5892,❤️
5898,2026-01-09 12:34:00,acc2,Anyone watching Vinland Saga lately? ❤️,5884,😭
5899,2026-01-09 12:36:00,acc3,Anyone watching Frieren lately? 📚,,💯
5900,2026-01-09 12:38:00,acc4,Opening theme has been stuck in my head. 😂,5897,💯
5901,2026-01-09 12:40:00,acc1,No spoilers please! 🍜,,👏
5902,2026-01-09 12:42:00,acc2,Random anime fact: One Piece is among the best-selling manga series. 😭,,👍
5903,2026-01-09 12:44:00,acc3,I'm rewatching Vinland Saga this weekend. 😭,,👏
5904,2026-01-09 12:46:00,acc4,Opening theme has been stuck in my head. 😭,5890,
5905,2026-01-09 12:48:00,acc1,Who's your favorite character from Frieren? 🎉,5902,👍
5906,2026-01-09 12:50:00,acc2,"Quote of the day: ""A lesson without pain is meaningless."" ⚡",,😂
5907,2026-01-09 12:52:00,acc3,I'm rewatching Frieren this weekend. 🙌,,💯
5908,2026-01-09 12:54:00,acc4,"Quote of the day: ""Power comes in response to a need."" 🔥",5905,💯
5909,2026-01-09 12:56:00,acc1,Random anime fact: Did you know? Anime is often adapted from manga or light novels. ✨,,🔥
5910,2026-01-09 12:58:00,acc2,Opening theme has been stuck in my head. 🍜,,💯
5911,2026-01-09 13:00:00,acc3,I think today's episode was incredible! ✨,,❤️
5912,2026-01-09 13:02:00,acc4,My favorite moment in Attack on Titan still gives me chills ✨,5908,
5913,2026-01-09 13:04:00,acc1,That animation quality was insane! 😭,,💯
5914,2026-01-09 13:06:00,acc2,My favorite moment in Frieren still gives me chills ✨,5900,💯
5915,2026-01-09 13:08:00,acc3,I think today's episode was incredible! 😎,,🔥
5916,2026-01-09 13:10:00,acc4,Random anime fact: Attack on Titan changed many viewers' expectations of anime. 🙌,5909,😮
5917,2026-01-09 13:12:00,acc1,"Quote of the day: ""The world isn't perfect, but it's beautiful."" 🤔",,🔥
5918,2026-01-09 13:14:00,acc2,Who's your favorite character from Attack on Titan? 🔥,5904,😭
5919,2026-01-09 13:16:00,acc3,My favorite moment in Solo Leveling still gives me chills 🍜,5908,👍
5920,2026-01-09 13:18:00,acc4,No spoilers please! 😭,5904,😭
5921,2026-01-09 13:20:00,acc1,Random anime fact: Voice actors in Japan are called seiyuu. 🤔,,
5922,2026-01-09 13:22:00,acc2,No spoilers please! 😂,,
5923,2026-01-09 13:24:00,acc3,Random anime fact: Attack on Titan changed many viewers' expectations of anime. 📚,5921,❤️
5924,2026-01-09 13:26:00,acc4,I'm rewatching Solo Leveling this weekend. 👀,,💯
5925,2026-01-09 13:28:00,acc1,That animation quality was insane! ❤️,5915,👏
5926,2026-01-09 13:30:00,acc2,No spoilers please! 🔥,5912,😂
5927,2026-01-09 13:32:00,acc3,I think today's episode was incredible! 💯,5922,
5928,2026-01-09 13:34:00,acc4,No spoilers please! 😎,5921,😮
5929,2026-01-09 13:36:00,acc1,I think today's episode was incredible! 🙌,5926,💯
5930,2026-01-09 13:38:00,acc2,No spoilers please! 📚,5920,👏
5931,2026-01-09 13:40:00,acc3,Opening theme has been stuck in my head. 🙌,5926,👏
5932,2026-01-09 13:42:00,acc4,I'm rewatching Dragon Ball this weekend. 🙌,5918,🔥
5933,2026-01-09 13:44:00,acc1,Anyone watching Dragon Ball lately? 😭,5926,😮
5934,2026-01-09 13:46:00,acc2,That animation quality was insane! 😀,,😎
5935,2026-01-09 13:48:00,acc3,Anyone watching Solo Leveling lately? 😭,5926,😎
5936,2026-01-09 13:50:00,acc4,Random anime fact: One Piece is among the best-selling manga series. 😀,,🔥
5937,2026-01-09 13:52:00,acc1,My favorite moment in Fullmetal Alchemist still gives me chills 😂,,
5938,2026-01-09 13:54:00,acc2,"Quote of the day: ""The world isn't perfect, but it's beautiful."" 😭",,👍
5939,2026-01-09 13:56:00,acc3,Who's your favorite character from Fullmetal Alchemist? ❤️,5931,🔥
5940,2026-01-09 13:58:00,acc4,Anyone watching Haikyuu!! lately? ⚡,5925,
5941,2026-01-09 14:00:00,acc1,I think today's episode was incredible! 💯,5929,🔥
5942,2026-01-09 14:02:00,acc2,I think today's episode was incredible! 😀,,😭
5943,2026-01-09 14:04:00,acc3,That animation quality was insane! 😂,,
5944,2026-01-09 14:06:00,acc4,That animation quality was insane! 😎,5938,😎
5945,2026-01-09 14:08:00,acc1,Anyone watching Death Note lately? 🙌,5937,😎
5946,2026-01-09 14:10:00,acc2,Random anime fact: Attack on Titan changed many viewers' expectations of anime. 😀,,❤️
5947,2026-01-09 14:12:00,acc3,That animation quality was insane! 😭,,😮
5948,2026-01-09 14:14:00,acc4,Anyone watching Death Note lately? 💯,5940,👍
5949,2026-01-09 14:16:00,acc1,Who's your favorite character from Frieren? 🎉,,👏
5950,2026-01-09 14:18:00,acc2,Anyone watching My Hero Academia lately? 😀,,
5951,2026-01-09 14:20:00,acc3,No spoilers please! ❤️,5940,😮
5952,2026-01-09 14:22:00,acc4,Who's your favorite character from Haikyuu!!? 💯,5940,🔥
5953,2026-01-09 14:24:00,acc1,Opening theme has been stuck in my head. 🍜,5937,😎
5954,2026-01-09 14:26:00,acc2,Opening theme has been stuck in my head. 😂,5947,💯
5955,2026-01-09 14:28:00,acc3,Random anime fact: Did you know? Anime is often adapted from manga or light novels. ❤️,,👍
5956,2026-01-09 14:30:00,acc4,No spoilers please! 📚,5950,😂
5957,2026-01-09 14:32:00,acc1,My favorite moment in Dragon Ball still gives me chills 😂,5950,👍
5958,2026-01-09 14:34:00,acc2,Anyone watching Fullmetal Alchemist lately? 😎,5944,
5959,2026-01-09 14:36:00,acc3,Opening theme has been stuck in my head. 🤔,,
5960,2026-01-09 14:38:00,acc4,Random anime fact: Many anime openings become chart-topping songs. 🎉,,😎
5961,2026-01-09 14:40:00,acc1,That animation quality was insane! ⚡,5945,💯
5962,2026-01-09 14:42:00,acc2,I think today's episode was incredible! 👀,5959,❤️
5963,2026-01-09 14:44:00,acc3,"Quote of the day: ""People's dreams never end."" 💯",5960,😭
5964,2026-01-09 14:46:00,acc4,Who's your favorite character from Fullmetal Alchemist? 😎,5958,🔥
5965,2026-01-09 14:48:00,acc1,"Quote of the day: ""People's dreams never end."" ✨",,😂
5966,2026-01-09 14:50:00,acc2,I'm rewatching Fullmetal Alchemist this weekend. 🍜,5952,💯
5967,2026-01-09 14:52:00,acc3,Anyone watching Haikyuu!! lately? 🔥,5956,😮
5968,2026-01-09 14:54:00,acc4,"Quote of the day: ""Power comes in response to a need."" 😂",,❤️
5969,2026-01-09 14:56:00,acc1,Anyone watching Bleach lately? 😭,,😭
5970,2026-01-09 14:58:00,acc2,Opening theme has been stuck in my head. 😂,,😎
5971,2026-01-09 15:00:00,acc3,Random anime fact: Did you know? Anime is often adapted from manga or light novels. 😀,5962,👏
5972,2026-01-09 15:02:00,acc4,No spoilers please! 🤔,5970,😂
5973,2026-01-09 15:04:00,acc1,That animation quality was insane! ❤️,,😭
5974,2026-01-09 15:06:00,acc2,Opening theme has been stuck in my head. 😂,5960,😮
5975,2026-01-09 15:08:00,acc3,I think today's episode was incredible! 😭,,😭
5976,2026-01-09 15:10:00,acc4,Opening theme has been stuck in my head. 😎,5967,😮
5977,2026-01-09 15:12:00,acc1,"Quote of the day: ""Power comes in response to a need."" 🤔",5973,😂
5978,2026-01-09 15:14:00,acc2,Who's your favorite character from Dragon Ball? 🎉,5975,😎
5979,2026-01-09 15:16:00,acc3,That animation quality was insane! 🙌,5972,
5980,2026-01-09 15:18:00,acc4,No spoilers please! 🍜,,❤️
5981,2026-01-09 15:20:00,acc1,That animation quality was insane! 🙌,5968,🔥
5982,2026-01-09 15:22:00,acc2,That animation quality was insane! ⚡,,💯
5983,2026-01-09 15:24:00,acc3,That animation quality was insane! 😀,5980,😎
5984,2026-01-09 15:26:00,acc4,No spoilers please! ❤️,5969,
5985,2026-01-09 15:28:00,acc1,Anyone watching Hunter x Hunter lately? 🤔,,😭
5986,2026-01-09 15:30:00,acc2,"Quote of the day: ""The world isn't perfect, but it's beautiful."" 😀",5974,👏
5987,2026-01-09 15:32:00,acc3,"Quote of the day: ""A lesson without pain is meaningless."" 🍜",5980,😂
5988,2026-01-09 15:34:00,acc4,I think today's episode was incredible! 📚,,👏
5989,2026-01-09 15:36:00,acc1,I think today's episode was incredible! 😂,5986,👏
5990,2026-01-09 15:38:00,acc2,"Quote of the day: ""A lesson without pain is meaningless."" 😭",5974,🔥
5991,2026-01-09 15:40:00,acc3,My favorite moment in Demon Slayer still gives me chills ⚡,,😎
5992,2026-01-09 15:42:00,acc4,That animation quality was insane! 📚,5983,😮
5993,2026-01-09 15:44:00,acc1,"Quote of the day: ""A lesson without pain is meaningless."" 📚",5977,🔥
5994,2026-01-09 15:46:00,acc2,No spoilers please! ⚡,5990,😂
5995,2026-01-09 15:48:00,acc3,"Quote of the day: ""People's dreams never end."" 👀",5991,
5996,2026-01-09 15:50:00,acc4,My favorite moment in Jujutsu Kaisen still gives me chills 😎,5991,😂
5997,2026-01-09 15:52:00,acc1,Anyone watching Hunter x Hunter lately? 🎉,5993,💯
5998,2026-01-09 15:54:00,acc2,Opening theme has been stuck in my head. 💯,,❤️
5999,2026-01-09 15:56:00,acc3,Who's your favorite character from Dragon Ball? 🤔,,😎
6000,2026-01-09 15:58:00,acc4,No spoilers please! 📚,5998,🔥
6001,2026-01-09 16:00:00,acc1,"Quote of the day: ""People's dreams never end."" 😀",,🔥
6002,2026-01-09 16:02:00,acc2,Random anime fact: Voice actors in Japan are called seiyuu. ✨,,🔥
6003,2026-01-09 16:04:00,acc3,Opening theme has been stuck in my head. 🍜,,😭
6004,2026-01-09 16:06:00,acc4,That animation quality was insane! 😂,5996,
6005,2026-01-09 16:08:00,acc1,"Quote of the day: ""A lesson without pain is meaningless."" 😂",,👏
6006,2026-01-09 16:10:00,acc2,No spoilers please! 🔥,,😎
6007,2026-01-09 16:12:00,acc3,"Quote of the day: ""Power comes in response to a need."" 💯",,💯
6008,2026-01-09 16:14:00,acc4,No spoilers please! 🍜,,👍
6009,2026-01-09 16:16:00,acc1,Random anime fact: Studio Ghibli films are famous for hand-drawn animation. ⚡,6005,😮
6010,2026-01-09 16:18:00,acc2,"Quote of the day: ""A lesson without pain is meaningless."" 😭",,🔥
6011,2026-01-09 16:20:00,acc3,That animation quality was insane! 😎,,😭
6012,2026-01-09 16:22:00,acc4,Random anime fact: Many anime openings become chart-topping songs. 📚,5996,🔥
6013,2026-01-09 16:24:00,acc1,Opening theme has been stuck in my head. 😎,,😮
6014,2026-01-09 16:26:00,acc2,My favorite moment in Death Note still gives me chills 😂,,🔥
6015,2026-01-09 16:28:00,acc3,Anyone watching Steins;Gate lately? 🍜,,❤️
6016,2026-01-09 16:30:00,acc4,That animation quality was insane! 😭,,💯
6017,2026-01-09 16:32:00,acc1,Who's your favorite character from Vinland Saga? ✨,,👏
6018,2026-01-09 16:34:00,acc2,Anyone watching Frieren lately? 🎉,6007,😭
6019,2026-01-09 16:36:00,acc3,Opening theme has been stuck in my head. 📚,,❤️
6020,2026-01-09 16:38:00,acc4,That animation quality was insane! ✨,,💯
6021,2026-01-09 16:40:00,acc1,Anyone watching Vinland Saga lately? 🙌,,💯
6022,2026-01-09 16:42:00,acc2,Anyone watching One Piece lately? 👀,6013,😮
6023,2026-01-09 16:44:00,acc3,Opening theme has been stuck in my head. 🍜,,💯
6024,2026-01-09 16:46:00,acc4,Anyone watching Jujutsu Kaisen lately? 😂,,😭
6025,2026-01-09 16:48:00,acc1,"Quote of the day: ""The world isn't perfect, but it's beautiful."" 🍜",6011,❤️
6026,2026-01-09 16:50:00,acc2,Random anime fact: Studio Ghibli films are famous for hand-drawn animation. 🍜,6014,😂
6027,2026-01-09 16:52:00,acc3,I think today's episode was incredible! ❤️,,😮
6028,2026-01-09 16:54:00,acc4,My favorite moment in One Piece still gives me chills 🎉,6012,😭
6029,2026-01-09 16:56:00,acc1,Anyone watching Demon Slayer lately? 🤔,,👍
6030,2026-01-09 16:58:00,acc2,That animation quality was insane! 🍜,,❤️
6031,2026-01-09 17:00:00,acc3,"Quote of the day: ""Power comes in response to a need."" ❤️",6027,❤️
6032,2026-01-09 17:02:00,acc4,Opening theme has been stuck in my head. ⚡,6021,😮
6033,2026-01-09 17:04:00,acc1,No spoilers please! 📚,6021,
6034,2026-01-09 17:06:00,acc2,Random anime fact: Voice actors in Japan are called seiyuu. 🍜,6028,😎
6035,2026-01-09 17:08:00,acc3,No spoilers please! 😀,6029,👏
6036,2026-01-09 17:10:00,acc4,That animation quality was insane! 🍜,6021,😂
6037,2026-01-09 17:12:00,acc1,I think today's episode was incredible! 🔥,6034,👏
6038,2026-01-09 17:14:00,acc2,Random anime fact: One Piece is among the best-selling manga series. 🙌,,
6039,2026-01-09 17:16:00,acc3,"Quote of the day: ""Keep moving forward."" 😎",,😂
6040,2026-01-09 17:18:00,acc4,Who's your favorite character from Dragon Ball? ⚡,6037,😂
6041,2026-01-09 17:20:00,acc1,Who's your favorite character from Hunter x Hunter? ✨,,🔥
6042,2026-01-09 17:22:00,acc2,Who's your favorite character from Death Note? 🤔,,
6043,2026-01-09 17:24:00,acc3,I think today's episode was incredible! 🎉,6027,🔥
6044,2026-01-09 17:26:00,acc4,Who's your favorite character from Hunter x Hunter? 😭,6032,😎
6045,2026-01-09 17:28:00,acc1,Random anime fact: Many anime openings become chart-topping songs. 🍜,6029,😎
6046,2026-01-09 17:30:00,acc2,Who's your favorite character from Solo Leveling? 😀,6038,😭
6047,2026-01-09 17:32:00,acc3,I think today's episode was incredible! 😀,,😂
6048,2026-01-09 17:34:00,acc4,My favorite moment in Fullmetal Alchemist still gives me chills 🔥,,👍
6049,2026-01-09 17:36:00,acc1,I'm rewatching Death Note this weekend. 😎,6036,
6050,2026-01-09 17:38:00,acc2,My favorite moment in Attack on Titan still gives me chills ⚡,6038,👍
6051,2026-01-09 17:40:00,acc3,That animation quality was insane! 🤔,6049,😎
6052,2026-01-09 17:42:00,acc4,I'm rewatching Steins;Gate this weekend. 🤔,6043,😮
6053,2026-01-09 17:44:00,acc1,That animation quality was insane! 😭,6044,😂
6054,2026-01-09 17:46:00,acc2,Anyone watching Hunter x Hunter lately? 🙌,6051,😭
6055,2026-01-09 17:48:00,acc3,No spoilers please! 😀,,👍
6056,2026-01-09 17:50:00,acc4,"Quote of the day: ""Keep moving forward."" 👀",6042,👏
6057,2026-01-09 17:52:00,acc1,Who's your favorite character from Jujutsu Kaisen? 💯,,🔥
6058,2026-01-09 17:54:00,acc2,Anyone watching Hunter x Hunter lately? 😭,,
6059,2026-01-09 17:56:00,acc3,Random anime fact: One Piece is among the best-selling manga series. 🤔,6049,💯
6060,2026-01-09 17:58:00,acc4,My favorite moment in Frieren still gives me chills ❤️,,💯
6061,2026-01-09 18:00:00,acc1,I think today's episode was incredible! ⚡,,😎
6062,2026-01-09 18:02:00,acc2,I'm rewatching Bleach this weekend. ❤️,,😮
6063,2026-01-09 18:04:00,acc3,Opening theme has been stuck in my head. ❤️,,🔥
6064,2026-01-09 18:06:00,acc4,Random anime fact: Voice actors in Japan are called seiyuu. 🤔,6062,💯
6065,2026-01-09 18:08:00,acc1,"Quote of the day: ""Keep moving forward."" 🤔",,😎
6066,2026-01-09 18:10:00,acc2,Anyone watching My Hero Academia lately? 🙌,,😮
6067,2026-01-09 18:12:00,acc3,I think today's episode was incredible! ⚡,,😭
6068,2026-01-09 18:14:00,acc4,I'm rewatching Fullmetal Alchemist this weekend. 🍜,,
6069,2026-01-09 18:16:00,acc1,No spoilers please! ⚡,,😮
6070,2026-01-09 18:18:00,acc2,I'm rewatching Dragon Ball this weekend. 👀,6057,
6071,2026-01-09 18:20:00,acc3,"Quote of the day: ""People's dreams never end."" 💯",6059,👍
6072,2026-01-09 18:22:00,acc4,That animation quality was insane! 📚,6069,
6073,2026-01-09 18:24:00,acc1,Anyone watching Attack on Titan lately? 🍜,,❤️
6074,2026-01-09 18:26:00,acc2,Who's your favorite character from Death Note? 👀,6058,😭
6075,2026-01-09 18:28:00,acc3,No spoilers please! 💯,6066,❤️
6076,2026-01-09 18:30:00,acc4,That animation quality was insane! 😂,,😭
6077,2026-01-09 18:32:00,acc1,Who's your favorite character from Demon Slayer? ❤️,6062,👍
6078,2026-01-09 18:34:00,acc2,No spoilers please! ⚡,6068,😭
6079,2026-01-09 18:36:00,acc3,I'm rewatching Attack on Titan this weekend. 🤔,6071,❤️
6080,2026-01-09 18:38:00,acc4,I'm rewatching Jujutsu Kaisen this weekend. 🔥,6073,😎
6081,2026-01-09 18:40:00,acc1,Opening theme has been stuck in my head. 😎,6074,❤️
6082,2026-01-09 18:42:00,acc2,My favorite moment in Haikyuu!! still gives me chills 😎,6071,😎
6083,2026-01-09 18:44:00,acc3,"Quote of the day: ""A lesson without pain is meaningless."" ⚡",,😮
6084,2026-01-09 18:46:00,acc4,My favorite moment in Fullmetal Alchemist still gives me chills ❤️,6073,
6085,2026-01-09 18:48:00,acc1,My favorite moment in Haikyuu!! still gives me chills ⚡,,
6086,2026-01-09 18:50:00,acc2,My favorite moment in Steins;Gate still gives me chills 🙌,,😮
6087,2026-01-09 18:52:00,acc3,Who's your favorite character from One Piece? 🙌,,😭
6088,2026-01-09 18:54:00,acc4,"Quote of the day: ""People's dreams never end."" 🔥",6073,👍
6089,2026-01-09 18:56:00,acc1,Opening theme has been stuck in my head. ⚡,6082,💯
6090,2026-01-09 18:58:00,acc2,I think today's episode was incredible! ✨,6078,😂
6091,2026-01-09 19:00:00,acc3,Opening theme has been stuck in my head. 😎,6084,
6092,2026-01-09 19:02:00,acc4,Opening theme has been stuck in my head. 🎉,6079,💯
6093,2026-01-09 19:04:00,acc1,I'm rewatching Vinland Saga this weekend. 😎,6082,😎
6094,2026-01-09 19:06:00,acc2,I'm rewatching My Hero Academia this weekend. 💯,6092,👍
6095,2026-01-09 19:08:00,acc3,Random anime fact: Voice actors in Japan are called seiyuu. 🙌,,
6096,2026-01-09 19:10:00,acc4,My favorite moment in Naruto still gives me chills ⚡,6083,💯
6097,2026-01-09 19:12:00,acc1,Who's your favorite character from One Piece? ⚡,6092,👍
6098,2026-01-09 19:14:00,acc2,That animation quality was insane! 🤔,6082,👍
6099,2026-01-09 19:16:00,acc3,My favorite moment in Frieren still gives me chills 📚,,💯
6100,2026-01-09 19:18:00,acc4,I'm rewatching Death Note this weekend. 🔥,6084,😭
6101,2026-01-09 19:20:00,acc1,I'm rewatching Attack on Titan this weekend. 👀,,💯
6102,2026-01-09 19:22:00,acc2,That animation quality was insane! 😀,6098,😮
6103,2026-01-09 19:24:00,acc3,Opening theme has been stuck in my head. 🔥,6101,👍
6104,2026-01-09 19:26:00,acc4,My favorite moment in Frieren still gives me chills ✨,6099,💯
6105,2026-01-09 19:28:00,acc1,Random anime fact: One Piece is among the best-selling manga series. 📚,6096,👍
6106,2026-01-09 19:30:00,acc2,"Quote of the day: ""Power comes in response to a need."" 😎",6096,🔥
6107,2026-01-09 19:32:00,acc3,That animation quality was insane! 😎,,😭
6108,2026-01-09 19:34:00,acc4,Who's your favorite character from Jujutsu Kaisen? 😀,,😭
6109,2026-01-09 19:36:00,acc1,"Quote of the day: ""People's dreams never end."" 💯",,👍
6110,2026-01-09 19:38:00,acc2,I think today's episode was incredible! 🤔,,😂
6111,2026-01-09 19:40:00,acc3,Anyone watching Haikyuu!! lately? 😎,6108,😭
6112,2026-01-09 19:42:00,acc4,Anyone watching Hunter x Hunter lately? 🔥,6107,💯
6113,2026-01-09 19:44:00,acc1,I think today's episode was incredible! 😭,,👍
6114,2026-01-09 19:46:00,acc2,Random anime fact: Voice actors in Japan are called seiyuu. 😎,6108,❤️
6115,2026-01-09 19:48:00,acc3,I think today's episode was incredible! ❤️,,😂
6116,2026-01-09 19:50:00,acc4,Anyone watching Vinland Saga lately? ✨,,❤️
6117,2026-01-09 19:52:00,acc1,I'm rewatching Hunter x Hunter this weekend. 🤔,,❤️
6118,2026-01-09 19:54:00,acc2,No spoilers please! 🍜,6116,😎
6119,2026-01-09 19:56:00,acc3,I think today's episode was incredible! 🤔,,❤️
6120,2026-01-09 19:58:00,acc4,Anyone watching Solo Leveling lately? ⚡,6109,👏
6121,2026-01-09 20:00:00,acc1,Opening theme has been stuck in my head. 🔥,6105,😎
6122,2026-01-09 20:02:00,acc2,Who's your favorite character from Haikyuu!!? 📚,,😂
6123,2026-01-09 20:04:00,acc3,No spoilers please! 👀,6117,😂
6124,2026-01-09 20:06:00,acc4,Random anime fact: Attack on Titan changed many viewers' expectations of anime. 👀,6111,👏
6125,2026-01-09 20:08:00,acc1,Random anime fact: Did you know? Anime is often adapted from manga or light novels. 😭,,👏
6126,2026-01-09 20:10:00,acc2,Opening theme has been stuck in my head. ⚡,6117,👏
6127,2026-01-09 20:12:00,acc3,No spoilers please! ⚡,,👏
6128,2026-01-09 20:14:00,acc4,"Quote of the day: ""A lesson without pain is meaningless."" ⚡",,😮
6129,2026-01-09 20:16:00,acc1,My favorite moment in Solo Leveling still gives me chills 💯,6120,💯
6130,2026-01-09 20:18:00,acc2,That animation quality was insane! 😎,6120,😮
6131,2026-01-09 20:20:00,acc3,That animation quality was insane! 🔥,6118,😂
6132,2026-01-09 20:22:00,acc4,I'm rewatching Jujutsu Kaisen this weekend. 📚,,😎
6133,2026-01-09 20:24:00,acc1,No spoilers please! 😎,6119,
6134,2026-01-09 20:26:00,acc2,No spoilers please! ✨,,😎
6135,2026-01-09 20:28:00,acc3,Who's your favorite character from Steins;Gate? 🎉,6131,❤️
6136,2026-01-09 20:30:00,acc4,I'm rewatching Jujutsu Kaisen this weekend. 😂,6129,🔥
6137,2026-01-09 20:32:00,acc1,Anyone watching One Piece lately? ✨,,😎
6138,2026-01-09 20:34:00,acc2,No spoilers please! 😀,,👍
6139,2026-01-09 20:36:00,acc3,Anyone watching Fullmetal Alchemist lately? 🙌,,👍
6140,2026-01-09 20:38:00,acc4,That animation quality was insane! 🤔,6135,🔥
6141,2026-01-09 20:40:00,acc1,That animation quality was insane! 🙌,6134,
6142,2026-01-09 20:42:00,acc2,"Quote of the day: ""A lesson without pain is meaningless."" 😂",6127,💯
6143,2026-01-09 20:44:00,acc3,Anyone watching Vinland Saga lately? 😭,6137,❤️
6144,2026-01-09 20:46:00,acc4,That animation quality was insane! ⚡,6130,😎
6145,2026-01-09 20:48:00,acc1,No spoilers please! 👀,6135,😂
6146,2026-01-09 20:50:00,acc2,No spoilers please! 👀,6142,😮
6147,2026-01-09 20:52:00,acc3,Random anime fact: Attack on Titan changed many viewers' expectations of anime. 🍜,,
6148,2026-01-09 20:54:00,acc4,My favorite moment in Jujutsu Kaisen still gives me chills ❤️,6136,💯
6149,2026-01-09 20:56:00,acc1,My favorite moment in Dragon Ball still gives me chills ⚡,6139,👏
6150,2026-01-09 20:58:00,acc2,Anyone watching Death Note lately? ❤️,,
6151,2026-01-09 21:00:00,acc3,No spoilers please! ❤️,6147,💯
6152,2026-01-09 21:02:00,acc4,Who's your favorite character from Frieren? 😭,,😎
6153,2026-01-09 21:04:00,acc1,I think today's episode was incredible! 📚,,😂
6154,2026-01-09 21:06:00,acc2,Random anime fact: Voice actors in Japan are called seiyuu. ⚡,6152,😎
6155,2026-01-09 21:08:00,acc3,Random anime fact: One Piece is among the best-selling manga series. 😂,,🔥
6156,2026-01-09 21:10:00,acc4,I think today's episode was incredible! 😎,6141,😎
6157,2026-01-09 21:12:00,acc1,No spoilers please! 🍜,,🔥
6158,2026-01-09 21:14:00,acc2,I think today's episode was incredible! ❤️,,😮
6159,2026-01-09 21:16:00,acc3,No spoilers please! ✨,,😎
6160,2026-01-09 21:18:00,acc4,That animation quality was insane! 😀,6149,💯
6161,2026-01-09 21:20:00,acc1,Opening theme has been stuck in my head. 💯,,😂
6162,2026-01-09 21:22:00,acc2,"Quote of the day: ""A lesson without pain is meaningless."" 🔥",,🔥
6163,2026-01-09 21:24:00,acc3,"Quote of the day: ""The world isn't perfect, but it's beautiful."" 🤔",6148,😎
6164,2026-01-09 21:26:00,acc4,I think today's episode was incredible! 🙌,6158,😭
6165,2026-01-09 21:28:00,acc1,No spoilers please! 📚,,😭
6166,2026-01-09 21:30:00,acc2,Random anime fact: Did you know? Anime is often adapted from manga or light novels. 😭,6155,👍
6167,2026-01-09 21:32:00,acc3,Opening theme has been stuck in my head. 💯,,😭
6168,2026-01-09 21:34:00,acc4,My favorite moment in Hunter x Hunter still gives me chills 😎,6165,😮
6169,2026-01-09 21:36:00,acc1,"Quote of the day: ""People's dreams never end."" 😀",,🔥
6170,2026-01-09 21:38:00,acc2,That animation quality was insane! 🍜,6167,
6171,2026-01-09 21:40:00,acc3,I'm rewatching Naruto this weekend. 💯,6159,😭
6172,2026-01-09 21:42:00,acc4,Anyone watching Death Note lately? 🎉,6157,❤️
6173,2026-01-09 21:44:00,acc1,"Quote of the day: ""People's dreams never end."" ✨",6160,😭
6174,2026-01-09 21:46:00,acc2,My favorite moment in Demon Slayer still gives me chills 🎉,6165,😭
6175,2026-01-09 21:48:00,acc3,"Quote of the day: ""Power comes in response to a need."" 💯",,😮
6176,2026-01-09 21:50:00,acc4,Opening theme has been stuck in my head. ❤️,,
6177,2026-01-09 21:52:00,acc1,I think today's episode was incredible! 🔥,6168,😭
6178,2026-01-09 21:54:00,acc2,Who's your favorite character from My Hero Academia? ⚡,,👏
6179,2026-01-09 21:56:00,acc3,No spoilers please! 💯,6168,😂
6180,2026-01-09 21:58:00,acc4,Who's your favorite character from Bleach? ✨,,👍
6181,2026-01-09 22:00:00,acc1,No spoilers please! ❤️,,💯
6182,2026-01-09 22:02:00,acc2,Who's your favorite character from Death Note? 🍜,,👍
6183,2026-01-09 22:04:00,acc3,Opening theme has been stuck in my head. 📚,6170,👏
6184,2026-01-09 22:06:00,acc4,That animation quality was insane! 😀,6179,🔥
6185,2026-01-09 22:08:00,acc1,Random anime fact: Attack on Titan changed many viewers' expectations of anime. ❤️,6169,😂
6186,2026-01-09 22:10:00,acc2,That animation quality was insane! 😂,6181,😭
6187,2026-01-09 22:12:00,acc3,I'm rewatching Frieren this weekend. 💯,6183,❤️
6188,2026-01-09 22:14:00,acc4,My favorite moment in Vinland Saga still gives me chills 🙌,6185,
6189,2026-01-09 22:16:00,acc1,I think today's episode was incredible! 🎉,6182,😂
6190,2026-01-09 22:18:00,acc2,I'm rewatching Bleach this weekend. 🤔,,👏
6191,2026-01-09 22:20:00,acc3,I'm rewatching Naruto this weekend. 😎,,😭
6192,2026-01-09 22:22:00,acc4,"Quote of the day: ""The world isn't perfect, but it's beautiful."" 💯",6188,
6193,2026-01-09 22:24:00,acc1,Opening theme has been stuck in my head. 🎉,6191,😭
6194,2026-01-09 22:26:00,acc2,I'm rewatching My Hero Academia this weekend. 🙌,6188,😂
6195,2026-01-09 22:28:00,acc3,My favorite moment in Jujutsu Kaisen still gives me chills ✨,,👍
6196,2026-01-09 22:30:00,acc4,No spoilers please! 🔥,6190,💯
6197,2026-01-09 22:32:00,acc1,My favorite moment in Naruto still gives me chills 🤔,,👏
6198,2026-01-09 22:34:00,acc2,Opening theme has been stuck in my head. 🍜,6194,👍
6199,2026-01-09 22:36:00,acc3,Anyone watching Haikyuu!! lately? 💯,6183,👍
6200,2026-01-09 22:38:00,acc4,I'm rewatching Steins;Gate this weekend. ✨,6188,😂
6201,2026-01-09 22:40:00,acc1,Opening theme has been stuck in my head. 📚,6191,👏
6202,2026-01-09 22:42:00,acc2,No spoilers please! 🍜,,👍
6203,2026-01-09 22:44:00,acc3,Opening theme has been stuck in my head. 😂,6198,👏
6204,2026-01-09 22:46:00,acc4,Who's your favorite character from Bleach? 🍜,,🔥
6205,2026-01-09 22:48:00,acc1,I think today's episode was incredible! ⚡,6199,😭
6206,2026-01-09 22:50:00,acc2,Random anime fact: One Piece is among the best-selling manga series. 😎,,👏
6207,2026-01-09 22:52:00,acc3,My favorite moment in Death Note still gives me chills ❤️,,
6208,2026-01-09 22:54:00,acc4,Anyone watching My Hero Academia lately? 😎,6199,❤️
6209,2026-01-09 22:56:00,acc1,That animation quality was insane! 🎉,,
6210,2026-01-09 22:58:00,acc2,That animation quality was insane! 😭,6200,
6211,2026-01-09 23:00:00,acc3,Random anime fact: Many anime openings become chart-topping songs. ⚡,6209,❤️
6212,2026-01-09 23:02:00,acc4,"Quote of the day: ""A lesson without pain is meaningless."" 😎",,💯
6213,2026-01-09 23:04:00,acc1,Random anime fact: Many anime openings become chart-topping songs. ❤️,,🔥
6214,2026-01-09 23:06:00,acc2,Random anime fact: Attack on Titan changed many viewers' expectations of anime. 🙌,6203,😎
6215,2026-01-09 23:08:00,acc3,"Quote of the day: ""The world isn't perfect, but it's beautiful."" ⚡",,👍
6216,2026-01-09 23:10:00,acc4,Anyone watching Death Note lately? 🙌,6202,😎
6217,2026-01-09 23:12:00,acc1,I'm rewatching Hunter x Hunter this weekend. 😎,6205,💯
6218,2026-01-09 23:14:00,acc2,Who's your favorite character from Bleach? 😂,6212,
6219,2026-01-09 23:16:00,acc3,"Quote of the day: ""The world isn't perfect, but it's beautiful."" 💯",,
6220,2026-01-09 23:18:00,acc4,That animation quality was insane! 🤔,6208,🔥
6221,2026-01-09 23:20:00,acc1,Opening theme has been stuck in my head. 😂,6211,💯
6222,2026-01-09 23:22:00,acc2,That animation quality was insane! 💯,,😂
6223,2026-01-09 23:24:00,acc3,My favorite moment in Attack on Titan still gives me chills 💯,,👍
6224,2026-01-09 23:26:00,acc4,Anyone watching My Hero Academia lately? 🍜,6221,😎
6225,2026-01-09 23:28:00,acc1,I think today's episode was incredible! 🙌,6223,🔥
6226,2026-01-09 23:30:00,acc2,That animation quality was insane! 👀,,😂
6227,2026-01-09 23:32:00,acc3,Opening theme has been stuck in my head. 🎉,,😎
6228,2026-01-09 23:34:00,acc4,Anyone watching Haikyuu!! lately? ⚡,,😮
6229,2026-01-09 23:36:00,acc1,Opening theme has been stuck in my head. 🔥,6219,
6230,2026-01-09 23:38:00,acc2,No spoilers please! 🙌,,😭
6231,2026-01-09 23:40:00,acc3,"Quote of the day: ""A lesson without pain is meaningless."" 👀",,❤️
6232,2026-01-09 23:42:00,acc4,Opening theme has been stuck in my head. ✨,,😮
6233,2026-01-09 23:44:00,acc1,"Quote of the day: ""A lesson without pain is meaningless."" 😂",,😎
6234,2026-01-09 23:46:00,acc2,I'm rewatching Frieren this weekend. ⚡,,😂
6235,2026-01-09 23:48:00,acc3,I think today's episode was incredible! 🔥,,
6236,2026-01-09 23:50:00,acc4,That animation quality was insane! ⚡,6234,👏
6237,2026-01-09 23:52:00,acc1,Random anime fact: Attack on Titan changed many viewers' expectations of anime. 🔥,,👏
6238,2026-01-09 23:54:00,acc2,No spoilers please! 🤔,6222,💯
6239,2026-01-09 23:56:00,acc3,Random anime fact: Did you know? Anime is often adapted from manga or light novels. 🎉,6236,😂
6240,2026-01-09 23:58:00,acc4,No spoilers please! 🔥,6232,
6241,2026-01-10 00:00:00,acc1,"Quote of the day: ""Power comes in response to a need."" 🙌",,
6242,2026-01-10 00:02:00,acc2,That animation quality was insane! 🔥,6230,😭
6243,2026-01-10 00:04:00,acc3,I think today's episode was incredible! 💯,,😭
6244,2026-01-10 00:06:00,acc4,Anyone watching Jujutsu Kaisen lately? 😂,6229,😎
6245,2026-01-10 00:08:00,acc1,No spoilers please! ✨,,😎
6246,2026-01-10 00:10:00,acc2,Who's your favorite character from Death Note? 🙌,6235,👍
6247,2026-01-10 00:12:00,acc3,Anyone watching Solo Leveling lately? 💯,,👍
6248,2026-01-10 00:14:00,acc4,No spoilers please! 📚,6245,💯
6249,2026-01-10 00:16:00,acc1,Who's your favorite character from Death Note? 🎉,,💯
6250,2026-01-10 00:18:00,acc2,No spoilers please! ⚡,6245,😎
6251,2026-01-10 00:20:00,acc3,That animation quality was insane! 🍜,6239,💯
6252,2026-01-10 00:22:00,acc4,Who's your favorite character from Solo Leveling? ❤️,6243,😮
6253,2026-01-10 00:24:00,acc1,Opening theme has been stuck in my head. ⚡,6239,😂
6254,2026-01-10 00:26:00,acc2,Opening theme has been stuck in my head. 😂,6243,👍
6255,2026-01-10 00:28:00,acc3,"Quote of the day: ""The world isn't perfect, but it's beautiful."" 😎",6249,😭
6256,2026-01-10 00:30:00,acc4,I think today's episode was incredible! 😀,6241,
6257,2026-01-10 00:32:00,acc1,Anyone watching Frieren lately? 📚,,😂
6258,2026-01-10 00:34:00,acc2,Opening theme has been stuck in my head. ⚡,,
6259,2026-01-10 00:36:00,acc3,I'm rewatching Bleach this weekend. 👀,6249,💯
6260,2026-01-10 00:38:00,acc4,I think today's episode was incredible! 🎉,6253,😎
6261,2026-01-10 00:40:00,acc1,"Quote of the day: ""Power comes in response to a need."" ⚡",,👏
6262,2026-01-10 00:42:00,acc2,No spoilers please! 💯,6254,😭
6263,2026-01-10 00:44:00,acc3,I think today's episode was incredible! 💯,6260,👏
6264,2026-01-10 00:46:00,acc4,Opening theme has been stuck in my head. 😂,6252,😮
6265,2026-01-10 00:48:00,acc1,Opening theme has been stuck in my head. ❤️,,👏
6266,2026-01-10 00:50:00,acc2,I'm rewatching Death Note this weekend. ⚡,,😭
6267,2026-01-10 00:52:00,acc3,No spoilers please! ❤️,,😭
6268,2026-01-10 00:54:00,acc4,My favorite moment in My Hero Academia still gives me chills 📚,6266,
6269,2026-01-10 00:56:00,acc1,No spoilers please! 🍜,6258,😭
6270,2026-01-10 00:58:00,acc2,Opening theme has been stuck in my head. 🍜,,👍
6271,2026-01-10 01:00:00,acc3,I think today's episode was incredible! 😀,,❤️
6272,2026-01-10 01:02:00,acc4,No spoilers please! 🤔,,👍
6273,2026-01-10 01:04:00,acc1,Opening theme has been stuck in my head. 😂,,😮
6274,2026-01-10 01:06:00,acc2,I'm rewatching Demon Slayer this weekend. 🔥,,😂
6275,2026-01-10 01:08:00,acc3,Anyone watching Fullmetal Alchemist lately? ❤️,6271,💯
6276,2026-01-10 01:10:00,acc4,"Quote of the day: ""A lesson without pain is meaningless."" 🤔",6265,
6277,2026-01-10 01:12:00,acc1,No spoilers please! 💯,,💯
6278,2026-01-10 01:14:00,acc2,My favorite moment in Demon Slayer still gives me chills 🙌,6276,👍
6279,2026-01-10 01:16:00,acc3,I think today's episode was incredible! 🎉,6271,😎
6280,2026-01-10 01:18:00,acc4,I'm rewatching Jujutsu Kaisen this weekend. ❤️,6270,🔥
6281,2026-01-10 01:20:00,acc1,"Quote of the day: ""The world isn't perfect, but it's beautiful."" ⚡",6278,😎
6282,2026-01-10 01:22:00,acc2,Anyone watching Hunter x Hunter lately? 😭,6276,
6283,2026-01-10 01:24:00,acc3,I think today's episode was incredible! 📚,6279,👍
6284,2026-01-10 01:26:00,acc4,Anyone watching Frieren lately? 💯,,😂
6285,2026-01-10 01:28:00,acc1,Anyone watching Haikyuu!! lately? 📚,6269,😭
6286,2026-01-10 01:30:00,acc2,Random anime fact: Many anime openings become chart-topping songs. 🙌,,😂
6287,2026-01-10 01:32:00,acc3,Who's your favorite character from My Hero Academia? 🤔,,👍
6288,2026-01-10 01:34:00,acc4,My favorite moment in Solo Leveling still gives me chills 💯,6278,😭
6289,2026-01-10 01:36:00,acc1,I think today's episode was incredible! ⚡,,😎
6290,2026-01-10 01:38:00,acc2,I think today's episode was incredible! 🎉,6285,
6291,2026-01-10 01:40:00,acc3,No spoilers please! ✨,,😭
6292,2026-01-10 01:42:00,acc4,"Quote of the day: ""Power comes in response to a need."" 🎉",6288,👍
6293,2026-01-10 01:44:00,acc1,Opening theme has been stuck in my head. 🤔,6279,💯
6294,2026-01-10 01:46:00,acc2,I'm rewatching Fullmetal Alchemist this weekend. 😀,6278,👏
6295,2026-01-10 01:48:00,acc3,Opening theme has been stuck in my head. 😭,,😂
6296,2026-01-10 01:50:00,acc4,I think today's episode was incredible! 😂,,🔥
6297,2026-01-10 01:52:00,acc1,No spoilers please! ⚡,6284,😭
6298,2026-01-10 01:54:00,acc2,Opening theme has been stuck in my head. 🙌,,❤️
6299,2026-01-10 01:56:00,acc3,"Quote of the day: ""People's dreams never end."" ⚡",,💯
6300,2026-01-10 01:58:00,acc4,No spoilers please! 🍜,,🔥
6301,2026-01-10 02:00:00,acc1,No spoilers please! 😎,,💯
6302,2026-01-10 02:02:00,acc2,"Quote of the day: ""The world isn't perfect, but it's beautiful."" 🔥",6292,👏
6303,2026-01-10 02:04:00,acc3,I'm rewatching Vinland Saga this weekend. ⚡,,👏
6304,2026-01-10 02:06:00,acc4,I think today's episode was incredible! 🙌,,👍
6305,2026-01-10 02:08:00,acc1,Random anime fact: Many anime openings become chart-topping songs. ⚡,,👍
6306,2026-01-10 02:10:00,acc2,No spoilers please! 🤔,6301,😎
6307,2026-01-10 02:12:00,acc3,I think today's episode was incredible! 📚,6299,😭
6308,2026-01-10 02:14:00,acc4,No spoilers please! ⚡,,👏
6309,2026-01-10 02:16:00,acc1,No spoilers please! 😀,,😮
6310,2026-01-10 02:18:00,acc2,I think today's episode was incredible! 😂,,😭
6311,2026-01-10 02:20:00,acc3,That animation quality was insane! 😂,,😎
6312,2026-01-10 02:22:00,acc4,I think today's episode was incredible! 😂,6306,💯
6313,2026-01-10 02:24:00,acc1,Who's your favorite character from Vinland Saga? 💯,,😮
6314,2026-01-10 02:26:00,acc2,Anyone watching My Hero Academia lately? 😀,,😮
6315,2026-01-10 02:28:00,acc3,No spoilers please! 😀,6301,😭
6316,2026-01-10 02:30:00,acc4,Anyone watching One Piece lately? 👀,6306,😮
6317,2026-01-10 02:32:00,acc1,That animation quality was insane! 🤔,6312,😎
6318,2026-01-10 02:34:00,acc2,That animation quality was insane! 🎉,,🔥
6319,2026-01-10 02:36:00,acc3,Random anime fact: Studio Ghibli films are famous for hand-drawn animation. 🔥,,👏
6320,2026-01-10 02:38:00,acc4,"Quote of the day: ""People's dreams never end."" ✨",,❤️
6321,2026-01-10 02:40:00,acc1,Who's your favorite character from Frieren? 😎,6318,
6322,2026-01-10 02:42:00,acc2,Opening theme has been stuck in my head. 💯,,👍
6323,2026-01-10 02:44:00,acc3,Opening theme has been stuck in my head. ❤️,6318,😎
6324,2026-01-10 02:46:00,acc4,No spoilers please! 🍜,6314,😭
6325,2026-01-10 02:48:00,acc1,Anyone watching Demon Slayer lately? 😎,6315,❤️
6326,2026-01-10 02:50:00,acc2,No spoilers please! 👀,6313,❤️
6327,2026-01-10 02:52:00,acc3,My favorite moment in Death Note still gives me chills ✨,6317,😎
6328,2026-01-10 02:54:00,acc4,No spoilers please! ❤️,,
6329,2026-01-10 02:56:00,acc1,My favorite moment in Attack on Titan still gives me chills ✨,,❤️
6330,2026-01-10 02:58:00,acc2,That animation quality was insane! 😎,,😂
6331,2026-01-10 03:00:00,acc3,Random anime fact: One Piece is among the best-selling manga series. 😂,6318,💯
6332,2026-01-10 03:02:00,acc4,Opening theme has been stuck in my head. 😭,6322,😂
6333,2026-01-10 03:04:00,acc1,I'm rewatching Demon Slayer this weekend. 📚,6327,
6334,2026-01-10 03:06:00,acc2,Anyone watching Frieren lately? 🤔,6328,
6335,2026-01-10 03:08:00,acc3,"Quote of the day: ""The world isn't perfect, but it's beautiful."" 📚",6320,👏
6336,2026-01-10 03:10:00,acc4,Who's your favorite character from Death Note? 😀,,❤️
6337,2026-01-10 03:12:00,acc1,That animation quality was insane! 😂,,😮
6338,2026-01-10 03:14:00,acc2,That animation quality was insane! 🔥,,👏
6339,2026-01-10 03:16:00,acc3,Opening theme has been stuck in my head. 🙌,,👏
6340,2026-01-10 03:18:00,acc4,My favorite moment in Steins;Gate still gives me chills 🎉,6338,😭
6341,2026-01-10 03:20:00,acc1,I'm rewatching Naruto this weekend. ✨,6327,👍
6342,2026-01-10 03:22:00,acc2,"Quote of the day: ""A lesson without pain is meaningless."" ⚡",6340,👏
6343,2026-01-10 03:24:00,acc3,I'm rewatching Demon Slayer this weekend. 🍜,6327,😭
6344,2026-01-10 03:26:00,acc4,That animation quality was insane! 😎,,😮
6345,2026-01-10 03:28:00,acc1,My favorite moment in One Piece still gives me chills 🙌,,🔥
6346,2026-01-10 03:30:00,acc2,I think today's episode was incredible! 🤔,,😎
6347,2026-01-10 03:32:00,acc3,Random anime fact: Voice actors in Japan are called seiyuu. 🙌,6334,😎
6348,2026-01-10 03:34:00,acc4,My favorite moment in Steins;Gate still gives me chills 🤔,6341,👏
6349,2026-01-10 03:36:00,acc1,Random anime fact: Voice actors in Japan are called seiyuu. 🎉,6338,👍
6350,2026-01-10 03:38:00,acc2,Anyone watching Dragon Ball lately? ✨,6338,😎
6351,2026-01-10 03:40:00,acc3,Random anime fact: Many anime openings become chart-topping songs. ⚡,6337,💯
6352,2026-01-10 03:42:00,acc4,Random anime fact: Voice actors in Japan are called seiyuu. 😀,6339,😭
6353,2026-01-10 03:44:00,acc1,That animation quality was insane! 🔥,6344,🔥
6354,2026-01-10 03:46:00,acc2,I'm rewatching Hunter x Hunter this weekend. 🔥,,💯
6355,2026-01-10 03:48:00,acc3,Opening theme has been stuck in my head. 📚,,😎
6356,2026-01-10 03:50:00,acc4,That animation quality was insane! 🎉,6347,😭
6357,2026-01-10 03:52:00,acc1,Who's your favorite character from Frieren? 👀,,
6358,2026-01-10 03:54:00,acc2,I'm rewatching Fullmetal Alchemist this weekend. 😭,,😭
6359,2026-01-10 03:56:00,acc3,No spoilers please! 😭,,
6360,2026-01-10 03:58:00,acc4,That animation quality was insane! ❤️,6358,😭
6361,2026-01-10 04:00:00,acc1,My favorite moment in Fullmetal Alchemist still gives me chills ❤️,,🔥
6362,2026-01-10 04:02:00,acc2,Anyone watching Attack on Titan lately? 👀,,😮
6363,2026-01-10 04:04:00,acc3,No spoilers please! 💯,,🔥
6364,2026-01-10 04:06:00,acc4,My favorite moment in Attack on Titan still gives me chills 🎉,6349,💯
6365,2026-01-10 04:08:00,acc1,Anyone watching Haikyuu!! lately? 🍜,,💯
6366,2026-01-10 04:10:00,acc2,My favorite moment in Jujutsu Kaisen still gives me chills 🍜,6353,😎
6367,2026-01-10 04:12:00,acc3,I think today's episode was incredible! 😂,,🔥
6368,2026-01-10 04:14:00,acc4,I'm rewatching Death Note this weekend. 🤔,,❤️
6369,2026-01-10 04:16:00,acc1,That animation quality was insane! 😀,6353,😎
6370,2026-01-10 04:18:00,acc2,That animation quality was insane! 🙌,,😮
6371,2026-01-10 04:20:00,acc3,Random anime fact: Did you know? Anime is often adapted from manga or light novels. 😭,6359,😭
6372,2026-01-10 04:22:00,acc4,No spoilers please! 😂,6358,💯
6373,2026-01-10 04:24:00,acc1,That animation quality was insane! 😀,,👍
6374,2026-01-10 04:26:00,acc2,I'm rewatching Frieren this weekend. 🤔,6372,
6375,2026-01-10 04:28:00,acc3,Random anime fact: Many anime openings become chart-topping songs. 😭,6373,😎
6376,2026-01-10 04:30:00,acc4,I'm rewatching Bleach this weekend. 👀,6362,💯
6377,2026-01-10 04:32:00,acc1,No spoilers please! 😀,,😎
6378,2026-01-10 04:34:00,acc2,Random anime fact: One Piece is among the best-selling manga series. 📚,,👍
6379,2026-01-10 04:36:00,acc3,Anyone watching My Hero Academia lately? ❤️,6370,❤️
6380,2026-01-10 04:38:00,acc4,"Quote of the day: ""Keep moving forward."" 😀",6373,😂
6381,2026-01-10 04:40:00,acc1,That animation quality was insane! 🍜,,👍
6382,2026-01-10 04:42:00,acc2,Who's your favorite character from Death Note? 💯,6374,👏
6383,2026-01-10 04:44:00,acc3,No spoilers please! 🙌,6376,😂
6384,2026-01-10 04:46:00,acc4,"Quote of the day: ""A lesson without pain is meaningless."" ⚡",6382,👏
6385,2026-01-10 04:48:00,acc1,"Quote of the day: ""Keep moving forward."" 🎉",,
6386,2026-01-10 04:50:00,acc2,I think today's episode was incredible! 🎉,,❤️
6387,2026-01-10 04:52:00,acc3,Who's your favorite character from Frieren? ✨,6385,👏
6388,2026-01-10 04:54:00,acc4,No spoilers please! ✨,,😮
6389,2026-01-10 04:56:00,acc1,No spoilers please! ⚡,,😭
6390,2026-01-10 04:58:00,acc2,That animation quality was insane! 🎉,,💯
6391,2026-01-10 05:00:00,acc3,I think today's episode was incredible! 🤔,6379,👏
6392,2026-01-10 05:02:00,acc4,Anyone watching Hunter x Hunter lately? 🤔,,😭
6393,2026-01-10 05:04:00,acc1,Anyone watching My Hero Academia lately? 👀,6378,😭
6394,2026-01-10 05:06:00,acc2,"Quote of the day: ""People's dreams never end."" 🎉",6387,😎
6395,2026-01-10 05:08:00,acc3,"Quote of the day: ""A lesson without pain is meaningless."" ❤️",,👏
6396,2026-01-10 05:10:00,acc4,Anyone watching Vinland Saga lately? 😎,,❤️
6397,2026-01-10 05:12:00,acc1,Opening theme has been stuck in my head. 😂,6395,🔥
6398,2026-01-10 05:14:00,acc2,That animation quality was insane! 🍜,,😂
6399,2026-01-10 05:16:00,acc3,My favorite moment in Haikyuu!! still gives me chills ❤️,6394,😮
6400,2026-01-10 05:18:00,acc4,"Quote of the day: ""The world isn't perfect, but it's beautiful."" 🍜",,💯
6401,2026-01-10 05:20:00,acc1,No spoilers please! 📚,6388,❤️
6402,2026-01-10 05:22:00,acc2,I'm rewatching One Piece this weekend. 😂,,
6403,2026-01-10 05:24:00,acc3,Who's your favorite character from Frieren? 📚,,❤️
6404,2026-01-10 05:26:00,acc4,Opening theme has been stuck in my head. 😂,6388,👍
6405,2026-01-10 05:28:00,acc1,"Quote of the day: ""The world isn't perfect, but it's beautiful."" 🎉",6391,💯
6406,2026-01-10 05:30:00,acc2,My favorite moment in Hunter x Hunter still gives me chills 🤔,6396,🔥
6407,2026-01-10 05:32:00,acc3,"Quote of the day: ""Power comes in response to a need."" 😂",6391,😂
6408,2026-01-10 05:34:00,acc4,My favorite moment in Demon Slayer still gives me chills ⚡,,💯
6409,2026-01-10 05:36:00,acc1,Random anime fact: Many anime openings become chart-topping songs. 😀,,😂
6410,2026-01-10 05:38:00,acc2,I'm rewatching Fullmetal Alchemist this weekend. ⚡,,😮
6411,2026-01-10 05:40:00,acc3,I'm rewatching Naruto this weekend. 😂,,😂
6412,2026-01-10 05:42:00,acc4,Opening theme has been stuck in my head. 🍜,6409,😭
6413,2026-01-10 05:44:00,acc1,I think today's episode was incredible! 😂,6411,😎
6414,2026-01-10 05:46:00,acc2,"Quote of the day: ""Keep moving forward."" 🍜",,❤️
6415,2026-01-10 05:48:00,acc3,Who's your favorite character from Solo Leveling? 😂,,😮
6416,2026-01-10 05:50:00,acc4,No spoilers please! 🙌,,👏
6417,2026-01-10 05:52:00,acc1,My favorite moment in Frieren still gives me chills ❤️,6415,🔥
6418,2026-01-10 05:54:00,acc2,Who's your favorite character from My Hero Academia? 📚,,👍
6419,2026-01-10 05:56:00,acc3,Who's your favorite character from Vinland Saga? 🤔,6408,👍
6420,2026-01-10 05:58:00,acc4,Who's your favorite character from Dragon Ball? ❤️,,❤️
6421,2026-01-10 06:00:00,acc1,My favorite moment in Bleach still gives me chills 📚,6411,❤️
6422,2026-01-10 06:02:00,acc2,My favorite moment in Fullmetal Alchemist still gives me chills 😂,6413,🔥
6423,2026-01-10 06:04:00,acc3,My favorite moment in Hunter x Hunter still gives me chills 💯,6407,🔥
6424,2026-01-10 06:06:00,acc4,I think today's episode was incredible! 😭,6414,😮
6425,2026-01-10 06:08:00,acc1,My favorite moment in One Piece still gives me chills 👀,6422,👏
6426,2026-01-10 06:10:00,acc2,Anyone watching Frieren lately? 🙌,6423,😭
6427,2026-01-10 06:12:00,acc3,That animation quality was insane! 😂,6414,😮
6428,2026-01-10 06:14:00,acc4,My favorite moment in Demon Slayer still gives me chills 🍜,,😭
6429,2026-01-10 06:16:00,acc1,Random anime fact: Studio Ghibli films are famous for hand-drawn animation. 😭,,😎
6430,2026-01-10 06:18:00,acc2,Anyone watching Jujutsu Kaisen lately? 🍜,6428,😮
6431,2026-01-10 06:20:00,acc3,My favorite moment in Jujutsu Kaisen still gives me chills 🎉,,😎
6432,2026-01-10 06:22:00,acc4,No spoilers please! ❤️,6425,👏
6433,2026-01-10 06:24:00,acc1,Random anime fact: Many anime openings become chart-topping songs. 👀,,💯
6434,2026-01-10 06:26:00,acc2,I'm rewatching Haikyuu!! this weekend. 😂,,😮
6435,2026-01-10 06:28:00,acc3,That animation quality was insane! 😂,6423,
6436,2026-01-10 06:30:00,acc4,I think today's episode was incredible! 😀,6424,❤️
6437,2026-01-10 06:32:00,acc1,My favorite moment in Attack on Titan still gives me chills ⚡,6431,😮
6438,2026-01-10 06:34:00,acc2,My favorite moment in Vinland Saga still gives me chills 💯,6422,😭
6439,2026-01-10 06:36:00,acc3,That animation quality was insane! ✨,6433,👏
6440,2026-01-10 06:38:00,acc4,My favorite moment in My Hero Academia still gives me chills 😀,6436,😎
6441,2026-01-10 06:40:00,acc1,I think today's episode was incredible! 😂,6429,😮
6442,2026-01-10 06:42:00,acc2,"Quote of the day: ""The world isn't perfect, but it's beautiful."" ❤️",,🔥
6443,2026-01-10 06:44:00,acc3,"Quote of the day: ""Keep moving forward."" ⚡",,
6444,2026-01-10 06:46:00,acc4,That animation quality was insane! 💯,6433,😂
6445,2026-01-10 06:48:00,acc1,I'm rewatching Dragon Ball this weekend. 💯,6434,👍
6446,2026-01-10 06:50:00,acc2,I'm rewatching Steins;Gate this weekend. ❤️,,❤️
6447,2026-01-10 06:52:00,acc3,Opening theme has been stuck in my head. ✨,6435,👍
6448,2026-01-10 06:54:00,acc4,I think today's episode was incredible! 😀,6442,👏
6449,2026-01-10 06:56:00,acc1,Opening theme has been stuck in my head. ⚡,,❤️
6450,2026-01-10 06:58:00,acc2,That animation quality was insane! 😭,6440,🔥
6451,2026-01-10 07:00:00,acc3,My favorite moment in Demon Slayer still gives me chills 😭,,👏
6452,2026-01-10 07:02:00,acc4,I'm rewatching Steins;Gate this weekend. 🔥,6450,
6453,2026-01-10 07:04:00,acc1,Anyone watching One Piece lately? 🙌,,🔥
6454,2026-01-10 07:06:00,acc2,My favorite moment in Bleach still gives me chills 💯,6447,👏
6455,2026-01-10 07:08:00,acc3,Random anime fact: Attack on Titan changed many viewers' expectations of anime. 🎉,,❤️
6456,2026-01-10 07:10:00,acc4,I'm rewatching Demon Slayer this weekend. ⚡,,👍
6457,2026-01-10 07:12:00,acc1,That animation quality was insane! 🎉,,😂
6458,2026-01-10 07:14:00,acc2,My favorite moment in My Hero Academia still gives me chills 😎,,😂
6459,2026-01-10 07:16:00,acc3,Random anime fact: Many anime openings become chart-topping songs. ❤️,,😭
6460,2026-01-10 07:18:00,acc4,Who's your favorite character from Hunter x Hunter? 🍜,,❤️
6461,2026-01-10 07:20:00,acc1,Opening theme has been stuck in my head. 😀,,👍
6462,2026-01-10 07:22:00,acc2,I'm rewatching My Hero Academia this weekend. 📚,,👏
6463,2026-01-10 07:24:00,acc3,Opening theme has been stuck in my head. 🙌,,👏
6464,2026-01-10 07:26:00,acc4,Random anime fact: Many anime openings become chart-topping songs. 👀,6461,👏
6465,2026-01-10 07:28:00,acc1,Opening theme has been stuck in my head. 🍜,,😎
6466,2026-01-10 07:30:00,acc2,Opening theme has been stuck in my head. 🎉,,😮
6467,2026-01-10 07:32:00,acc3,Opening theme has been stuck in my head. ⚡,,😂
6468,2026-01-10 07:34:00,acc4,My favorite moment in Hunter x Hunter still gives me chills 😭,,😂
6469,2026-01-10 07:36:00,acc1,My favorite moment in Bleach still gives me chills 😂,6463,❤️
6470,2026-01-10 07:38:00,acc2,My favorite moment in Hunter x Hunter still gives me chills 😀,,👏
6471,2026-01-10 07:40:00,acc3,Who's your favorite character from Fullmetal Alchemist? 🔥,,
6472,2026-01-10 07:42:00,acc4,My favorite moment in Steins;Gate still gives me chills 🙌,,😂
6473,2026-01-10 07:44:00,acc1,Random anime fact: Voice actors in Japan are called seiyuu. 🍜,6465,😭
6474,2026-01-10 07:46:00,acc2,I'm rewatching Hunter x Hunter this weekend. 📚,,
6475,2026-01-10 07:48:00,acc3,My favorite moment in Frieren still gives me chills 🍜,,👍
6476,2026-01-10 07:50:00,acc4,"Quote of the day: ""The world isn't perfect, but it's beautiful."" ✨",6462,❤️
6477,2026-01-10 07:52:00,acc1,No spoilers please! 🍜,,💯
6478,2026-01-10 07:54:00,acc2,Opening theme has been stuck in my head. 👀,,❤️
6479,2026-01-10 07:56:00,acc3,My favorite moment in Dragon Ball still gives me chills ❤️,6476,😎
6480,2026-01-10 07:58:00,acc4,No spoilers please! ✨,6476,🔥
6481,2026-01-10 08:00:00,acc1,Who's your favorite character from One Piece? 💯,6472,🔥
6482,2026-01-10 08:02:00,acc2,"Quote of the day: ""A lesson without pain is meaningless."" 🎉",,😮
6483,2026-01-10 08:04:00,acc3,I think today's episode was incredible! 😎,,👍
6484,2026-01-10 08:06:00,acc4,I think today's episode was incredible! 😀,6482,👏
6485,2026-01-10 08:08:00,acc1,Random anime fact: Many anime openings become chart-topping songs. ✨,6483,😮
6486,2026-01-10 08:10:00,acc2,No spoilers please! 🎉,,😎
6487,2026-01-10 08:12:00,acc3,I think today's episode was incredible! ✨,,😂
6488,2026-01-10 08:14:00,acc4,No spoilers please! 👀,6477,😎
6489,2026-01-10 08:16:00,acc1,I'm rewatching Death Note this weekend. ❤️,,👏
6490,2026-01-10 08:18:00,acc2,"Quote of the day: ""People's dreams never end."" 🤔",,👍
6491,2026-01-10 08:20:00,acc3,That animation quality was insane! 😭,6482,👍
6492,2026-01-10 08:22:00,acc4,My favorite moment in Haikyuu!! still gives me chills 😂,6477,💯
6493,2026-01-10 08:24:00,acc1,I think today's episode was incredible! 🤔,6477,
6494,2026-01-10 08:26:00,acc2,My favorite moment in Hunter x Hunter still gives me chills 🙌,6482,👍
6495,2026-01-10 08:28:00,acc3,My favorite moment in Hunter x Hunter still gives me chills 👀,6479,🔥
6496,2026-01-10 08:30:00,acc4,That animation quality was insane! 😀,,😎
6497,2026-01-10 08:32:00,acc1,I think today's episode was incredible! 😎,6481,😭
6498,2026-01-10 08:34:00,acc2,Who's your favorite character from Jujutsu Kaisen? 🔥,,😮
6499,2026-01-10 08:36:00,acc3,Who's your favorite character from Jujutsu Kaisen? ✨,6486,😂
6500,2026-01-10 08:38:00,acc4,That animation quality was insane! 🎉,6497,😂
6501,2026-01-10 08:40:00,acc1,I'm rewatching One Piece this weekend. 😭,6486,😂
6502,2026-01-10 08:42:00,acc2,Anyone watching One Piece lately? 📚,6493,😎
6503,2026-01-10 08:44:00,acc3,I think today's episode was incredible! 🙌,,😎
6504,2026-01-10 08:46:00,acc4,That animation quality was insane! 🎉,6500,😮
6505,2026-01-10 08:48:00,acc1,I'm rewatching Steins;Gate this weekend. 🤔,6500,😎
6506,2026-01-10 08:50:00,acc2,Who's your favorite character from Bleach? 😎,6490,👏
6507,2026-01-10 08:52:00,acc3,My favorite moment in Steins;Gate still gives me chills 📚,6505,👏
6508,2026-01-10 08:54:00,acc4,Who's your favorite character from Solo Leveling? 🎉,,😂
6509,2026-01-10 08:56:00,acc1,I'm rewatching Naruto this weekend. 💯,6502,
6510,2026-01-10 08:58:00,acc2,"Quote of the day: ""People's dreams never end."" 😂",6507,❤️
6511,2026-01-10 09:00:00,acc3,No spoilers please! 🙌,,😭
6512,2026-01-10 09:02:00,acc4,Who's your favorite character from One Piece? 🍜,6500,💯
6513,2026-01-10 09:04:00,acc1,Anyone watching Dragon Ball lately? 😎,6497,👍
6514,2026-01-10 09:06:00,acc2,That animation quality was insane! 😎,,👏
6515,2026-01-10 09:08:00,acc3,No spoilers please! 😭,6503,😎
6516,2026-01-10 09:10:00,acc4,That animation quality was insane! 🤔,,😎
6517,2026-01-10 09:12:00,acc1,Random anime fact: Studio Ghibli films are famous for hand-drawn animation. 😭,,💯
6518,2026-01-10 09:14:00,acc2,Anyone watching Naruto lately? ✨,6511,👏
6519,2026-01-10 09:16:00,acc3,Random anime fact: Did you know? Anime is often adapted from manga or light novels. 😂,6504,💯
6520,2026-01-10 09:18:00,acc4,No spoilers please! 😀,6509,
6521,2026-01-10 09:20:00,acc1,"Quote of the day: ""People's dreams never end."" 😎",,👍
6522,2026-01-10 09:22:00,acc2,My favorite moment in My Hero Academia still gives me chills 😎,6516,😮
6523,2026-01-10 09:24:00,acc3,"Quote of the day: ""The world isn't perfect, but it's beautiful."" 📚",6520,❤️
6524,2026-01-10 09:26:00,acc4,Random anime fact: Many anime openings become chart-topping songs. 🎉,6509,
6525,2026-01-10 09:28:00,acc1,Random anime fact: One Piece is among the best-selling manga series. 😀,,💯
6526,2026-01-10 09:30:00,acc2,Who's your favorite character from Attack on Titan? 😎,,
6527,2026-01-10 09:32:00,acc3,No spoilers please! 🎉,6523,😂
6528,2026-01-10 09:34:00,acc4,No spoilers please! 😂,,😎
6529,2026-01-10 09:36:00,acc1,I'm rewatching Bleach this weekend. 🍜,6517,😮
6530,2026-01-10 09:38:00,acc2,Random anime fact: Many anime openings become chart-topping songs. 🍜,6521,👏
6531,2026-01-10 09:40:00,acc3,Who's your favorite character from Bleach? 📚,6529,
6532,2026-01-10 09:42:00,acc4,Who's your favorite character from Frieren? 👀,,😎
6533,2026-01-10 09:44:00,acc1,Opening theme has been stuck in my head. 📚,,😮
6534,2026-01-10 09:46:00,acc2,I'm rewatching Death Note this weekend. 💯,6525,💯
6535,2026-01-10 09:48:00,acc3,Opening theme has been stuck in my head. 🍜,6522,😭
6536,2026-01-10 09:50:00,acc4,Random anime fact: Studio Ghibli films are famous for hand-drawn animation. 😎,,
6537,2026-01-10 09:52:00,acc1,That animation quality was insane! 😂,,😎
6538,2026-01-10 09:54:00,acc2,I'm rewatching My Hero Academia this weekend. 😭,,💯
6539,2026-01-10 09:56:00,acc3,Opening theme has been stuck in my head. 😂,,🔥
6540,2026-01-10 09:58:00,acc4,Who's your favorite character from Dragon Ball? 🍜,,
6541,2026-01-10 10:00:00,acc1,Opening theme has been stuck in my head. 😭,6539,👍
6542,2026-01-10 10:02:00,acc2,Opening theme has been stuck in my head. 🤔,,👏
6543,2026-01-10 10:04:00,acc3,Opening theme has been stuck in my head. 🎉,6540,💯
6544,2026-01-10 10:06:00,acc4,Who's your favorite character from Death Note? 🍜,6535,😭
6545,2026-01-10 10:08:00,acc1,I'm rewatching Attack on Titan this weekend. 🤔,6536,👍
6546,2026-01-10 10:10:00,acc2,My favorite moment in Jujutsu Kaisen still gives me chills 🙌,,😮
6547,2026-01-10 10:12:00,acc3,Opening theme has been stuck in my head. 😀,6545,😎
6548,2026-01-10 10:14:00,acc4,I think today's episode was incredible! 🔥,,🔥
6549,2026-01-10 10:16:00,acc1,No spoilers please! 📚,,👏
6550,2026-01-10 10:18:00,acc2,That animation quality was insane! 😭,,👏
6551,2026-01-10 10:20:00,acc3,I think today's episode was incredible! 🙌,,
6552,2026-01-10 10:22:00,acc4,I'm rewatching Solo Leveling this weekend. 💯,,😭
6553,2026-01-10 10:24:00,acc1,That animation quality was insane! ⚡,6547,😎
6554,2026-01-10 10:26:00,acc2,Who's your favorite character from Death Note? 👀,6551,😂
6555,2026-01-10 10:28:00,acc3,That animation quality was insane! ❤️,6551,
6556,2026-01-10 10:30:00,acc4,I'm rewatching One Piece this weekend. 🎉,,😮
6557,2026-01-10 10:32:00,acc1,Opening theme has been stuck in my head. 💯,6553,😮
6558,2026-01-10 10:34:00,acc2,Anyone watching Fullmetal Alchemist lately? 😀,6551,💯
6559,2026-01-10 10:36:00,acc3,I'm rewatching Attack on Titan this weekend. ❤️,6555,😭
6560,2026-01-10 10:38:00,acc4,My favorite moment in Steins;Gate still gives me chills ⚡,,😮
6561,2026-01-10 10:40:00,acc1,"Quote of the day: ""People's dreams never end."" 😭",6551,
6562,2026-01-10 10:42:00,acc2,Random anime fact: Did you know? Anime is often adapted from manga or light novels. 🎉,,😂
6563,2026-01-10 10:44:00,acc3,Opening theme has been stuck in my head. 😭,,💯
6564,2026-01-10 10:46:00,acc4,Opening theme has been stuck in my head. ⚡,6551,👍
6565,2026-01-10 10:48:00,acc1,No spoilers please! 😀,,🔥
6566,2026-01-10 10:50:00,acc2,Random anime fact: Many anime openings become chart-topping songs. 😀,,😭
6567,2026-01-10 10:52:00,acc3,That animation quality was insane! 🍜,6562,😂
6568,2026-01-10 10:54:00,acc4,No spoilers please! 😂,,💯
6569,2026-01-10 10:56:00,acc1,My favorite moment in Dragon Ball still gives me chills 😂,6555,
6570,2026-01-10 10:58:00,acc2,"Quote of the day: ""Power comes in response to a need."" 😀",,❤️
6571,2026-01-10 11:00:00,acc3,My favorite moment in Jujutsu Kaisen still gives me chills 👀,,👏
6572,2026-01-10 11:02:00,acc4,Random anime fact: Did you know? Anime is often adapted from manga or light novels. 💯,,🔥
6573,2026-01-10 11:04:00,acc1,Opening theme has been stuck in my head. 🤔,6563,💯
6574,2026-01-10 11:06:00,acc2,Who's your favorite character from Steins;Gate? 👀,6566,🔥
6575,2026-01-10 11:08:00,acc3,Random anime fact: Studio Ghibli films are famous for hand-drawn animation. 📚,6563,💯
6576,2026-01-10 11:10:00,acc4,Who's your favorite character from Hunter x Hunter? ❤️,6570,👏
6577,2026-01-10 11:12:00,acc1,Random anime fact: Many anime openings become chart-topping songs. 😀,6568,😂
6578,2026-01-10 11:14:00,acc2,My favorite moment in Bleach still gives me chills ❤️,,👏
6579,2026-01-10 11:16:00,acc3,Random anime fact: Studio Ghibli films are famous for hand-drawn animation. ❤️,,
6580,2026-01-10 11:18:00,acc4,No spoilers please! 💯,,😭
6581,2026-01-10 11:20:00,acc1,I'm rewatching Jujutsu Kaisen this weekend. 🙌,6572,
6582,2026-01-10 11:22:00,acc2,No spoilers please! 📚,6570,
6583,2026-01-10 11:24:00,acc3,I'm rewatching Bleach this weekend. 😭,,😭
6584,2026-01-10 11:26:00,acc4,No spoilers please! 🎉,,
6585,2026-01-10 11:28:00,acc1,I'm rewatching Bleach this weekend. 😀,,😂
6586,2026-01-10 11:30:00,acc2,Random anime fact: Attack on Titan changed many viewers' expectations of anime. 🤔,6574,❤️
6587,2026-01-10 11:32:00,acc3,No spoilers please! 😂,,👍
6588,2026-01-10 11:34:00,acc4,Anyone watching Frieren lately? 😂,6573,
6589,2026-01-10 11:36:00,acc1,Who's your favorite character from Bleach? 🎉,,🔥
6590,2026-01-10 11:38:00,acc2,I think today's episode was incredible! 😭,,❤️
6591,2026-01-10 11:40:00,acc3,I think today's episode was incredible! ❤️,,❤️
6592,2026-01-10 11:42:00,acc4,My favorite moment in Fullmetal Alchemist still gives me chills 📚,6576,❤️
6593,2026-01-10 11:44:00,acc1,That animation quality was insane! 🤔,,🔥
6594,2026-01-10 11:46:00,acc2,Anyone watching Bleach lately? 😀,6589,❤️
6595,2026-01-10 11:48:00,acc3,My favorite moment in My Hero Academia still gives me chills ❤️,6586,👏
6596,2026-01-10 11:50:00,acc4,Anyone watching Vinland Saga lately? ❤️,,❤️
6597,2026-01-10 11:52:00,acc1,"Quote of the day: ""The world isn't perfect, but it's beautiful."" ❤️",6588,👍
6598,2026-01-10 11:54:00,acc2,Who's your favorite character from Bleach? 💯,6588,😂
6599,2026-01-10 11:56:00,acc3,Random anime fact: Attack on Titan changed many viewers' expectations of anime. 🍜,6585,😮
6600,2026-01-10 11:58:00,acc4,"Quote of the day: ""The world isn't perfect, but it's beautiful."" 😂",6589,😮
6601,2026-01-10 12:00:00,acc1,I think today's episode was incredible! 🔥,6589,🔥
6602,2026-01-10 12:02:00,acc2,Who's your favorite character from Solo Leveling? 🍜,6587,❤️
6603,2026-01-10 12:04:00,acc3,Anyone watching One Piece lately? 🤔,,👏
6604,2026-01-10 12:06:00,acc4,I think today's episode was incredible! 👀,6602,💯
6605,2026-01-10 12:08:00,acc1,Opening theme has been stuck in my head. 😭,6601,😮
6606,2026-01-10 12:10:00,acc2,That animation quality was insane! 😭,,👏
6607,2026-01-10 12:12:00,acc3,Random anime fact: Attack on Titan changed many viewers' expectations of anime. 😭,,👏
6608,2026-01-10 12:14:00,acc4,Who's your favorite character from One Piece? 🔥,,😮
6609,2026-01-10 12:16:00,acc1,Who's your favorite character from Naruto? 📚,6604,😎
6610,2026-01-10 12:18:00,acc2,Who's your favorite character from Vinland Saga? 🤔,6605,😎
6611,2026-01-10 12:20:00,acc3,My favorite moment in Demon Slayer still gives me chills 😂,,😎
6612,2026-01-10 12:22:00,acc4,No spoilers please! 🤔,,❤️
6613,2026-01-10 12:24:00,acc1,I'm rewatching Death Note this weekend. 🤔,,😂
6614,2026-01-10 12:26:00,acc2,I think today's episode was incredible! 😭,6602,😮
6615,2026-01-10 12:28:00,acc3,Who's your favorite character from Frieren? 📚,6608,😮
6616,2026-01-10 12:30:00,acc4,Anyone watching Jujutsu Kaisen lately? ⚡,6600,👏
6617,2026-01-10 12:32:00,acc1,My favorite moment in Naruto still gives me chills 🍜,,😎
6618,2026-01-10 12:34:00,acc2,Who's your favorite character from Vinland Saga? ✨,6609,👍
6619,2026-01-10 12:36:00,acc3,That animation quality was insane! 😂,6613,😎
6620,2026-01-10 12:38:00,acc4,Anyone watching Attack on Titan lately? 🍜,,💯
6621,2026-01-10 12:40:00,acc1,That animation quality was insane! 😀,6619,😮
6622,2026-01-10 12:42:00,acc2,I'm rewatching Hunter x Hunter this weekend. 👀,,🔥
6623,2026-01-10 12:44:00,acc3,My favorite moment in My Hero Academia still gives me chills 🙌,6612,😮
6624,2026-01-10 12:46:00,acc4,Anyone watching Attack on Titan lately? 🤔,,😭
6625,2026-01-10 12:48:00,acc1,I'm rewatching Vinland Saga this weekend. 🙌,,❤️
6626,2026-01-10 12:50:00,acc2,I'm rewatching One Piece this weekend. 📚,6612,😎
6627,2026-01-10 12:52:00,acc3,That animation quality was insane! ⚡,,💯
6628,2026-01-10 12:54:00,acc4,That animation quality was insane! 😭,6623,❤️
6629,2026-01-10 12:56:00,acc1,"Quote of the day: ""Keep moving forward."" 🎉",,❤️
6630,2026-01-10 12:58:00,acc2,Opening theme has been stuck in my head. 💯,6615,👏
6631,2026-01-10 13:00:00,acc3,I think today's episode was incredible! 🙌,6623,🔥
6632,2026-01-10 13:02:00,acc4,Who's your favorite character from Fullmetal Alchemist? 📚,6616,😎
6633,2026-01-10 13:04:00,acc1,Opening theme has been stuck in my head. 🤔,6621,😮
6634,2026-01-10 13:06:00,acc2,No spoilers please! 👀,6626,👍
6635,2026-01-10 13:08:00,acc3,That animation quality was insane! 🤔,6619,😎
6636,2026-01-10 13:10:00,acc4,Anyone watching Fullmetal Alchemist lately? 🙌,6628,👍
6637,2026-01-10 13:12:00,acc1,Anyone watching Jujutsu Kaisen lately? 🍜,6634,💯
6638,2026-01-10 13:14:00,acc2,That animation quality was insane! 🙌,6629,👍
6639,2026-01-10 13:16:00,acc3,I think today's episode was incredible! 👀,6632,❤️
6640,2026-01-10 13:18:00,acc4,That animation quality was insane! ⚡,6630,💯
6641,2026-01-10 13:20:00,acc1,I think today's episode was incredible! 📚,6631,🔥
6642,2026-01-10 13:22:00,acc2,I think today's episode was incredible! 🎉,,💯
6643,2026-01-10 13:24:00,acc3,Anyone watching Death Note lately? 🎉,6629,👏
6644,2026-01-10 13:26:00,acc4,No spoilers please! 🎉,6642,👍
6645,2026-01-10 13:28:00,acc1,Opening theme has been stuck in my head. 😀,,😭
6646,2026-01-10 13:30:00,acc2,My favorite moment in Fullmetal Alchemist still gives me chills ⚡,6638,🔥
6647,2026-01-10 13:32:00,acc3,Anyone watching Frieren lately? 😀,,👏
6648,2026-01-10 13:34:00,acc4,Opening theme has been stuck in my head. ❤️,,👍
6649,2026-01-10 13:36:00,acc1,"Quote of the day: ""The world isn't perfect, but it's beautiful."" 😀",6638,💯
6650,2026-01-10 13:38:00,acc2,I'm rewatching One Piece this weekend. 👀,6640,😮
6651,2026-01-10 13:40:00,acc3,Anyone watching Hunter x Hunter lately? 👀,,😭
6652,2026-01-10 13:42:00,acc4,No spoilers please! 🙌,6636,😮
6653,2026-01-10 13:44:00,acc1,No spoilers please! ⚡,6639,😭
6654,2026-01-10 13:46:00,acc2,"Quote of the day: ""Power comes in response to a need."" 😂",,👍
6655,2026-01-10 13:48:00,acc3,My favorite moment in Solo Leveling still gives me chills 📚,6647,👏
6656,2026-01-10 13:50:00,acc4,"Quote of the day: ""Power comes in response to a need."" ⚡",6648,👍
6657,2026-01-10 13:52:00,acc1,Anyone watching Frieren lately? 😎,,😎
6658,2026-01-10 13:54:00,acc2,Anyone watching Demon Slayer lately? 🎉,,👏
6659,2026-01-10 13:56:00,acc3,I think today's episode was incredible! 😀,6651,👏
6660,2026-01-10 13:58:00,acc4,Anyone watching Bleach lately? 📚,,👏
6661,2026-01-10 14:00:00,acc1,My favorite moment in Demon Slayer still gives me chills 😂,6653,😎
6662,2026-01-10 14:02:00,acc2,I think today's episode was incredible! 😀,,
6663,2026-01-10 14:04:00,acc3,No spoilers please! 😂,,❤️
6664,2026-01-10 14:06:00,acc4,Anyone watching Frieren lately? 😀,6658,👍
6665,2026-01-10 14:08:00,acc1,I think today's episode was incredible! 😂,,
6666,2026-01-10 14:10:00,acc2,That animation quality was insane! ⚡,6652,💯
6667,2026-01-10 14:12:00,acc3,I'm rewatching Steins;Gate this weekend. ✨,6654,👍
6668,2026-01-10 14:14:00,acc4,"Quote of the day: ""Power comes in response to a need."" 🔥",6658,👍
6669,2026-01-10 14:16:00,acc1,Anyone watching Dragon Ball lately? 😭,,😂
6670,2026-01-10 14:18:00,acc2,"Quote of the day: ""A lesson without pain is meaningless."" ⚡",6658,
6671,2026-01-10 14:20:00,acc3,My favorite moment in Bleach still gives me chills ✨,6669,💯
6672,2026-01-10 14:22:00,acc4,"Quote of the day: ""Power comes in response to a need."" 🍜",,🔥
6673,2026-01-10 14:24:00,acc1,Who's your favorite character from Vinland Saga? 😂,6662,
6674,2026-01-10 14:26:00,acc2,My favorite moment in Steins;Gate still gives me chills ✨,,😎
6675,2026-01-10 14:28:00,acc3,"Quote of the day: ""Power comes in response to a need."" 😭",6673,❤️
6676,2026-01-10 14:30:00,acc4,I'm rewatching My Hero Academia this weekend. 👀,6672,🔥
6677,2026-01-10 14:32:00,acc1,"Quote of the day: ""People's dreams never end."" 🔥",,😂
6678,2026-01-10 14:34:00,acc2,No spoilers please! 🙌,6674,🔥
6679,2026-01-10 14:36:00,acc3,Anyone watching Attack on Titan lately? 😭,6668,👍
6680,2026-01-10 14:38:00,acc4,Anyone watching Jujutsu Kaisen lately? 😎,,😮
6681,2026-01-10 14:40:00,acc1,That animation quality was insane! 📚,,😮
6682,2026-01-10 14:42:00,acc2,Random anime fact: Did you know? Anime is often adapted from manga or light novels. 💯,,😂
6683,2026-01-10 14:44:00,acc3,No spoilers please! 🙌,6673,🔥
6684,2026-01-10 14:46:00,acc4,"Quote of the day: ""People's dreams never end."" 🤔",6675,🔥
6685,2026-01-10 14:48:00,acc1,"Quote of the day: ""Keep moving forward."" 🔥",,👍
6686,2026-01-10 14:50:00,acc2,Opening theme has been stuck in my head. 👀,6674,😭
6687,2026-01-10 14:52:00,acc3,My favorite moment in Death Note still gives me chills 🤔,6685,💯
6688,2026-01-10 14:54:00,acc4,No spoilers please! 👀,6686,💯
6689,2026-01-10 14:56:00,acc1,Random anime fact: One Piece is among the best-selling manga series. ✨,6683,❤️
6690,2026-01-10 14:58:00,acc2,Anyone watching Vinland Saga lately? 😭,,💯
6691,2026-01-10 15:00:00,acc3,Anyone watching Bleach lately? 👀,,😂
6692,2026-01-10 15:02:00,acc4,Who's your favorite character from Dragon Ball? 💯,,😎
6693,2026-01-10 15:04:00,acc1,My favorite moment in One Piece still gives me chills 🎉,6686,😂
6694,2026-01-10 15:06:00,acc2,Opening theme has been stuck in my head. 😂,6685,
6695,2026-01-10 15:08:00,acc3,Anyone watching My Hero Academia lately? 😂,6687,🔥
6696,2026-01-10 15:10:00,acc4,No spoilers please! 👀,6685,😮
6697,2026-01-10 15:12:00,acc1,Opening theme has been stuck in my head. ✨,,😮
6698,2026-01-10 15:14:00,acc2,I think today's episode was incredible! 😭,6696,😭
6699,2026-01-10 15:16:00,acc3,My favorite moment in Jujutsu Kaisen still gives me chills 🔥,,😎
6700,2026-01-10 15:18:00,acc4,That animation quality was insane! 🙌,,👏
6701,2026-01-10 15:20:00,acc1,Anyone watching Death Note lately? ❤️,6696,😎
6702,2026-01-10 15:22:00,acc2,No spoilers please! ⚡,,👏
6703,2026-01-10 15:24:00,acc3,That animation quality was insane! 🔥,6700,😎
6704,2026-01-10 15:26:00,acc4,My favorite moment in Death Note still gives me chills 📚,,👏
6705,2026-01-10 15:28:00,acc1,I'm rewatching Death Note this weekend. ❤️,,❤️
6706,2026-01-10 15:30:00,acc2,I'm rewatching Frieren this weekend. 🍜,6696,😂
6707,2026-01-10 15:32:00,acc3,Who's your favorite character from Steins;Gate? 👀,6695,🔥
6708,2026-01-10 15:34:00,acc4,Random anime fact: Did you know? Anime is often adapted from manga or light novels. ✨,,👍
6709,2026-01-10 15:36:00,acc1,That animation quality was insane! ⚡,,👍
6710,2026-01-10 15:38:00,acc2,Who's your favorite character from Frieren? ✨,6700,😮
6711,2026-01-10 15:40:00,acc3,I'm rewatching One Piece this weekend. ⚡,,💯
6712,2026-01-10 15:42:00,acc4,I'm rewatching Jujutsu Kaisen this weekend. 👀,6701,💯
6713,2026-01-10 15:44:00,acc1,I think today's episode was incredible! 🤔,6701,😂
6714,2026-01-10 15:46:00,acc2,That animation quality was insane! 🎉,,😂
6715,2026-01-10 15:48:00,acc3,I'm rewatching Demon Slayer this weekend. 😀,,💯
6716,2026-01-10 15:50:00,acc4,That animation quality was insane! 😀,6701,👏
6717,2026-01-10 15:52:00,acc1,Random anime fact: Did you know? Anime is often adapted from manga or light novels. ✨,,🔥
6718,2026-01-10 15:54:00,acc2,"Quote of the day: ""Keep moving forward."" ✨",6711,😂
6719,2026-01-10 15:56:00,acc3,That animation quality was insane! ✨,,👏
6720,2026-01-10 15:58:00,acc4,That animation quality was insane! 🙌,,💯
6721,2026-01-10 16:00:00,acc1,I think today's episode was incredible! ❤️,,😭
6722,2026-01-10 16:02:00,acc2,No spoilers please! 😀,6709,😭
6723,2026-01-10 16:04:00,acc3,Opening theme has been stuck in my head. 🍜,,😂
6724,2026-01-10 16:06:00,acc4,That animation quality was insane! 😀,,❤️
6725,2026-01-10 16:08:00,acc1,Who's your favorite character from Jujutsu Kaisen? 🍜,6719,👍
6726,2026-01-10 16:10:00,acc2,Anyone watching Vinland Saga lately? 👀,6723,❤️
6727,2026-01-10 16:12:00,acc3,That animation quality was insane! 😂,,
6728,2026-01-10 16:14:00,acc4,"Quote of the day: ""Power comes in response to a need."" 😎",,❤️
6729,2026-01-10 16:16:00,acc1,That animation quality was insane! 🍜,,😭
6730,2026-01-10 16:18:00,acc2,Anyone watching Frieren lately? 🎉,6719,😂
6731,2026-01-10 16:20:00,acc3,No spoilers please! 👀,6722,🔥
6732,2026-01-10 16:22:00,acc4,My favorite moment in Naruto still gives me chills 🔥,,💯
6733,2026-01-10 16:24:00,acc1,My favorite moment in Dragon Ball still gives me chills 📚,,😭
6734,2026-01-10 16:26:00,acc2,That animation quality was insane! 💯,6719,❤️
6735,2026-01-10 16:28:00,acc3,Who's your favorite character from Death Note? 💯,,😂
6736,2026-01-10 16:30:00,acc4,Who's your favorite character from Dragon Ball? 😭,,😭
6737,2026-01-10 16:32:00,acc1,Opening theme has been stuck in my head. 😎,6733,💯
6738,2026-01-10 16:34:00,acc2,I think today's episode was incredible! 💯,,👏
6739,2026-01-10 16:36:00,acc3,I'm rewatching Fullmetal Alchemist this weekend. 📚,6727,❤️
6740,2026-01-10 16:38:00,acc4,No spoilers please! 🔥,,
6741,2026-01-10 16:40:00,acc1,I'm rewatching Dragon Ball this weekend. ✨,,
6742,2026-01-10 16:42:00,acc2,Random anime fact: Studio Ghibli films are famous for hand-drawn animation. 📚,,❤️
6743,2026-01-10 16:44:00,acc3,No spoilers please! 🎉,6740,😂
6744,2026-01-10 16:46:00,acc4,Who's your favorite character from Hunter x Hunter? 😭,6728,🔥
6745,2026-01-10 16:48:00,acc1,Who's your favorite character from Jujutsu Kaisen? ⚡,,😮
6746,2026-01-10 16:50:00,acc2,Who's your favorite character from Hunter x Hunter? 👀,,😭
6747,2026-01-10 16:52:00,acc3,Anyone watching Vinland Saga lately? 📚,,😭
6748,2026-01-10 16:54:00,acc4,That animation quality was insane! 💯,6746,
6749,2026-01-10 16:56:00,acc1,Who's your favorite character from Death Note? ❤️,,👍
6750,2026-01-10 16:58:00,acc2,Anyone watching Vinland Saga lately? 😀,6741,😎
6751,2026-01-10 17:00:00,acc3,No spoilers please! 👀,,
6752,2026-01-10 17:02:00,acc4,Who's your favorite character from Hunter x Hunter? 💯,,😂
6753,2026-01-10 17:04:00,acc1,I think today's episode was incredible! ✨,6744,👍
6754,2026-01-10 17:06:00,acc2,My favorite moment in Demon Slayer still gives me chills 👀,,👏
6755,2026-01-10 17:08:00,acc3,My favorite moment in Death Note still gives me chills 👀,,😎
6756,2026-01-10 17:10:00,acc4,I think today's episode was incredible! 💯,6745,❤️
6757,2026-01-10 17:12:00,acc1,Who's your favorite character from Jujutsu Kaisen? ❤️,,😭
6758,2026-01-10 17:14:00,acc2,"Quote of the day: ""People's dreams never end."" 😭",,🔥
6759,2026-01-10 17:16:00,acc3,I think today's episode was incredible! ❤️,6751,😮
6760,2026-01-10 17:18:00,acc4,I'm rewatching Solo Leveling this weekend. 🙌,,❤️
6761,2026-01-10 17:20:00,acc1,My favorite moment in Jujutsu Kaisen still gives me chills 😂,6747,💯
6762,2026-01-10 17:22:00,acc2,No spoilers please! 😂,,😮
6763,2026-01-10 17:24:00,acc3,Opening theme has been stuck in my head. ✨,,😭
6764,2026-01-10 17:26:00,acc4,I think today's episode was incredible! 😀,6755,👍
6765,2026-01-10 17:28:00,acc1,That animation quality was insane! 💯,6755,🔥
6766,2026-01-10 17:30:00,acc2,Who's your favorite character from Demon Slayer? 🔥,6763,🔥
6767,2026-01-10 17:32:00,acc3,Random anime fact: One Piece is among the best-selling manga series. ⚡,,😭
6768,2026-01-10 17:34:00,acc4,I'm rewatching Naruto this weekend. 😀,6764,🔥
6769,2026-01-10 17:36:00,acc1,I'm rewatching My Hero Academia this weekend. ⚡,6755,🔥
6770,2026-01-10 17:38:00,acc2,My favorite moment in Vinland Saga still gives me chills 👀,6758,👏
6771,2026-01-10 17:40:00,acc3,Opening theme has been stuck in my head. 🍜,6758,😎
6772,2026-01-10 17:42:00,acc4,No spoilers please! 🔥,,😂
6773,2026-01-10 17:44:00,acc1,I think today's episode was incredible! 🎉,,
6774,2026-01-10 17:46:00,acc2,Who's your favorite character from Solo Leveling? 📚,,😎
6775,2026-01-10 17:48:00,acc3,I think today's episode was incredible! 💯,6762,🔥
6776,2026-01-10 17:50:00,acc4,"Quote of the day: ""The world isn't perfect, but it's beautiful."" 👀",,🔥
6777,2026-01-10 17:52:00,acc1,That animation quality was insane! 📚,6770,💯
6778,2026-01-10 17:54:00,acc2,Anyone watching Attack on Titan lately? 🤔,,👍
6779,2026-01-10 17:56:00,acc3,No spoilers please! ⚡,,
6780,2026-01-10 17:58:00,acc4,Anyone watching Dragon Ball lately? 😀,,😂
6781,2026-01-10 18:00:00,acc1,Anyone watching Solo Leveling lately? 📚,6777,💯
6782,2026-01-10 18:02:00,acc2,Anyone watching Fullmetal Alchemist lately? 🙌,,🔥
6783,2026-01-10 18:04:00,acc3,Random anime fact: One Piece is among the best-selling manga series. ❤️,6774,
6784,2026-01-10 18:06:00,acc4,That animation quality was insane! 😎,6770,💯
6785,2026-01-10 18:08:00,acc1,My favorite moment in Death Note still gives me chills 😂,6774,😂
6786,2026-01-10 18:10:00,acc2,Random anime fact: Voice actors in Japan are called seiyuu. ⚡,6770,😭
6787,2026-01-10 18:12:00,acc3,My favorite moment in Solo Leveling still gives me chills ❤️,,😮
6788,2026-01-10 18:14:00,acc4,My favorite moment in Steins;Gate still gives me chills 😎,6781,💯
6789,2026-01-10 18:16:00,acc1,That animation quality was insane! 🎉,,😮
6790,2026-01-10 18:18:00,acc2,Opening theme has been stuck in my head. 😀,6785,😂
6791,2026-01-10 18:20:00,acc3,I think today's episode was incredible! 🍜,6789,🔥
6792,2026-01-10 18:22:00,acc4,I'm rewatching Vinland Saga this weekend. 😀,,❤️
6793,2026-01-10 18:24:00,acc1,My favorite moment in Jujutsu Kaisen still gives me chills 💯,6780,❤️
6794,2026-01-10 18:26:00,acc2,I'm rewatching Vinland Saga this weekend. 😀,,❤️
6795,2026-01-10 18:28:00,acc3,That animation quality was insane! 😭,6780,
6796,2026-01-10 18:30:00,acc4,That animation quality was insane! 💯,6781,👏
6797,2026-01-10 18:32:00,acc1,Who's your favorite character from Naruto? ❤️,6793,❤️
6798,2026-01-10 18:34:00,acc2,I think today's episode was incredible! 💯,,💯
6799,2026-01-10 18:36:00,acc3,That animation quality was insane! 😭,,😭
6800,2026-01-10 18:38:00,acc4,I'm rewatching Fullmetal Alchemist this weekend. 👀,6788,❤️
6801,2026-01-10 18:40:00,acc1,No spoilers please! 😭,,👍
6802,2026-01-10 18:42:00,acc2,Opening theme has been stuck in my head. 😀,6800,💯
6803,2026-01-10 18:44:00,acc3,I'm rewatching Demon Slayer this weekend. 🙌,6800,💯
6804,2026-01-10 18:46:00,acc4,I'm rewatching Attack on Titan this weekend. ❤️,,👍
6805,2026-01-10 18:48:00,acc1,No spoilers please! 🔥,6796,😎
6806,2026-01-10 18:50:00,acc2,Opening theme has been stuck in my head. 🔥,,
6807,2026-01-10 18:52:00,acc3,Anyone watching Haikyuu!! lately? 🍜,6804,👍
6808,2026-01-10 18:54:00,acc4,Opening theme has been stuck in my head. 😭,,💯
6809,2026-01-10 18:56:00,acc1,Anyone watching My Hero Academia lately? 👀,,❤️
6810,2026-01-10 18:58:00,acc2,I'm rewatching My Hero Academia this weekend. 💯,,💯
6811,2026-01-10 19:00:00,acc3,Who's your favorite character from Fullmetal Alchemist? 👀,,👍
6812,2026-01-10 19:02:00,acc4,I'm rewatching Haikyuu!! this weekend. ✨,,💯
6813,2026-01-10 19:04:00,acc1,No spoilers please! 👀,,😎
6814,2026-01-10 19:06:00,acc2,I'm rewatching Death Note this weekend. 😎,6807,😎
6815,2026-01-10 19:08:00,acc3,I think today's episode was incredible! ⚡,6807,💯
6816,2026-01-10 19:10:00,acc4,No spoilers please! 😎,,🔥
6817,2026-01-10 19:12:00,acc1,I'm rewatching One Piece this weekend. 🙌,,👏
6818,2026-01-10 19:14:00,acc2,I think today's episode was incredible! 👀,,🔥
6819,2026-01-10 19:16:00,acc3,Random anime fact: One Piece is among the best-selling manga series. 🍜,6804,❤️
6820,2026-01-10 19:18:00,acc4,No spoilers please! 🎉,6808,👍
6821,2026-01-10 19:20:00,acc1,That animation quality was insane! 😎,,
6822,2026-01-10 19:22:00,acc2,My favorite moment in Attack on Titan still gives me chills ⚡,,👏
6823,2026-01-10 19:24:00,acc3,Random anime fact: Attack on Titan changed many viewers' expectations of anime. 💯,6819,🔥
6824,2026-01-10 19:26:00,acc4,"Quote of the day: ""Keep moving forward."" 😭",6816,❤️
6825,2026-01-10 19:28:00,acc1,I think today's episode was incredible! 😂,,❤️
6826,2026-01-10 19:30:00,acc2,Anyone watching Hunter x Hunter lately? 🎉,,😭
6827,2026-01-10 19:32:00,acc3,Who's your favorite character from Naruto? 🙌,,😮
6828,2026-01-10 19:34:00,acc4,I think today's episode was incredible! 😂,,🔥
6829,2026-01-10 19:36:00,acc1,Opening theme has been stuck in my head. ✨,6826,❤️
6830,2026-01-10 19:38:00,acc2,Anyone watching Demon Slayer lately? 👀,,😎
6831,2026-01-10 19:40:00,acc3,That animation quality was insane! 💯,6823,❤️
6832,2026-01-10 19:42:00,acc4,That animation quality was insane! 😭,6822,❤️
6833,2026-01-10 19:44:00,acc1,Random anime fact: One Piece is among the best-selling manga series. 💯,6821,😂
6834,2026-01-10 19:46:00,acc2,No spoilers please! 😀,6823,😎
6835,2026-01-10 19:48:00,acc3,Anyone watching Dragon Ball lately? 😎,,😭
6836,2026-01-10 19:50:00,acc4,I think today's episode was incredible! 🙌,6822,😮
6837,2026-01-10 19:52:00,acc1,"Quote of the day: ""A lesson without pain is meaningless."" 😀",,❤️
6838,2026-01-10 19:54:00,acc2,Opening theme has been stuck in my head. 🤔,6828,😂
6839,2026-01-10 19:56:00,acc3,Who's your favorite character from Jujutsu Kaisen? 👀,6830,💯
6840,2026-01-10 19:58:00,acc4,Who's your favorite character from Steins;Gate? 👀,6837,👏
6841,2026-01-10 20:00:00,acc1,Opening theme has been stuck in my head. 😂,6826,👍
6842,2026-01-10 20:02:00,acc2,Who's your favorite character from Jujutsu Kaisen? ❤️,6839,😂
6843,2026-01-10 20:04:00,acc3,I'm rewatching Jujutsu Kaisen this weekend. 🙌,,👏
6844,2026-01-10 20:06:00,acc4,No spoilers please! 😭,,
6845,2026-01-10 20:08:00,acc1,"Quote of the day: ""Power comes in response to a need."" 😎",6833,😎
6846,2026-01-10 20:10:00,acc2,Anyone watching Demon Slayer lately? ✨,,👏
6847,2026-01-10 20:12:00,acc3,Who's your favorite character from Solo Leveling? 👀,6841,👏
6848,2026-01-10 20:14:00,acc4,I think today's episode was incredible! ✨,6844,🔥
6849,2026-01-10 20:16:00,acc1,Anyone watching Demon Slayer lately? 🤔,6836,
6850,2026-01-10 20:18:00,acc2,I think today's episode was incredible! ⚡,6847,👏
6851,2026-01-10 20:20:00,acc3,Who's your favorite character from Jujutsu Kaisen? 🔥,,😂
6852,2026-01-10 20:22:00,acc4,I think today's episode was incredible! 👀,6843,
6853,2026-01-10 20:24:00,acc1,No spoilers please! 🔥,,🔥
6854,2026-01-10 20:26:00,acc2,That animation quality was insane! 😀,6851,👏
6855,2026-01-10 20:28:00,acc3,Who's your favorite character from Solo Leveling? 😀,6841,
6856,2026-01-10 20:30:00,acc4,No spoilers please! 🍜,,💯
6857,2026-01-10 20:32:00,acc1,I'm rewatching Demon Slayer this weekend. ✨,6850,🔥
6858,2026-01-10 20:34:00,acc2,Random anime fact: Did you know? Anime is often adapted from manga or light novels. 📚,6847,😎
6859,2026-01-10 20:36:00,acc3,Anyone watching My Hero Academia lately? 😭,6848,👏
6860,2026-01-10 20:38:00,acc4,Random anime fact: Many anime openings become chart-topping songs. 😭,6858,❤️
6861,2026-01-10 20:40:00,acc1,Anyone watching Vinland Saga lately? 🍜,,👏
6862,2026-01-10 20:42:00,acc2,Anyone watching Fullmetal Alchemist lately? 🙌,6849,😮
6863,2026-01-10 20:44:00,acc3,I think today's episode was incredible! ⚡,6860,😎
6864,2026-01-10 20:46:00,acc4,"Quote of the day: ""The world isn't perfect, but it's beautiful."" 😂",6857,
6865,2026-01-10 20:48:00,acc1,I think today's episode was incredible! 😀,,😂
6866,2026-01-10 20:50:00,acc2,"Quote of the day: ""A lesson without pain is meaningless."" 💯",6863,
6867,2026-01-10 20:52:00,acc3,I think today's episode was incredible! 🙌,6863,😭
6868,2026-01-10 20:54:00,acc4,My favorite moment in Haikyuu!! still gives me chills 🤔,,👏
6869,2026-01-10 20:56:00,acc1,Anyone watching Haikyuu!! lately? 🔥,6867,🔥
6870,2026-01-10 20:58:00,acc2,Who's your favorite character from Steins;Gate? 💯,6856,
6871,2026-01-10 21:00:00,acc3,Anyone watching Haikyuu!! lately? ✨,,😎
6872,2026-01-10 21:02:00,acc4,Opening theme has been stuck in my head. 👀,6859,
6873,2026-01-10 21:04:00,acc1,That animation quality was insane! 😀,6865,🔥
6874,2026-01-10 21:06:00,acc2,That animation quality was insane! 😂,,
6875,2026-01-10 21:08:00,acc3,Random anime fact: Did you know? Anime is often adapted from manga or light novels. 🙌,6864,😭
6876,2026-01-10 21:10:00,acc4,"Quote of the day: ""A lesson without pain is meaningless."" 😭",6865,💯
6877,2026-01-10 21:12:00,acc1,Random anime fact: Many anime openings become chart-topping songs. 📚,,👍
6878,2026-01-10 21:14:00,acc2,Random anime fact: Attack on Titan changed many viewers' expectations of anime. 😂,,😂
6879,2026-01-10 21:16:00,acc3,No spoilers please! 📚,6871,💯
6880,2026-01-10 21:18:00,acc4,Anyone watching One Piece lately? 😂,6868,
6881,2026-01-10 21:20:00,acc1,"Quote of the day: ""The world isn't perfect, but it's beautiful."" 😀",6871,😎
6882,2026-01-10 21:22:00,acc2,No spoilers please! ✨,,😮
6883,2026-01-10 21:24:00,acc3,My favorite moment in Fullmetal Alchemist still gives me chills 🎉,6869,💯
6884,2026-01-10 21:26:00,acc4,No spoilers please! ❤️,6871,❤️
6885,2026-01-10 21:28:00,acc1,Who's your favorite character from Bleach? 😀,,😮
6886,2026-01-10 21:30:00,acc2,Opening theme has been stuck in my head. ⚡,6875,💯
6887,2026-01-10 21:32:00,acc3,My favorite moment in Steins;Gate still gives me chills ✨,6871,❤️
6888,2026-01-10 21:34:00,acc4,Opening theme has been stuck in my head. 🔥,,🔥
6889,2026-01-10 21:36:00,acc1,I think today's episode was incredible! 😭,6880,😮
6890,2026-01-10 21:38:00,acc2,Random anime fact: Did you know? Anime is often adapted from manga or light novels. 😀,6875,😂
6891,2026-01-10 21:40:00,acc3,I'm rewatching Bleach this weekend. 😂,6875,😮
6892,2026-01-10 21:42:00,acc4,Random anime fact: Many anime openings become chart-topping songs. 🍜,6881,😎
6893,2026-01-10 21:44:00,acc1,Opening theme has been stuck in my head. 🤔,6877,💯
6894,2026-01-10 21:46:00,acc2,That animation quality was insane! 😂,,😭
6895,2026-01-10 21:48:00,acc3,Opening theme has been stuck in my head. ✨,,
6896,2026-01-10 21:50:00,acc4,Anyone watching Dragon Ball lately? 📚,,❤️
6897,2026-01-10 21:52:00,acc1,I think today's episode was incredible! 🎉,,💯
6898,2026-01-10 21:54:00,acc2,Anyone watching Demon Slayer lately? ✨,,😭
6899,2026-01-10 21:56:00,acc3,Opening theme has been stuck in my head. 🍜,6891,❤️
6900,2026-01-10 21:58:00,acc4,Who's your favorite character from Frieren? 🍜,,💯
6901,2026-01-10 22:00:00,acc1,That animation quality was insane! 🍜,,😭
6902,2026-01-10 22:02:00,acc2,Anyone watching Death Note lately? 🔥,6890,👏
6903,2026-01-10 22:04:00,acc3,Anyone watching Naruto lately? ✨,,🔥
6904,2026-01-10 22:06:00,acc4,I think today's episode was incredible! ❤️,,💯
6905,2026-01-10 22:08:00,acc1,My favorite moment in Demon Slayer still gives me chills 🤔,,
6906,2026-01-10 22:10:00,acc2,"Quote of the day: ""People's dreams never end."" ⚡",,👏
6907,2026-01-10 22:12:00,acc3,"Quote of the day: ""Power comes in response to a need."" 😂",,😂
6908,2026-01-10 22:14:00,acc4,"Quote of the day: ""The world isn't perfect, but it's beautiful."" ⚡",,
6909,2026-01-10 22:16:00,acc1,Who's your favorite character from Jujutsu Kaisen? ⚡,,🔥
6910,2026-01-10 22:18:00,acc2,I think today's episode was incredible! 😭,,
6911,2026-01-10 22:20:00,acc3,No spoilers please! ❤️,6900,😭
6912,2026-01-10 22:22:00,acc4,My favorite moment in Steins;Gate still gives me chills 👀,6909,😎
6913,2026-01-10 22:24:00,acc1,No spoilers please! 😀,,💯
6914,2026-01-10 22:26:00,acc2,I think today's episode was incredible! ⚡,,😮
6915,2026-01-10 22:28:00,acc3,My favorite moment in Vinland Saga still gives me chills 💯,,👏
6916,2026-01-10 22:30:00,acc4,Who's your favorite character from One Piece? 👀,6914,👏
6917,2026-01-10 22:32:00,acc1,Who's your favorite character from Dragon Ball? 😭,6901,❤️
6918,2026-01-10 22:34:00,acc2,Random anime fact: Many anime openings become chart-topping songs. 😀,,👍
6919,2026-01-10 22:36:00,acc3,Opening theme has been stuck in my head. 😂,6917,
6920,2026-01-10 22:38:00,acc4,Opening theme has been stuck in my head. 🍜,,😭
6921,2026-01-10 22:40:00,acc1,My favorite moment in Dragon Ball still gives me chills 🤔,6916,
6922,2026-01-10 22:42:00,acc2,I think today's episode was incredible! ⚡,6910,💯
6923,2026-01-10 22:44:00,acc3,Random anime fact: One Piece is among the best-selling manga series. 💯,6921,😎
6924,2026-01-10 22:46:00,acc4,That animation quality was insane! 💯,,😎
6925,2026-01-10 22:48:00,acc1,Anyone watching Death Note lately? 🔥,,😎
6926,2026-01-10 22:50:00,acc2,"Quote of the day: ""People's dreams never end."" 🍜",,👏
6927,2026-01-10 22:52:00,acc3,Who's your favorite character from Hunter x Hunter? 😭,,😮
6928,2026-01-10 22:54:00,acc4,Opening theme has been stuck in my head. 😂,6916,👏
6929,2026-01-10 22:56:00,acc1,Opening theme has been stuck in my head. 🤔,,👍
6930,2026-01-10 22:58:00,acc2,Opening theme has been stuck in my head. 💯,6920,
6931,2026-01-10 23:00:00,acc3,I think today's episode was incredible! ❤️,,😮
6932,2026-01-10 23:02:00,acc4,Who's your favorite character from Jujutsu Kaisen? 👀,,❤️
6933,2026-01-10 23:04:00,acc1,No spoilers please! 👀,6921,👏
6934,2026-01-10 23:06:00,acc2,Who's your favorite character from Naruto? 😂,6928,😮
6935,2026-01-10 23:08:00,acc3,"Quote of the day: ""A lesson without pain is meaningless."" 🍜",,😭
6936,2026-01-10 23:10:00,acc4,That animation quality was insane! 😀,,😂
6937,2026-01-10 23:12:00,acc1,"Quote of the day: ""Power comes in response to a need."" 🤔",6922,🔥
6938,2026-01-10 23:14:00,acc2,That animation quality was insane! ⚡,,😂
6939,2026-01-10 23:16:00,acc3,My favorite moment in One Piece still gives me chills 😎,6927,👍
6940,2026-01-10 23:18:00,acc4,Opening theme has been stuck in my head. ⚡,,😎
6941,2026-01-10 23:20:00,acc1,My favorite moment in Steins;Gate still gives me chills ✨,,
6942,2026-01-10 23:22:00,acc2,That animation quality was insane! 🙌,6940,❤️
6943,2026-01-10 23:24:00,acc3,Opening theme has been stuck in my head. 🎉,,👏
6944,2026-01-10 23:26:00,acc4,Anyone watching Vinland Saga lately? 🎉,6934,😮
6945,2026-01-10 23:28:00,acc1,I'm rewatching Haikyuu!! this weekend. 🍜,,😭
6946,2026-01-10 23:30:00,acc2,Anyone watching Dragon Ball lately? 🤔,6944,👏
6947,2026-01-10 23:32:00,acc3,Who's your favorite character from Naruto? 💯,,
6948,2026-01-10 23:34:00,acc4,Anyone watching Jujutsu Kaisen lately? 📚,6941,😂
6949,2026-01-10 23:36:00,acc1,No spoilers please! 🔥,,👏
6950,2026-01-10 23:38:00,acc2,Random anime fact: Studio Ghibli films are famous for hand-drawn animation. ✨,,👏
6951,2026-01-10 23:40:00,acc3,No spoilers please! 🔥,6940,
6952,2026-01-10 23:42:00,acc4,Opening theme has been stuck in my head. 🍜,6944,👍
6953,2026-01-10 23:44:00,acc1,"Quote of the day: ""Keep moving forward."" 🍜",6949,👍
6954,2026-01-10 23:46:00,acc2,I'm rewatching Solo Leveling this weekend. 😭,,👍
6955,2026-01-10 23:48:00,acc3,No spoilers please! ✨,,❤️
6956,2026-01-10 23:50:00,acc4,That animation quality was insane! ⚡,6951,❤️
6957,2026-01-10 23:52:00,acc1,Anyone watching Attack on Titan lately? 🤔,6955,❤️
6958,2026-01-10 23:54:00,acc2,I'm rewatching My Hero Academia this weekend. 🤔,,😮
6959,2026-01-10 23:56:00,acc3,That animation quality was insane! 😀,6944,😮
6960,2026-01-10 23:58:00,acc4,That animation quality was insane! 🎉,6952,😮
6961,2026-01-11 00:00:00,acc1,I think today's episode was incredible! 🙌,,💯
6962,2026-01-11 00:02:00,acc2,Random anime fact: Attack on Titan changed many viewers' expectations of anime. 👀,6948,💯
6963,2026-01-11 00:04:00,acc3,Random anime fact: Voice actors in Japan are called seiyuu. ❤️,6950,😭
6964,2026-01-11 00:06:00,acc4,Opening theme has been stuck in my head. 😂,6948,👏
6965,2026-01-11 00:08:00,acc1,My favorite moment in Vinland Saga still gives me chills 💯,6953,❤️
6966,2026-01-11 00:10:00,acc2,I'm rewatching Hunter x Hunter this weekend. 😀,,🔥
6967,2026-01-11 00:12:00,acc3,That animation quality was insane! ⚡,6959,❤️
6968,2026-01-11 00:14:00,acc4,My favorite moment in Vinland Saga still gives me chills 🎉,6959,👍
6969,2026-01-11 00:16:00,acc1,"Quote of the day: ""Power comes in response to a need."" 🔥",,🔥
6970,2026-01-11 00:18:00,acc2,"Quote of the day: ""A lesson without pain is meaningless."" ⚡",6955,🔥
6971,2026-01-11 00:20:00,acc3,Who's your favorite character from Bleach? ❤️,,👏
6972,2026-01-11 00:22:00,acc4,That animation quality was insane! 🎉,6958,💯
6973,2026-01-11 00:24:00,acc1,Who's your favorite character from Attack on Titan? 🙌,6971,😂
6974,2026-01-11 00:26:00,acc2,I'm rewatching One Piece this weekend. 😎,6972,🔥
6975,2026-01-11 00:28:00,acc3,I think today's episode was incredible! 😎,6971,💯
6976,2026-01-11 00:30:00,acc4,My favorite moment in Frieren still gives me chills 😂,6968,😎
6977,2026-01-11 00:32:00,acc1,That animation quality was insane! 😭,,👍
6978,2026-01-11 00:34:00,acc2,Opening theme has been stuck in my head. 📚,,😎
6979,2026-01-11 00:36:00,acc3,No spoilers please! 😎,6970,😎
6980,2026-01-11 00:38:00,acc4,That animation quality was insane! 📚,,😎
6981,2026-01-11 00:40:00,acc1,My favorite moment in Naruto still gives me chills 📚,6974,👍
6982,2026-01-11 00:42:00,acc2,Random anime fact: Studio Ghibli films are famous for hand-drawn animation. 😭,6978,😂
6983,2026-01-11 00:44:00,acc3,Who's your favorite character from Vinland Saga? ❤️,6967,😎
6984,2026-01-11 00:46:00,acc4,"Quote of the day: ""The world isn't perfect, but it's beautiful."" 🍜",,
6985,2026-01-11 00:48:00,acc1,My favorite moment in Fullmetal Alchemist still gives me chills ✨,,😂
6986,2026-01-11 00:50:00,acc2,Anyone watching Jujutsu Kaisen lately? ✨,,👍
6987,2026-01-11 00:52:00,acc3,"Quote of the day: ""Keep moving forward."" 🎉",,❤️
6988,2026-01-11 00:54:00,acc4,That animation quality was insane! ⚡,,😂
6989,2026-01-11 00:56:00,acc1,That animation quality was insane! 🙌,6974,🔥
6990,2026-01-11 00:58:00,acc2,Random anime fact: Many anime openings become chart-topping songs. 💯,6976,😭
6991,2026-01-11 01:00:00,acc3,I think today's episode was incredible! 🤔,6985,
6992,2026-01-11 01:02:00,acc4,"Quote of the day: ""Keep moving forward."" ✨",,😂
6993,2026-01-11 01:04:00,acc1,My favorite moment in Bleach still gives me chills ⚡,,🔥
6994,2026-01-11 01:06:00,acc2,I'm rewatching Hunter x Hunter this weekend. 😂,6985,💯
6995,2026-01-11 01:08:00,acc3,Who's your favorite character from One Piece? ⚡,6979,😭
6996,2026-01-11 01:10:00,acc4,No spoilers please! ✨,,👏
6997,2026-01-11 01:12:00,acc1,That animation quality was insane! 😂,6982,😂
6998,2026-01-11 01:14:00,acc2,"Quote of the day: ""Keep moving forward."" 💯",6990,👏
6999,2026-01-11 01:16:00,acc3,Random anime fact: Did you know? Anime is often adapted from manga or light novels. 📚,6995,😂
7000,2026-01-11 01:18:00,acc4,Who's your favorite character from My Hero Academia? 😂,,👏
7001,2026-01-11 01:20:00,acc1,That animation quality was insane! ❤️,6996,😂
7002,2026-01-11 01:22:00,acc2,Random anime fact: Voice actors in Japan are called seiyuu. ⚡,6999,😎
7003,2026-01-11 01:24:00,acc3,That animation quality was insane! 🤔,6997,😂
7004,2026-01-11 01:26:00,acc4,No spoilers please! ⚡,,
7005,2026-01-11 01:28:00,acc1,My favorite moment in Steins;Gate still gives me chills 😀,,❤️
7006,2026-01-11 01:30:00,acc2,Who's your favorite character from Jujutsu Kaisen? 😎,,😂
7007,2026-01-11 01:32:00,acc3,That animation quality was insane! 🎉,,😎
7008,2026-01-11 01:34:00,acc4,That animation quality was insane! 🤔,,😭
7009,2026-01-11 01:36:00,acc1,"Quote of the day: ""People's dreams never end."" ⚡",6995,😭
7010,2026-01-11 01:38:00,acc2,That animation quality was insane! 🙌,6997,
7011,2026-01-11 01:40:00,acc3,"Quote of the day: ""People's dreams never end."" 🙌",,
7012,2026-01-11 01:42:00,acc4,I'm rewatching Naruto this weekend. 🎉,,💯
7013,2026-01-11 01:44:00,acc1,That animation quality was insane! 📚,,🔥
7014,2026-01-11 01:46:00,acc2,My favorite moment in Hunter x Hunter still gives me chills 😭,7006,😮
7015,2026-01-11 01:48:00,acc3,I'm rewatching Dragon Ball this weekend. ⚡,7006,😎
7016,2026-01-11 01:50:00,acc4,Opening theme has been stuck in my head. 🙌,,👏
7017,2026-01-11 01:52:00,acc1,No spoilers please! ✨,7004,😭
7018,2026-01-11 01:54:00,acc2,Opening theme has been stuck in my head. 📚,7005,
7019,2026-01-11 01:56:00,acc3,Who's your favorite character from Haikyuu!!? 🔥,,👍
7020,2026-01-11 01:58:00,acc4,Anyone watching Demon Slayer lately? ⚡,,😭
7021,2026-01-11 02:00:00,acc1,Opening theme has been stuck in my head. 🎉,7019,❤️
7022,2026-01-11 02:02:00,acc2,I'm rewatching Haikyuu!! this weekend. ❤️,7009,😂
7023,2026-01-11 02:04:00,acc3,No spoilers please! 🍜,7018,👍
7024,2026-01-11 02:06:00,acc4,My favorite moment in Frieren still gives me chills 😎,7014,
7025,2026-01-11 02:08:00,acc1,I think today's episode was incredible! 🤔,7009,😎
7026,2026-01-11 02:10:00,acc2,Opening theme has been stuck in my head. 🍜,7010,😭
7027,2026-01-11 02:12:00,acc3,My favorite moment in Fullmetal Alchemist still gives me chills 💯,,
7028,2026-01-11 02:14:00,acc4,I'm rewatching Frieren this weekend. 💯,7021,😮
7029,2026-01-11 02:16:00,acc1,That animation quality was insane! 😂,,👏
7030,2026-01-11 02:18:00,acc2,No spoilers please! 😎,,😂
7031,2026-01-11 02:20:00,acc3,Anyone watching Bleach lately? 💯,7021,👍
7032,2026-01-11 02:22:00,acc4,No spoilers please! ❤️,7028,😮
7033,2026-01-11 02:24:00,acc1,Anyone watching Attack on Titan lately? 😭,7028,💯
7034,2026-01-11 02:26:00,acc2,My favorite moment in Haikyuu!! still gives me chills 📚,7021,❤️
7035,2026-01-11 02:28:00,acc3,Random anime fact: One Piece is among the best-selling manga series. 😀,,👏
7036,2026-01-11 02:30:00,acc4,Opening theme has been stuck in my head. 🙌,,❤️
7037,2026-01-11 02:32:00,acc1,That animation quality was insane! 🎉,7028,👏
7038,2026-01-11 02:34:00,acc2,That animation quality was insane! 😎,7028,😎
7039,2026-01-11 02:36:00,acc3,Anyone watching Fullmetal Alchemist lately? 😭,,🔥
7040,2026-01-11 02:38:00,acc4,Opening theme has been stuck in my head. 👀,7033,💯
7041,2026-01-11 02:40:00,acc1,My favorite moment in Haikyuu!! still gives me chills ✨,7037,👏
7042,2026-01-11 02:42:00,acc2,Anyone watching Naruto lately? 😎,,🔥
7043,2026-01-11 02:44:00,acc3,I think today's episode was incredible! 😎,,💯
7044,2026-01-11 02:46:00,acc4,I'm rewatching Attack on Titan this weekend. 🍜,7041,😂
7045,2026-01-11 02:48:00,acc1,Anyone watching Demon Slayer lately? ❤️,7040,😮
7046,2026-01-11 02:50:00,acc2,Random anime fact: Voice actors in Japan are called seiyuu. 💯,,🔥
7047,2026-01-11 02:52:00,acc3,I'm rewatching Steins;Gate this weekend. 🤔,7040,👍
7048,2026-01-11 02:54:00,acc4,That animation quality was insane! 🤔,,😎
7049,2026-01-11 02:56:00,acc1,That animation quality was insane! 😀,7039,👏
7050,2026-01-11 02:58:00,acc2,My favorite moment in My Hero Academia still gives me chills ⚡,7039,❤️
7051,2026-01-11 03:00:00,acc3,That animation quality was insane! ❤️,7042,💯
7052,2026-01-11 03:02:00,acc4,Opening theme has been stuck in my head. 🎉,7046,🔥
7053,2026-01-11 03:04:00,acc1,Opening theme has been stuck in my head. 😎,,🔥
7054,2026-01-11 03:06:00,acc2,I'm rewatching My Hero Academia this weekend. 😭,,😭
7055,2026-01-11 03:08:00,acc3,Opening theme has been stuck in my head. 🍜,,😮
7056,2026-01-11 03:10:00,acc4,Opening theme has been stuck in my head. 🙌,7044,😮
7057,2026-01-11 03:12:00,acc1,That animation quality was insane! 🔥,7048,💯
7058,2026-01-11 03:14:00,acc2,That animation quality was insane! 💯,,😮
7059,2026-01-11 03:16:00,acc3,That animation quality was insane! 👀,7043,😎
7060,2026-01-11 03:18:00,acc4,Opening theme has been stuck in my head. ❤️,7048,❤️
7061,2026-01-11 03:20:00,acc1,Opening theme has been stuck in my head. 😀,,👍
7062,2026-01-11 03:22:00,acc2,Who's your favorite character from Frieren? ⚡,,👍
7063,2026-01-11 03:24:00,acc3,Who's your favorite character from My Hero Academia? 😎,,😂
7064,2026-01-11 03:26:00,acc4,Anyone watching Death Note lately? 😂,7052,😭
7065,2026-01-11 03:28:00,acc1,Anyone watching Demon Slayer lately? 😎,7050,
7066,2026-01-11 03:30:00,acc2,Who's your favorite character from Hunter x Hunter? 📚,,👍
7067,2026-01-11 03:32:00,acc3,No spoilers please! 🔥,7051,🔥
7068,2026-01-11 03:34:00,acc4,Opening theme has been stuck in my head. 👀,7062,👍
7069,2026-01-11 03:36:00,acc1,I'm rewatching Dragon Ball this weekend. ⚡,,😭
7070,2026-01-11 03:38:00,acc2,Opening theme has been stuck in my head. ❤️,7063,🔥
7071,2026-01-11 03:40:00,acc3,Opening theme has been stuck in my head. ⚡,7062,😮
7072,2026-01-11 03:42:00,acc4,I'm rewatching Haikyuu!! this weekend. 🎉,7057,😎
7073,2026-01-11 03:44:00,acc1,I'm rewatching Haikyuu!! this weekend. 😭,7070,😎
7074,2026-01-11 03:46:00,acc2,"Quote of the day: ""The world isn't perfect, but it's beautiful."" 📚",7070,😎
7075,2026-01-11 03:48:00,acc3,"Quote of the day: ""Keep moving forward."" 😂",,🔥
7076,2026-01-11 03:50:00,acc4,Who's your favorite character from Jujutsu Kaisen? 🔥,7069,😎
7077,2026-01-11 03:52:00,acc1,Who's your favorite character from Vinland Saga? 👀,,👏
7078,2026-01-11 03:54:00,acc2,Anyone watching Steins;Gate lately? ⚡,7065,💯
7079,2026-01-11 03:56:00,acc3,Who's your favorite character from Frieren? 🍜,7073,👏
7080,2026-01-11 03:58:00,acc4,I'm rewatching Frieren this weekend. 😂,,👍
7081,2026-01-11 04:00:00,acc1,No spoilers please! 🍜,7079,😮
7082,2026-01-11 04:02:00,acc2,Anyone watching Demon Slayer lately? 📚,7075,😂
7083,2026-01-11 04:04:00,acc3,That animation quality was insane! 🍜,,😮
7084,2026-01-11 04:06:00,acc4,Opening theme has been stuck in my head. 😭,,👍
7085,2026-01-11 04:08:00,acc1,"Quote of the day: ""Keep moving forward."" 🔥",,👏
7086,2026-01-11 04:10:00,acc2,My favorite moment in Jujutsu Kaisen still gives me chills 😎,7080,😭
7087,2026-01-11 04:12:00,acc3,Random anime fact: Attack on Titan changed many viewers' expectations of anime. 🙌,7079,💯
7088,2026-01-11 04:14:00,acc4,I'm rewatching Bleach this weekend. ⚡,7083,
7089,2026-01-11 04:16:00,acc1,I think today's episode was incredible! ❤️,,
7090,2026-01-11 04:18:00,acc2,No spoilers please! 😂,,👏
7091,2026-01-11 04:20:00,acc3,That animation quality was insane! 😂,7086,😂
7092,2026-01-11 04:22:00,acc4,My favorite moment in Dragon Ball still gives me chills 😎,,❤️
7093,2026-01-11 04:24:00,acc1,"Quote of the day: ""The world isn't perfect, but it's beautiful."" 📚",7087,💯
7094,2026-01-11 04:26:00,acc2,That animation quality was insane! 😎,,👏
7095,2026-01-11 04:28:00,acc3,Anyone watching Frieren lately? 🔥,,😎
7096,2026-01-11 04:30:00,acc4,Random anime fact: Many anime openings become chart-topping songs. ⚡,,😮
7097,2026-01-11 04:32:00,acc1,No spoilers please! 🍜,7092,😎
7098,2026-01-11 04:34:00,acc2,I think today's episode was incredible! 🍜,7087,😮
7099,2026-01-11 04:36:00,acc3,No spoilers please! 🔥,7089,👍
7100,2026-01-11 04:38:00,acc4,"Quote of the day: ""Keep moving forward."" 😂",7092,😮
7101,2026-01-11 04:40:00,acc1,Who's your favorite character from My Hero Academia? ❤️,7092,😮
7102,2026-01-11 04:42:00,acc2,I think today's episode was incredible! 😀,7094,😂
7103,2026-01-11 04:44:00,acc3,I think today's episode was incredible! 💯,7093,👏
7104,2026-01-11 04:46:00,acc4,Opening theme has been stuck in my head. 😭,,💯
7105,2026-01-11 04:48:00,acc1,I think today's episode was incredible! 🎉,7096,🔥
7106,2026-01-11 04:50:00,acc2,Anyone watching My Hero Academia lately? ❤️,,👏
7107,2026-01-11 04:52:00,acc3,Opening theme has been stuck in my head. ❤️,7095,😂
7108,2026-01-11 04:54:00,acc4,Anyone watching One Piece lately? 😎,,😂
7109,2026-01-11 04:56:00,acc1,Anyone watching Fullmetal Alchemist lately? 🤔,7101,😭
7110,2026-01-11 04:58:00,acc2,"Quote of the day: ""Power comes in response to a need."" 💯",7107,👍
7111,2026-01-11 05:00:00,acc3,Opening theme has been stuck in my head. 🔥,,💯
7112,2026-01-11 05:02:00,acc4,I think today's episode was incredible! 💯,7101,👏
7113,2026-01-11 05:04:00,acc1,Opening theme has been stuck in my head. 😎,7103,👏
7114,2026-01-11 05:06:00,acc2,"Quote of the day: ""A lesson without pain is meaningless."" 🍜",7107,
7115,2026-01-11 05:08:00,acc3,Opening theme has been stuck in my head. 😀,7100,😎
7116,2026-01-11 05:10:00,acc4,No spoilers please! ⚡,7112,😎
7117,2026-01-11 05:12:00,acc1,I'm rewatching One Piece this weekend. 🤔,,😎
7118,2026-01-11 05:14:00,acc2,"Quote of the day: ""The world isn't perfect, but it's beautiful."" ✨",,❤️
7119,2026-01-11 05:16:00,acc3,No spoilers please! 🍜,,👍
7120,2026-01-11 05:18:00,acc4,That animation quality was insane! 🍜,,👏
7121,2026-01-11 05:20:00,acc1,"Quote of the day: ""The world isn't perfect, but it's beautiful."" 😀",7112,❤️
7122,2026-01-11 05:22:00,acc2,I think today's episode was incredible! ⚡,,
7123,2026-01-11 05:24:00,acc3,I'm rewatching Naruto this weekend. 😀,,😂
7124,2026-01-11 05:26:00,acc4,Opening theme has been stuck in my head. 🎉,7122,😭
7125,2026-01-11 05:28:00,acc1,That animation quality was insane! 😀,7123,😎
7126,2026-01-11 05:30:00,acc2,Opening theme has been stuck in my head. ❤️,,😂
7127,2026-01-11 05:32:00,acc3,Who's your favorite character from Frieren? 🍜,,😭
7128,2026-01-11 05:34:00,acc4,I'm rewatching Hunter x Hunter this weekend. 👀,,😎
7129,2026-01-11 05:36:00,acc1,Anyone watching One Piece lately? 🔥,7125,💯
7130,2026-01-11 05:38:00,acc2,My favorite moment in Death Note still gives me chills 💯,7123,😮
7131,2026-01-11 05:40:00,acc3,That animation quality was insane! 💯,,💯
7132,2026-01-11 05:42:00,acc4,I'm rewatching Steins;Gate this weekend. 😀,7119,👏
7133,2026-01-11 05:44:00,acc1,I think today's episode was incredible! 😭,,👍
7134,2026-01-11 05:46:00,acc2,Anyone watching Hunter x Hunter lately? 😀,,💯
7135,2026-01-11 05:48:00,acc3,Random anime fact: Many anime openings become chart-topping songs. ❤️,,😂
7136,2026-01-11 05:50:00,acc4,My favorite moment in Naruto still gives me chills 😎,7126,💯
7137,2026-01-11 05:52:00,acc1,That animation quality was insane! ✨,,😮
7138,2026-01-11 05:54:00,acc2,That animation quality was insane! 😂,7125,😂
7139,2026-01-11 05:56:00,acc3,I'm rewatching Frieren this weekend. 😎,,💯
7140,2026-01-11 05:58:00,acc4,I'm rewatching Naruto this weekend. 😭,7127,😭
7141,2026-01-11 06:00:00,acc1,Opening theme has been stuck in my head. 📚,,😮
7142,2026-01-11 06:02:00,acc2,Anyone watching Attack on Titan lately? 😀,7138,
7143,2026-01-11 06:04:00,acc3,Opening theme has been stuck in my head. ⚡,7140,😎
7144,2026-01-11 06:06:00,acc4,My favorite moment in Naruto still gives me chills 💯,7139,👏
7145,2026-01-11 06:08:00,acc1,That animation quality was insane! 💯,7137,👏
7146,2026-01-11 06:10:00,acc2,Anyone watching My Hero Academia lately? 👀,7142,🔥
7147,2026-01-11 06:12:00,acc3,I think today's episode was incredible! 🍜,7143,😮
7148,2026-01-11 06:14:00,acc4,Anyone watching Death Note lately? 🍜,7144,
7149,2026-01-11 06:16:00,acc1,Who's your favorite character from Fullmetal Alchemist? ✨,7146,💯
7150,2026-01-11 06:18:00,acc2,Anyone watching Solo Leveling lately? 🎉,7138,👏
7151,2026-01-11 06:20:00,acc3,"Quote of the day: ""Power comes in response to a need."" 📚",,
7152,2026-01-11 06:22:00,acc4,Anyone watching Demon Slayer lately? 🍜,,😂
7153,2026-01-11 06:24:00,acc1,Who's your favorite character from Haikyuu!!? 🤔,,🔥
7154,2026-01-11 06:26:00,acc2,"Quote of the day: ""People's dreams never end."" 😭",7143,❤️
7155,2026-01-11 06:28:00,acc3,"Quote of the day: ""A lesson without pain is meaningless."" 🍜",,👏
7156,2026-01-11 06:30:00,acc4,Random anime fact: Did you know? Anime is often adapted from manga or light novels. 🎉,7143,🔥
7157,2026-01-11 06:32:00,acc1,Who's your favorite character from One Piece? 🎉,7154,👍
7158,2026-01-11 06:34:00,acc2,Random anime fact: Many anime openings become chart-topping songs. 😂,7150,👍
7159,2026-01-11 06:36:00,acc3,That animation quality was insane! 😀,7153,😭
7160,2026-01-11 06:38:00,acc4,Random anime fact: Voice actors in Japan are called seiyuu. 😂,,💯
7161,2026-01-11 06:40:00,acc1,My favorite moment in Attack on Titan still gives me chills ✨,7158,😭
7162,2026-01-11 06:42:00,acc2,I think today's episode was incredible! 📚,,👏
7163,2026-01-11 06:44:00,acc3,I'm rewatching Jujutsu Kaisen this weekend. ❤️,,👍
7164,2026-01-11 06:46:00,acc4,That animation quality was insane! ✨,7154,😮
7165,2026-01-11 06:48:00,acc1,Who's your favorite character from Vinland Saga? 😂,7152,👏
7166,2026-01-11 06:50:00,acc2,I think today's episode was incredible! 👀,,😭
7167,2026-01-11 06:52:00,acc3,I think today's episode was incredible! 🔥,7165,💯
7168,2026-01-11 06:54:00,acc4,"Quote of the day: ""The world isn't perfect, but it's beautiful."" 🎉",7161,👏
7169,2026-01-11 06:56:00,acc1,"Quote of the day: ""The world isn't perfect, but it's beautiful."" 😀",7163,🔥
7170,2026-01-11 06:58:00,acc2,Who's your favorite character from Death Note? 😂,7154,
7171,2026-01-11 07:00:00,acc3,I'm rewatching Dragon Ball this weekend. 💯,7167,❤️
7172,2026-01-11 07:02:00,acc4,Opening theme has been stuck in my head. 👀,7167,🔥
7173,2026-01-11 07:04:00,acc1,Who's your favorite character from Jujutsu Kaisen? 💯,7164,😂
7174,2026-01-11 07:06:00,acc2,My favorite moment in Solo Leveling still gives me chills 😭,7163,
7175,2026-01-11 07:08:00,acc3,No spoilers please! ❤️,7160,💯
7176,2026-01-11 07:10:00,acc4,Anyone watching Jujutsu Kaisen lately? 💯,,😎
7177,2026-01-11 07:12:00,acc1,Anyone watching Bleach lately? 😭,7173,🔥
7178,2026-01-11 07:14:00,acc2,I think today's episode was incredible! 😀,7172,😎
7179,2026-01-11 07:16:00,acc3,Opening theme has been stuck in my head. 😎,,🔥
7180,2026-01-11 07:18:00,acc4,No spoilers please! 😀,7173,🔥
7181,2026-01-11 07:20:00,acc1,Who's your favorite character from Frieren? 😎,,💯
7182,2026-01-11 07:22:00,acc2,No spoilers please! 😂,7170,🔥
7183,2026-01-11 07:24:00,acc3,I'm rewatching One Piece this weekend. 😎,,
7184,2026-01-11 07:26:00,acc4,"Quote of the day: ""The world isn't perfect, but it's beautiful."" ✨",7176,😭
7185,2026-01-11 07:28:00,acc1,I think today's episode was incredible! 👀,,😂
7186,2026-01-11 07:30:00,acc2,Who's your favorite character from Naruto? 🤔,7172,💯
7187,2026-01-11 07:32:00,acc3,"Quote of the day: ""The world isn't perfect, but it's beautiful."" 📚",,😂
7188,2026-01-11 07:34:00,acc4,No spoilers please! 🔥,7178,💯
7189,2026-01-11 07:36:00,acc1,My favorite moment in Hunter x Hunter still gives me chills 😎,7186,😮
7190,2026-01-11 07:38:00,acc2,Random anime fact: One Piece is among the best-selling manga series. 🤔,7176,😮
7191,2026-01-11 07:40:00,acc3,I think today's episode was incredible! ✨,7176,💯
7192,2026-01-11 07:42:00,acc4,My favorite moment in Demon Slayer still gives me chills 🤔,7179,👏
7193,2026-01-11 07:44:00,acc1,I think today's episode was incredible! 😎,,😭
7194,2026-01-11 07:46:00,acc2,Anyone watching One Piece lately? 😀,,😭
7195,2026-01-11 07:48:00,acc3,No spoilers please! 🙌,7186,💯
7196,2026-01-11 07:50:00,acc4,No spoilers please! ⚡,,🔥
7197,2026-01-11 07:52:00,acc1,That animation quality was insane! ⚡,,😎
7198,2026-01-11 07:54:00,acc2,Who's your favorite character from Hunter x Hunter? 👀,7192,😂
7199,2026-01-11 07:56:00,acc3,No spoilers please! 😎,7189,👍
7200,2026-01-11 07:58:00,acc4,My favorite moment in Fullmetal Alchemist still gives me chills 😎,7195,👏
7201,2026-01-11 08:00:00,acc1,Who's your favorite character from Frieren? 🎉,,
7202,2026-01-11 08:02:00,acc2,I'm rewatching Attack on Titan this weekend. 😎,7195,❤️
7203,2026-01-11 08:04:00,acc3,"Quote of the day: ""Keep moving forward."" 🍜",7192,😎
7204,2026-01-11 08:06:00,acc4,Anyone watching Steins;Gate lately? 📚,7190,😭
7205,2026-01-11 08:08:00,acc1,I'm rewatching Death Note this weekend. 📚,7200,❤️
7206,2026-01-11 08:10:00,acc2,"Quote of the day: ""Keep moving forward."" 🤔",7199,👍
7207,2026-01-11 08:12:00,acc3,Who's your favorite character from Attack on Titan? 😎,7205,😮
7208,2026-01-11 08:14:00,acc4,"Quote of the day: ""People's dreams never end."" 💯",,😎
7209,2026-01-11 08:16:00,acc1,Anyone watching Demon Slayer lately? 💯,7197,❤️
7210,2026-01-11 08:18:00,acc2,Who's your favorite character from Haikyuu!!? 🙌,,
7211,2026-01-11 08:20:00,acc3,I think today's episode was incredible! 😎,,💯
7212,2026-01-11 08:22:00,acc4,No spoilers please! 🔥,,😂
7213,2026-01-11 08:24:00,acc1,That animation quality was insane! 🤔,,💯
7214,2026-01-11 08:26:00,acc2,I think today's episode was incredible! 😀,7198,❤️
7215,2026-01-11 08:28:00,acc3,Anyone watching One Piece lately? 😀,,🔥
7216,2026-01-11 08:30:00,acc4,That animation quality was insane! ✨,7211,😭
7217,2026-01-11 08:32:00,acc1,"Quote of the day: ""A lesson without pain is meaningless."" 😀",,❤️
7218,2026-01-11 08:34:00,acc2,That animation quality was insane! 📚,7204,😂
7219,2026-01-11 08:36:00,acc3,That animation quality was insane! ⚡,7209,😂
7220,2026-01-11 08:38:00,acc4,I think today's episode was incredible! 😂,7215,❤️
7221,2026-01-11 08:40:00,acc1,Random anime fact: One Piece is among the best-selling manga series. 🍜,7207,
7222,2026-01-11 08:42:00,acc2,Random anime fact: Many anime openings become chart-topping songs. 😎,7212,🔥
7223,2026-01-11 08:44:00,acc3,Opening theme has been stuck in my head. 😎,,💯
7224,2026-01-11 08:46:00,acc4,No spoilers please! 🎉,7218,😮
7225,2026-01-11 08:48:00,acc1,Anyone watching Solo Leveling lately? 😂,7221,🔥
7226,2026-01-11 08:50:00,acc2,No spoilers please! 🍜,7217,😂
7227,2026-01-11 08:52:00,acc3,"Quote of the day: ""The world isn't perfect, but it's beautiful."" 💯",7224,
7228,2026-01-11 08:54:00,acc4,Opening theme has been stuck in my head. 💯,,👏
7229,2026-01-11 08:56:00,acc1,Random anime fact: Studio Ghibli films are famous for hand-drawn animation. 😀,7214,😮
7230,2026-01-11 08:58:00,acc2,My favorite moment in Naruto still gives me chills 😎,,
7231,2026-01-11 09:00:00,acc3,Anyone watching Solo Leveling lately? 💯,,
7232,2026-01-11 09:02:00,acc4,Who's your favorite character from Attack on Titan? 🍜,7217,❤️
7233,2026-01-11 09:04:00,acc1,Who's your favorite character from Attack on Titan? ✨,,😎
7234,2026-01-11 09:06:00,acc2,Opening theme has been stuck in my head. 😎,,👍
7235,2026-01-11 09:08:00,acc3,No spoilers please! ✨,7224,😎
7236,2026-01-11 09:10:00,acc4,Anyone watching One Piece lately? 😀,7230,👍
7237,2026-01-11 09:12:00,acc1,Opening theme has been stuck in my head. 😂,7225,🔥
7238,2026-01-11 09:14:00,acc2,Random anime fact: One Piece is among the best-selling manga series. 💯,7231,😂
7239,2026-01-11 09:16:00,acc3,That animation quality was insane! 🍜,7234,😎
7240,2026-01-11 09:18:00,acc4,Anyone watching Steins;Gate lately? 🙌,,👏
7241,2026-01-11 09:20:00,acc1,Random anime fact: Voice actors in Japan are called seiyuu. 😭,,😂
7242,2026-01-11 09:22:00,acc2,I'm rewatching Frieren this weekend. 🎉,7226,😂
7243,2026-01-11 09:24:00,acc3,Anyone watching Dragon Ball lately? 🙌,,😭
7244,2026-01-11 09:26:00,acc4,That animation quality was insane! 🎉,,👏
7245,2026-01-11 09:28:00,acc1,Random anime fact: Many anime openings become chart-topping songs. 📚,7237,😭
7246,2026-01-11 09:30:00,acc2,"Quote of the day: ""The world isn't perfect, but it's beautiful."" 😭",7230,😎
7247,2026-01-11 09:32:00,acc3,No spoilers please! 🔥,7240,❤️
7248,2026-01-11 09:34:00,acc4,Who's your favorite character from Naruto? ❤️,7236,❤️
7249,2026-01-11 09:36:00,acc1,Random anime fact: Studio Ghibli films are famous for hand-drawn animation. 😀,,👍
7250,2026-01-11 09:38:00,acc2,I think today's episode was incredible! 📚,7237,💯
7251,2026-01-11 09:40:00,acc3,I think today's episode was incredible! 😭,7240,👏
7252,2026-01-11 09:42:00,acc4,That animation quality was insane! ✨,7242,😎
7253,2026-01-11 09:44:00,acc1,That animation quality was insane! 🎉,,😎
7254,2026-01-11 09:46:00,acc2,That animation quality was insane! 💯,,😎
7255,2026-01-11 09:48:00,acc3,Anyone watching Death Note lately? 😀,,👏
7256,2026-01-11 09:50:00,acc4,Who's your favorite character from Dragon Ball? 💯,,🔥
7257,2026-01-11 09:52:00,acc1,No spoilers please! 👀,,
7258,2026-01-11 09:54:00,acc2,Who's your favorite character from Steins;Gate? 😎,7246,❤️
7259,2026-01-11 09:56:00,acc3,That animation quality was insane! 🤔,,🔥
7260,2026-01-11 09:58:00,acc4,I think today's episode was incredible! 👀,7257,❤️
7261,2026-01-11 10:00:00,acc1,My favorite moment in Attack on Titan still gives me chills 💯,,😭
7262,2026-01-11 10:02:00,acc2,I think today's episode was incredible! 🤔,7248,😂
7263,2026-01-11 10:04:00,acc3,Random anime fact: Many anime openings become chart-topping songs. ❤️,,
7264,2026-01-11 10:06:00,acc4,No spoilers please! 😂,,❤️
7265,2026-01-11 10:08:00,acc1,"Quote of the day: ""The world isn't perfect, but it's beautiful."" 😎",,😮
7266,2026-01-11 10:10:00,acc2,Opening theme has been stuck in my head. 🤔,,❤️
7267,2026-01-11 10:12:00,acc3,Who's your favorite character from Steins;Gate? 👀,7260,🔥
7268,2026-01-11 10:14:00,acc4,No spoilers please! 🙌,7255,😎
7269,2026-01-11 10:16:00,acc1,My favorite moment in Vinland Saga still gives me chills 💯,7261,😭
7270,2026-01-11 10:18:00,acc2,I think today's episode was incredible! 🙌,7254,😎
7271,2026-01-11 10:20:00,acc3,Opening theme has been stuck in my head. 🎉,,👏
7272,2026-01-11 10:22:00,acc4,I'm rewatching Demon Slayer this weekend. 📚,7267,👍
7273,2026-01-11 10:24:00,acc1,My favorite moment in One Piece still gives me chills 💯,,💯
7274,2026-01-11 10:26:00,acc2,I'm rewatching One Piece this weekend. 🙌,,😂
7275,2026-01-11 10:28:00,acc3,No spoilers please! 🤔,7266,💯
7276,2026-01-11 10:30:00,acc4,My favorite moment in Solo Leveling still gives me chills 🍜,7266,😎
7277,2026-01-11 10:32:00,acc1,No spoilers please! ⚡,,🔥
7278,2026-01-11 10:34:00,acc2,Opening theme has been stuck in my head. 🤔,7263,😂
7279,2026-01-11 10:36:00,acc3,Opening theme has been stuck in my head. 🤔,7266,😂
7280,2026-01-11 10:38:00,acc4,Random anime fact: Many anime openings become chart-topping songs. 😀,,👏
7281,2026-01-11 10:40:00,acc1,That animation quality was insane! 🎉,7277,😭
7282,2026-01-11 10:42:00,acc2,Who's your favorite character from Steins;Gate? 😂,7274,💯
7283,2026-01-11 10:44:00,acc3,Anyone watching Fullmetal Alchemist lately? 🙌,,❤️
7284,2026-01-11 10:46:00,acc4,No spoilers please! 🔥,7268,💯
7285,2026-01-11 10:48:00,acc1,"Quote of the day: ""The world isn't perfect, but it's beautiful."" 😭",7273,🔥
7286,2026-01-11 10:50:00,acc2,Random anime fact: Studio Ghibli films are famous for hand-drawn animation. 😀,7284,💯
7287,2026-01-11 10:52:00,acc3,Who's your favorite character from Fullmetal Alchemist? 😭,,💯
7288,2026-01-11 10:54:00,acc4,I'm rewatching Demon Slayer this weekend. 💯,,😂
7289,2026-01-11 10:56:00,acc1,My favorite moment in Solo Leveling still gives me chills 🤔,,🔥
7290,2026-01-11 10:58:00,acc2,"Quote of the day: ""The world isn't perfect, but it's beautiful."" 🔥",7288,😎
7291,2026-01-11 11:00:00,acc3,Who's your favorite character from Dragon Ball? 🙌,7277,💯
7292,2026-01-11 11:02:00,acc4,"Quote of the day: ""A lesson without pain is meaningless."" 🍜",,😭
7293,2026-01-11 11:04:00,acc1,I think today's episode was incredible! 😀,7291,👏
7294,2026-01-11 11:06:00,acc2,My favorite moment in Hunter x Hunter still gives me chills 📚,7281,
7295,2026-01-11 11:08:00,acc3,No spoilers please! 🤔,7281,😭
7296,2026-01-11 11:10:00,acc4,Who's your favorite character from Dragon Ball? ❤️,,😭
7297,2026-01-11 11:12:00,acc1,"Quote of the day: ""The world isn't perfect, but it's beautiful."" ✨",,👏
7298,2026-01-11 11:14:00,acc2,I think today's episode was incredible! ✨,7283,😎
7299,2026-01-11 11:16:00,acc3,"Quote of the day: ""Power comes in response to a need."" 📚",7295,😭
7300,2026-01-11 11:18:00,acc4,No spoilers please! 👀,,👏
7301,2026-01-11 11:20:00,acc1,"Quote of the day: ""A lesson without pain is meaningless."" 🍜",7285,😭
7302,2026-01-11 11:22:00,acc2,Opening theme has been stuck in my head. 😀,7286,😮
7303,2026-01-11 11:24:00,acc3,My favorite moment in Steins;Gate still gives me chills 😀,7292,👍
7304,2026-01-11 11:26:00,acc4,I think today's episode was incredible! 🤔,7300,
7305,2026-01-11 11:28:00,acc1,No spoilers please! 🤔,7302,
7306,2026-01-11 11:30:00,acc2,"Quote of the day: ""A lesson without pain is meaningless."" 🔥",,😂
7307,2026-01-11 11:32:00,acc3,Anyone watching Naruto lately? 😀,,❤️
7308,2026-01-11 11:34:00,acc4,Opening theme has been stuck in my head. 🍜,7305,❤️
7309,2026-01-11 11:36:00,acc1,Opening theme has been stuck in my head. 🤔,,❤️
7310,2026-01-11 11:38:00,acc2,Anyone watching Frieren lately? 🍜,7296,😎
7311,2026-01-11 11:40:00,acc3,Random anime fact: Did you know? Anime is often adapted from manga or light novels. 🍜,,😎
7312,2026-01-11 11:42:00,acc4,Anyone watching Vinland Saga lately? 😎,7298,😮
7313,2026-01-11 11:44:00,acc1,Who's your favorite character from Solo Leveling? 🔥,7299,😂
7314,2026-01-11 11:46:00,acc2,"Quote of the day: ""People's dreams never end."" 🔥",7310,👍
7315,2026-01-11 11:48:00,acc3,Random anime fact: Did you know? Anime is often adapted from manga or light novels. ❤️,,
7316,2026-01-11 11:50:00,acc4,"Quote of the day: ""A lesson without pain is meaningless."" 😎",,
7317,2026-01-11 11:52:00,acc1,"Quote of the day: ""People's dreams never end."" 🙌",,😂
7318,2026-01-11 11:54:00,acc2,I'm rewatching Solo Leveling this weekend. 💯,7304,
7319,2026-01-11 11:56:00,acc3,That animation quality was insane! 😎,7315,💯
7320,2026-01-11 11:58:00,acc4,Opening theme has been stuck in my head. 🎉,7311,
7321,2026-01-11 12:00:00,acc1,Who's your favorite character from Dragon Ball? 😂,,🔥
7322,2026-01-11 12:02:00,acc2,Opening theme has been stuck in my head. 😀,,🔥
7323,2026-01-11 12:04:00,acc3,I'm rewatching Hunter x Hunter this weekend. 🔥,7321,❤️
7324,2026-01-11 12:06:00,acc4,Random anime fact: One Piece is among the best-selling manga series. 🍜,,😭
7325,2026-01-11 12:08:00,acc1,Random anime fact: One Piece is among the best-selling manga series. 👀,,
7326,2026-01-11 12:10:00,acc2,I'm rewatching Death Note this weekend. 🍜,,😂
7327,2026-01-11 12:12:00,acc3,My favorite moment in Frieren still gives me chills 🔥,,😂
7328,2026-01-11 12:14:00,acc4,No spoilers please! 🔥,7315,😎
7329,2026-01-11 12:16:00,acc1,I think today's episode was incredible! 📚,,😂
7330,2026-01-11 12:18:00,acc2,That animation quality was insane! 😀,,👍
7331,2026-01-11 12:20:00,acc3,Who's your favorite character from Frieren? 😎,,😮
7332,2026-01-11 12:22:00,acc4,Random anime fact: Voice actors in Japan are called seiyuu. 👀,,👏
7333,2026-01-11 12:24:00,acc1,Opening theme has been stuck in my head. ✨,,🔥
7334,2026-01-11 12:26:00,acc2,Random anime fact: Did you know? Anime is often adapted from manga or light novels. 😭,7327,🔥
7335,2026-01-11 12:28:00,acc3,My favorite moment in Fullmetal Alchemist still gives me chills 😎,,🔥
7336,2026-01-11 12:30:00,acc4,No spoilers please! ❤️,,
7337,2026-01-11 12:32:00,acc1,Opening theme has been stuck in my head. 🙌,,🔥
7338,2026-01-11 12:34:00,acc2,No spoilers please! 🤔,7331,👏
7339,2026-01-11 12:36:00,acc3,I'm rewatching Naruto this weekend. 🤔,,😂
7340,2026-01-11 12:38:00,acc4,Anyone watching Fullmetal Alchemist lately? ⚡,7337,❤️
7341,2026-01-11 12:40:00,acc1,Who's your favorite character from Vinland Saga? ✨,,😭
7342,2026-01-11 12:42:00,acc2,Opening theme has been stuck in my head. 🔥,,😎
7343,2026-01-11 12:44:00,acc3,That animation quality was insane! 💯,7327,😎
7344,2026-01-11 12:46:00,acc4,Random anime fact: Attack on Titan changed many viewers' expectations of anime. 💯,7341,👍
7345,2026-01-11 12:48:00,acc1,I think today's episode was incredible! 💯,7339,😮
7346,2026-01-11 12:50:00,acc2,I think today's episode was incredible! 📚,,💯
7347,2026-01-11 12:52:00,acc3,Random anime fact: Many anime openings become chart-topping songs. 😂,,💯
7348,2026-01-11 12:54:00,acc4,Opening theme has been stuck in my head. 😀,7332,👏
7349,2026-01-11 12:56:00,acc1,"Quote of the day: ""The world isn't perfect, but it's beautiful."" 😀",,😮
7350,2026-01-11 12:58:00,acc2,"Quote of the day: ""Power comes in response to a need."" 🎉",7336,👍
7351,2026-01-11 13:00:00,acc3,"Quote of the day: ""Power comes in response to a need."" 🍜",,💯
7352,2026-01-11 13:02:00,acc4,Anyone watching Bleach lately? 😎,7350,🔥
7353,2026-01-11 13:04:00,acc1,Who's your favorite character from Death Note? 🔥,,❤️
7354,2026-01-11 13:06:00,acc2,That animation quality was insane! 🤔,7348,👍
7355,2026-01-11 13:08:00,acc3,Random anime fact: Voice actors in Japan are called seiyuu. 🙌,,👏
7356,2026-01-11 13:10:00,acc4,Opening theme has been stuck in my head. 😎,,😭
7357,2026-01-11 13:12:00,acc1,That animation quality was insane! ⚡,,😂
7358,2026-01-11 13:14:00,acc2,I'm rewatching Vinland Saga this weekend. 😀,7353,👍
7359,2026-01-11 13:16:00,acc3,Anyone watching My Hero Academia lately? 🙌,7354,👍
7360,2026-01-11 13:18:00,acc4,Who's your favorite character from Attack on Titan? 🍜,7344,👏
7361,2026-01-11 13:20:00,acc1,My favorite moment in Haikyuu!! still gives me chills 🔥,,😎
7362,2026-01-11 13:22:00,acc2,Anyone watching Death Note lately? 💯,,😮
7363,2026-01-11 13:24:00,acc3,Random anime fact: Did you know? Anime is often adapted from manga or light novels. ⚡,7358,❤️
7364,2026-01-11 13:26:00,acc4,Who's your favorite character from Frieren? 😀,7351,👍
7365,2026-01-11 13:28:00,acc1,Who's your favorite character from Vinland Saga? 📚,,❤️
7366,2026-01-11 13:30:00,acc2,Who's your favorite character from Naruto? 💯,7353,❤️
7367,2026-01-11 13:32:00,acc3,Anyone watching One Piece lately? 🎉,,👏
7368,2026-01-11 13:34:00,acc4,That animation quality was insane! 😀,,💯
7369,2026-01-11 13:36:00,acc1,My favorite moment in My Hero Academia still gives me chills 😎,,🔥
7370,2026-01-11 13:38:00,acc2,Anyone watching Dragon Ball lately? 😭,7355,😮
7371,2026-01-11 13:40:00,acc3,Random anime fact: One Piece is among the best-selling manga series. 😀,,🔥
7372,2026-01-11 13:42:00,acc4,My favorite moment in Haikyuu!! still gives me chills 🤔,,💯
7373,2026-01-11 13:44:00,acc1,My favorite moment in Demon Slayer still gives me chills 🍜,,👏
7374,2026-01-11 13:46:00,acc2,That animation quality was insane! 😀,,💯
7375,2026-01-11 13:48:00,acc3,I'm rewatching Solo Leveling this weekend. 🙌,,👏
7376,2026-01-11 13:50:00,acc4,Anyone watching Dragon Ball lately? 🍜,7367,❤️
7377,2026-01-11 13:52:00,acc1,Random anime fact: Voice actors in Japan are called seiyuu. ⚡,,👍
7378,2026-01-11 13:54:00,acc2,Anyone watching Frieren lately? 😎,7368,👍
7379,2026-01-11 13:56:00,acc3,I think today's episode was incredible! 🔥,7366,🔥
7380,2026-01-11 13:58:00,acc4,Anyone watching Vinland Saga lately? 💯,7373,
7381,2026-01-11 14:00:00,acc1,Who's your favorite character from Hunter x Hunter? 😂,7365,
7382,2026-01-11 14:02:00,acc2,My favorite moment in Attack on Titan still gives me chills ⚡,7375,😂
7383,2026-01-11 14:04:00,acc3,Who's your favorite character from Demon Slayer? ⚡,7372,
7384,2026-01-11 14:06:00,acc4,I think today's episode was incredible! 🎉,,🔥
7385,2026-01-11 14:08:00,acc1,Anyone watching Frieren lately? 🍜,,💯
7386,2026-01-11 14:10:00,acc2,"Quote of the day: ""A lesson without pain is meaningless."" ⚡",7381,💯
7387,2026-01-11 14:12:00,acc3,My favorite moment in Haikyuu!! still gives me chills ✨,7371,👏
7388,2026-01-11 14:14:00,acc4,Random anime fact: Voice actors in Japan are called seiyuu. 💯,7379,😂
7389,2026-01-11 14:16:00,acc1,That animation quality was insane! 🙌,7380,
7390,2026-01-11 14:18:00,acc2,I'm rewatching Hunter x Hunter this weekend. ⚡,7374,😭
7391,2026-01-11 14:20:00,acc3,Anyone watching One Piece lately? 😎,7387,🔥
7392,2026-01-11 14:22:00,acc4,My favorite moment in Dragon Ball still gives me chills ❤️,7383,
7393,2026-01-11 14:24:00,acc1,"Quote of the day: ""Keep moving forward."" 🔥",7383,❤️
7394,2026-01-11 14:26:00,acc2,My favorite moment in Haikyuu!! still gives me chills 😀,,😂
7395,2026-01-11 14:28:00,acc3,Random anime fact: Many anime openings become chart-topping songs. 💯,,💯
7396,2026-01-11 14:30:00,acc4,That animation quality was insane! 📚,7386,❤️
7397,2026-01-11 14:32:00,acc1,Anyone watching Bleach lately? 😎,7390,👍
7398,2026-01-11 14:34:00,acc2,I'm rewatching Demon Slayer this weekend. 😭,,💯
7399,2026-01-11 14:36:00,acc3,"Quote of the day: ""The world isn't perfect, but it's beautiful."" ❤️",,
7400,2026-01-11 14:38:00,acc4,That animation quality was insane! 😭,7391,💯
7401,2026-01-11 14:40:00,acc1,Anyone watching One Piece lately? 🤔,7385,👍
7402,2026-01-11 14:42:00,acc2,No spoilers please! 😀,,💯
7403,2026-01-11 14:44:00,acc3,Opening theme has been stuck in my head. 🙌,7400,👍
7404,2026-01-11 14:46:00,acc4,Who's your favorite character from Dragon Ball? 📚,,❤️
7405,2026-01-11 14:48:00,acc1,"Quote of the day: ""A lesson without pain is meaningless."" 😎",,💯
7406,2026-01-11 14:50:00,acc2,Random anime fact: Studio Ghibli films are famous for hand-drawn animation. 🙌,7402,
7407,2026-01-11 14:52:00,acc3,Opening theme has been stuck in my head. 😂,,😎
7408,2026-01-11 14:54:00,acc4,No spoilers please! 👀,,😭
7409,2026-01-11 14:56:00,acc1,Random anime fact: Attack on Titan changed many viewers' expectations of anime. ❤️,7394,😭
7410,2026-01-11 14:58:00,acc2,My favorite moment in My Hero Academia still gives me chills 🍜,7406,😭
7411,2026-01-11 15:00:00,acc3,Anyone watching Vinland Saga lately? 🤔,7405,👍
7412,2026-01-11 15:02:00,acc4,"Quote of the day: ""The world isn't perfect, but it's beautiful."" 🤔",7397,👏
7413,2026-01-11 15:04:00,acc1,Random anime fact: Studio Ghibli films are famous for hand-drawn animation. 📚,7397,😎
7414,2026-01-11 15:06:00,acc2,"Quote of the day: ""The world isn't perfect, but it's beautiful."" 😀",7398,🔥
7415,2026-01-11 15:08:00,acc3,That animation quality was insane! ✨,,👏
7416,2026-01-11 15:10:00,acc4,"Quote of the day: ""Power comes in response to a need."" 🍜",7405,❤️
7417,2026-01-11 15:12:00,acc1,I'm rewatching Solo Leveling this weekend. 💯,,
7418,2026-01-11 15:14:00,acc2,My favorite moment in Jujutsu Kaisen still gives me chills ✨,,😭
7419,2026-01-11 15:16:00,acc3,I'm rewatching Naruto this weekend. ❤️,7416,👍
7420,2026-01-11 15:18:00,acc4,Random anime fact: Did you know? Anime is often adapted from manga or light novels. 💯,7404,😎
7421,2026-01-11 15:20:00,acc1,My favorite moment in Jujutsu Kaisen still gives me chills 📚,7411,👍
7422,2026-01-11 15:22:00,acc2,I'm rewatching One Piece this weekend. 🤔,7414,👏
7423,2026-01-11 15:24:00,acc3,Opening theme has been stuck in my head. 😂,,💯
7424,2026-01-11 15:26:00,acc4,Opening theme has been stuck in my head. 📚,,🔥
7425,2026-01-11 15:28:00,acc1,My favorite moment in Frieren still gives me chills 🙌,,😂
7426,2026-01-11 15:30:00,acc2,I'm rewatching Jujutsu Kaisen this weekend. ⚡,,❤️
7427,2026-01-11 15:32:00,acc3,Anyone watching One Piece lately? 🎉,,💯
7428,2026-01-11 15:34:00,acc4,Who's your favorite character from One Piece? ✨,7418,👏
7429,2026-01-11 15:36:00,acc1,My favorite moment in Solo Leveling still gives me chills 📚,7422,👏
7430,2026-01-11 15:38:00,acc2,That animation quality was insane! 🎉,7427,
7431,2026-01-11 15:40:00,acc3,Who's your favorite character from Fullmetal Alchemist? ⚡,,
7432,2026-01-11 15:42:00,acc4,"Quote of the day: ""People's dreams never end."" 🔥",7424,😭
7433,2026-01-11 15:44:00,acc1,Who's your favorite character from Vinland Saga? 😎,,🔥
7434,2026-01-11 15:46:00,acc2,Anyone watching My Hero Academia lately? 🎉,7431,👍
7435,2026-01-11 15:48:00,acc3,I'm rewatching Solo Leveling this weekend. ❤️,7426,💯
7436,2026-01-11 15:50:00,acc4,"Quote of the day: ""Keep moving forward."" 🙌",7422,
7437,2026-01-11 15:52:00,acc1,Opening theme has been stuck in my head. 😎,,😭
7438,2026-01-11 15:54:00,acc2,That animation quality was insane! 😎,7432,❤️
7439,2026-01-11 15:56:00,acc3,That animation quality was insane! 😂,7434,👍
7440,2026-01-11 15:58:00,acc4,That animation quality was insane! 😀,7430,👏
7441,2026-01-11 16:00:00,acc1,Who's your favorite character from My Hero Academia? 🙌,,👏
7442,2026-01-11 16:02:00,acc2,Opening theme has been stuck in my head. 🔥,,👏
7443,2026-01-11 16:04:00,acc3,Who's your favorite character from Steins;Gate? 💯,7437,👏
7444,2026-01-11 16:06:00,acc4,Opening theme has been stuck in my head. 📚,7431,😎
7445,2026-01-11 16:08:00,acc1,That animation quality was insane! 😭,7429,😎
7446,2026-01-11 16:10:00,acc2,No spoilers please! 👀,,👍
7447,2026-01-11 16:12:00,acc3,I think today's episode was incredible! 🎉,7433,😎
7448,2026-01-11 16:14:00,acc4,"Quote of the day: ""Power comes in response to a need."" 💯",,👍
7449,2026-01-11 16:16:00,acc1,Anyone watching My Hero Academia lately? 👀,7444,😎
7450,2026-01-11 16:18:00,acc2,My favorite moment in Death Note still gives me chills 😀,,😎
7451,2026-01-11 16:20:00,acc3,I think today's episode was incredible! 🎉,,
7452,2026-01-11 16:22:00,acc4,Who's your favorite character from Jujutsu Kaisen? 🤔,7444,🔥
7453,2026-01-11 16:24:00,acc1,My favorite moment in Fullmetal Alchemist still gives me chills ✨,,😭
7454,2026-01-11 16:26:00,acc2,I'm rewatching Frieren this weekend. 😀,7442,🔥
7455,2026-01-11 16:28:00,acc3,I think today's episode was incredible! 👀,7439,👍
7456,2026-01-11 16:30:00,acc4,I'm rewatching My Hero Academia this weekend. ⚡,7445,👍
7457,2026-01-11 16:32:00,acc1,I think today's episode was incredible! 🙌,7455,💯
7458,2026-01-11 16:34:00,acc2,I'm rewatching Naruto this weekend. 😭,,💯
7459,2026-01-11 16:36:00,acc3,I'm rewatching Bleach this weekend. 😎,,👏
7460,2026-01-11 16:38:00,acc4,Opening theme has been stuck in my head. 🔥,,💯
7461,2026-01-11 16:40:00,acc1,Random anime fact: Many anime openings become chart-topping songs. ✨,7449,🔥
7462,2026-01-11 16:42:00,acc2,My favorite moment in Vinland Saga still gives me chills 🤔,,😂
7463,2026-01-11 16:44:00,acc3,I'm rewatching My Hero Academia this weekend. 🙌,7447,💯
7464,2026-01-11 16:46:00,acc4,My favorite moment in Bleach still gives me chills 😀,7452,❤️
7465,2026-01-11 16:48:00,acc1,Anyone watching Haikyuu!! lately? 📚,,
7466,2026-01-11 16:50:00,acc2,No spoilers please! 💯,7464,👏
7467,2026-01-11 16:52:00,acc3,"Quote of the day: ""The world isn't perfect, but it's beautiful."" ✨",7459,😭
7468,2026-01-11 16:54:00,acc4,Who's your favorite character from Death Note? 🤔,,🔥
7469,2026-01-11 16:56:00,acc1,I think today's episode was incredible! 😎,,🔥
7470,2026-01-11 16:58:00,acc2,Random anime fact: Studio Ghibli films are famous for hand-drawn animation. 🎉,7466,😂
7471,2026-01-11 17:00:00,acc3,Random anime fact: Studio Ghibli films are famous for hand-drawn animation. 🤔,7469,💯
7472,2026-01-11 17:02:00,acc4,I'm rewatching Death Note this weekend. 🔥,,😮
7473,2026-01-11 17:04:00,acc1,"Quote of the day: ""Power comes in response to a need."" 😀",7466,😎
7474,2026-01-11 17:06:00,acc2,Opening theme has been stuck in my head. 🤔,,🔥
7475,2026-01-11 17:08:00,acc3,Random anime fact: Many anime openings become chart-topping songs. 💯,,👍
7476,2026-01-11 17:10:00,acc4,Who's your favorite character from Steins;Gate? 🤔,7467,💯
7477,2026-01-11 17:12:00,acc1,Anyone watching Dragon Ball lately? 👀,,😎
7478,2026-01-11 17:14:00,acc2,I'm rewatching My Hero Academia this weekend. 🔥,,🔥
7479,2026-01-11 17:16:00,acc3,No spoilers please! 🍜,7476,👏
7480,2026-01-11 17:18:00,acc4,Anyone watching Hunter x Hunter lately? ❤️,,
7481,2026-01-11 17:20:00,acc1,I think today's episode was incredible! ✨,,😂
7482,2026-01-11 17:22:00,acc2,Who's your favorite character from Steins;Gate? 👀,7474,👍
7483,2026-01-11 17:24:00,acc3,No spoilers please! ✨,,
7484,2026-01-11 17:26:00,acc4,"Quote of the day: ""The world isn't perfect, but it's beautiful."" 😭",7481,😮
7485,2026-01-11 17:28:00,acc1,I'm rewatching Demon Slayer this weekend. 😎,7470,❤️
7486,2026-01-11 17:30:00,acc2,"Quote of the day: ""Keep moving forward."" ⚡",7478,❤️
7487,2026-01-11 17:32:00,acc3,That animation quality was insane! 🍜,,😭
7488,2026-01-11 17:34:00,acc4,My favorite moment in Fullmetal Alchemist still gives me chills 🍜,,😎
7489,2026-01-11 17:36:00,acc1,Anyone watching Death Note lately? 😎,7476,❤️
7490,2026-01-11 17:38:00,acc2,My favorite moment in Attack on Titan still gives me chills 😭,,😮
7491,2026-01-11 17:40:00,acc3,Opening theme has been stuck in my head. ✨,7481,😭
7492,2026-01-11 17:42:00,acc4,Random anime fact: Voice actors in Japan are called seiyuu. ✨,,😭
7493,2026-01-11 17:44:00,acc1,That animation quality was insane! ⚡,7491,😎
7494,2026-01-11 17:46:00,acc2,I'm rewatching Vinland Saga this weekend. 💯,,😭
7495,2026-01-11 17:48:00,acc3,Opening theme has been stuck in my head. ✨,,
7496,2026-01-11 17:50:00,acc4,I think today's episode was incredible! ✨,7483,👏
7497,2026-01-11 17:52:00,acc1,Anyone watching Jujutsu Kaisen lately? 😀,7484,😮
7498,2026-01-11 17:54:00,acc2,Who's your favorite character from Bleach? ❤️,,😂
7499,2026-01-11 17:56:00,acc3,I think today's episode was incredible! 😂,7491,😂
7500,2026-01-11 17:58:00,acc4,Opening theme has been stuck in my head. 😂,,😭
7501,2026-01-11 18:00:00,acc1,Anyone watching Bleach lately? ⚡,,😭
7502,2026-01-11 18:02:00,acc2,My favorite moment in Vinland Saga still gives me chills ❤️,,💯
7503,2026-01-11 18:04:00,acc3,"Quote of the day: ""A lesson without pain is meaningless."" ✨",,😮
7504,2026-01-11 18:06:00,acc4,"Quote of the day: ""Power comes in response to a need."" 😀",7491,🔥
7505,2026-01-11 18:08:00,acc1,My favorite moment in Demon Slayer still gives me chills 😀,,😮
7506,2026-01-11 18:10:00,acc2,Opening theme has been stuck in my head. 🎉,,
7507,2026-01-11 18:12:00,acc3,Anyone watching Dragon Ball lately? ⚡,,😭
7508,2026-01-11 18:14:00,acc4,Random anime fact: Studio Ghibli films are famous for hand-drawn animation. ✨,,🔥
7509,2026-01-11 18:16:00,acc1,Who's your favorite character from Demon Slayer? 📚,7496,👏
7510,2026-01-11 18:18:00,acc2,"Quote of the day: ""The world isn't perfect, but it's beautiful."" 🎉",7507,😭
7511,2026-01-11 18:20:00,acc3,"Quote of the day: ""Keep moving forward."" 😭",,😮
7512,2026-01-11 18:22:00,acc4,Opening theme has been stuck in my head. 📚,7497,👍
7513,2026-01-11 18:24:00,acc1,That animation quality was insane! 🎉,7509,🔥
7514,2026-01-11 18:26:00,acc2,Anyone watching Jujutsu Kaisen lately? 😭,,
7515,2026-01-11 18:28:00,acc3,Random anime fact: Voice actors in Japan are called seiyuu. 👀,7500,
7516,2026-01-11 18:30:00,acc4,"Quote of the day: ""The world isn't perfect, but it's beautiful."" 😎",7512,👏
7517,2026-01-11 18:32:00,acc1,I'm rewatching Naruto this weekend. 💯,7503,👍
7518,2026-01-11 18:34:00,acc2,My favorite moment in Fullmetal Alchemist still gives me chills 🔥,,👍
7519,2026-01-11 18:36:00,acc3,Opening theme has been stuck in my head. 🙌,7506,
7520,2026-01-11 18:38:00,acc4,Anyone watching Naruto lately? 📚,7516,👏
7521,2026-01-11 18:40:00,acc1,My favorite moment in Dragon Ball still gives me chills 😭,,👍
7522,2026-01-11 18:42:00,acc2,Anyone watching Haikyuu!! lately? ❤️,,👍
7523,2026-01-11 18:44:00,acc3,That animation quality was insane! 🍜,7508,🔥
7524,2026-01-11 18:46:00,acc4,"Quote of the day: ""A lesson without pain is meaningless."" 📚",,👏
7525,2026-01-11 18:48:00,acc1,My favorite moment in Death Note still gives me chills 🔥,7510,❤️
7526,2026-01-11 18:50:00,acc2,Opening theme has been stuck in my head. 🤔,7520,
7527,2026-01-11 18:52:00,acc3,I'm rewatching Jujutsu Kaisen this weekend. 🎉,7512,
7528,2026-01-11 18:54:00,acc4,My favorite moment in Haikyuu!! still gives me chills 👀,,😮
7529,2026-01-11 18:56:00,acc1,Opening theme has been stuck in my head. 🤔,,👏
7530,2026-01-11 18:58:00,acc2,That animation quality was insane! 🎉,,
7531,2026-01-11 19:00:00,acc3,No spoilers please! 🍜,,❤️
7532,2026-01-11 19:02:00,acc4,That animation quality was insane! 🙌,,💯
7533,2026-01-11 19:04:00,acc1,I think today's episode was incredible! 😎,7520,😮
7534,2026-01-11 19:06:00,acc2,Anyone watching Death Note lately? 😀,7524,👍
7535,2026-01-11 19:08:00,acc3,"Quote of the day: ""A lesson without pain is meaningless."" 🤔",7531,👍
7536,2026-01-11 19:10:00,acc4,I think today's episode was incredible! 🎉,7531,😂
7537,2026-01-11 19:12:00,acc1,No spoilers please! ✨,7532,😎
7538,2026-01-11 19:14:00,acc2,Anyone watching One Piece lately? ⚡,,😮
7539,2026-01-11 19:16:00,acc3,That animation quality was insane! 😂,7526,😂
7540,2026-01-11 19:18:00,acc4,I'm rewatching Frieren this weekend. 📚,7534,😮
7541,2026-01-11 19:20:00,acc1,I think today's episode was incredible! ❤️,,❤️
7542,2026-01-11 19:22:00,acc2,Opening theme has been stuck in my head. 💯,,💯
7543,2026-01-11 19:24:00,acc3,Anyone watching Haikyuu!! lately? 💯,7537,👏
7544,2026-01-11 19:26:00,acc4,I think today's episode was incredible! 📚,7541,💯
7545,2026-01-11 19:28:00,acc1,Who's your favorite character from Naruto? 👀,,👍
7546,2026-01-11 19:30:00,acc2,Random anime fact: Attack on Titan changed many viewers' expectations of anime. 👀,,😎
7547,2026-01-11 19:32:00,acc3,"Quote of the day: ""Keep moving forward."" 🎉",7544,😎
7548,2026-01-11 19:34:00,acc4,"Quote of the day: ""The world isn't perfect, but it's beautiful."" 😀",7535,❤️
7549,2026-01-11 19:36:00,acc1,No spoilers please! ✨,,😮
7550,2026-01-11 19:38:00,acc2,Who's your favorite character from Dragon Ball? ⚡,7542,❤️
7551,2026-01-11 19:40:00,acc3,Opening theme has been stuck in my head. 🙌,,❤️
7552,2026-01-11 19:42:00,acc4,My favorite moment in Steins;Gate still gives me chills 😀,7539,💯
7553,2026-01-11 19:44:00,acc1,Anyone watching Bleach lately? 😀,7545,👏
7554,2026-01-11 19:46:00,acc2,Random anime fact: Many anime openings become chart-topping songs. 🙌,7548,😮
7555,2026-01-11 19:48:00,acc3,I think today's episode was incredible! 😎,,👏
7556,2026-01-11 19:50:00,acc4,Random anime fact: Many anime openings become chart-topping songs. 😭,,👏
7557,2026-01-11 19:52:00,acc1,My favorite moment in Vinland Saga still gives me chills 😎,7551,
7558,2026-01-11 19:54:00,acc2,Anyone watching My Hero Academia lately? 📚,7552,😂
7559,2026-01-11 19:56:00,acc3,Who's your favorite character from Attack on Titan? 👀,,💯
7560,2026-01-11 19:58:00,acc4,Who's your favorite character from Attack on Titan? 📚,7547,😂
7561,2026-01-11 20:00:00,acc1,That animation quality was insane! 👀,7559,😂
7562,2026-01-11 20:02:00,acc2,That animation quality was insane! 😂,7552,
7563,2026-01-11 20:04:00,acc3,Anyone watching Frieren lately? 📚,,❤️
7564,2026-01-11 20:06:00,acc4,Anyone watching Demon Slayer lately? ❤️,,😭
7565,2026-01-11 20:08:00,acc1,That animation quality was insane! 💯,7563,🔥
7566,2026-01-11 20:10:00,acc2,"Quote of the day: ""Keep moving forward."" 🙌",,😮
7567,2026-01-11 20:12:00,acc3,Who's your favorite character from Attack on Titan? 😎,,😂
7568,2026-01-11 20:14:00,acc4,I'm rewatching Demon Slayer this weekend. 🙌,,
7569,2026-01-11 20:16:00,acc1,Opening theme has been stuck in my head. ✨,7553,👏
7570,2026-01-11 20:18:00,acc2,Who's your favorite character from Dragon Ball? 🎉,,❤️
7571,2026-01-11 20:20:00,acc3,Random anime fact: Attack on Titan changed many viewers' expectations of anime. 😭,,😭
7572,2026-01-11 20:22:00,acc4,No spoilers please! 😀,7563,😮
7573,2026-01-11 20:24:00,acc1,My favorite moment in Attack on Titan still gives me chills 👀,7571,👏
7574,2026-01-11 20:26:00,acc2,My favorite moment in My Hero Academia still gives me chills 🙌,,👏
7575,2026-01-11 20:28:00,acc3,I think today's episode was incredible! 👀,7571,👏
7576,2026-01-11 20:30:00,acc4,"Quote of the day: ""The world isn't perfect, but it's beautiful."" 😎",7562,😂
7577,2026-01-11 20:32:00,acc1,No spoilers please! 🔥,,😮
7578,2026-01-11 20:34:00,acc2,No spoilers please! 👀,,😂
7579,2026-01-11 20:36:00,acc3,I'm rewatching One Piece this weekend. 😂,7569,👏
7580,2026-01-11 20:38:00,acc4,Who's your favorite character from Attack on Titan? 🙌,,😮
7581,2026-01-11 20:40:00,acc1,My favorite moment in Solo Leveling still gives me chills 🎉,7568,❤️
7582,2026-01-11 20:42:00,acc2,I think today's episode was incredible! 🔥,,🔥
7583,2026-01-11 20:44:00,acc3,My favorite moment in Naruto still gives me chills 🍜,,👍
7584,2026-01-11 20:46:00,acc4,Who's your favorite character from Attack on Titan? 😂,,😮
7585,2026-01-11 20:48:00,acc1,I'm rewatching Demon Slayer this weekend. ❤️,7577,👍
7586,2026-01-11 20:50:00,acc2,Random anime fact: Studio Ghibli films are famous for hand-drawn animation. 🔥,7577,👍
7587,2026-01-11 20:52:00,acc3,Who's your favorite character from Jujutsu Kaisen? 🙌,7577,
7588,2026-01-11 20:54:00,acc4,No spoilers please! 🙌,7583,😂
7589,2026-01-11 20:56:00,acc1,Who's your favorite character from Dragon Ball? 😭,,🔥
7590,2026-01-11 20:58:00,acc2,That animation quality was insane! 🙌,7583,
7591,2026-01-11 21:00:00,acc3,I'm rewatching Haikyuu!! this weekend. 🙌,7578,🔥
7592,2026-01-11 21:02:00,acc4,I'm rewatching Vinland Saga this weekend. 😀,,❤️
7593,2026-01-11 21:04:00,acc1,I think today's episode was incredible! 😀,7579,👍
7594,2026-01-11 21:06:00,acc2,I'm rewatching Attack on Titan this weekend. 📚,7578,😮
7595,2026-01-11 21:08:00,acc3,Opening theme has been stuck in my head. 📚,7582,😂
7596,2026-01-11 21:10:00,acc4,Who's your favorite character from Fullmetal Alchemist? 🎉,,❤️
7597,2026-01-11 21:12:00,acc1,Opening theme has been stuck in my head. 😭,7588,😮
7598,2026-01-11 21:14:00,acc2,Anyone watching Frieren lately? ⚡,7583,
7599,2026-01-11 21:16:00,acc3,I think today's episode was incredible! 😂,7597,😭
7600,2026-01-11 21:18:00,acc4,"Quote of the day: ""Keep moving forward."" 😀",7589,👏
7601,2026-01-11 21:20:00,acc1,Who's your favorite character from Haikyuu!!? 😭,,💯
7602,2026-01-11 21:22:00,acc2,No spoilers please! 🤔,7590,💯
7603,2026-01-11 21:24:00,acc3,Who's your favorite character from Fullmetal Alchemist? 🎉,7595,😭
7604,2026-01-11 21:26:00,acc4,Anyone watching Dragon Ball lately? 💯,,😭
7605,2026-01-11 21:28:00,acc1,Who's your favorite character from Bleach? ✨,7593,👍
7606,2026-01-11 21:30:00,acc2,Who's your favorite character from Naruto? 🍜,7599,😮
7607,2026-01-11 21:32:00,acc3,"Quote of the day: ""Power comes in response to a need."" 📚",,🔥
7608,2026-01-11 21:34:00,acc4,Who's your favorite character from Haikyuu!!? 😀,,💯
7609,2026-01-11 21:36:00,acc1,No spoilers please! ✨,,❤️
7610,2026-01-11 21:38:00,acc2,I'm rewatching Demon Slayer this weekend. 🙌,7598,😭
7611,2026-01-11 21:40:00,acc3,I'm rewatching My Hero Academia this weekend. 😭,7606,😮
7612,2026-01-11 21:42:00,acc4,"Quote of the day: ""A lesson without pain is meaningless."" ⚡",7599,❤️
7613,2026-01-11 21:44:00,acc1,I think today's episode was incredible! ⚡,7598,🔥
7614,2026-01-11 21:46:00,acc2,I'm rewatching Solo Leveling this weekend. 🤔,7608,👍
7615,2026-01-11 21:48:00,acc3,I'm rewatching My Hero Academia this weekend. ⚡,7612,😮
7616,2026-01-11 21:50:00,acc4,Anyone watching Dragon Ball lately? 😀,,🔥
7617,2026-01-11 21:52:00,acc1,I'm rewatching Attack on Titan this weekend. 🔥,,👏
7618,2026-01-11 21:54:00,acc2,No spoilers please! 👀,,😭
7619,2026-01-11 21:56:00,acc3,I think today's episode was incredible! 🤔,,😂
7620,2026-01-11 21:58:00,acc4,Who's your favorite character from Solo Leveling? ⚡,7609,💯
7621,2026-01-11 22:00:00,acc1,Random anime fact: Voice actors in Japan are called seiyuu. 😎,7616,😮
7622,2026-01-11 22:02:00,acc2,No spoilers please! 🔥,7618,😂
7623,2026-01-11 22:04:00,acc3,Who's your favorite character from One Piece? 😀,,💯
7624,2026-01-11 22:06:00,acc4,I'm rewatching Frieren this weekend. 😀,,👏
7625,2026-01-11 22:08:00,acc1,My favorite moment in Demon Slayer still gives me chills 🍜,7617,😭
7626,2026-01-11 22:10:00,acc2,I'm rewatching Vinland Saga this weekend. 😭,7617,😂
7627,2026-01-11 22:12:00,acc3,"Quote of the day: ""People's dreams never end."" 👀",7612,
7628,2026-01-11 22:14:00,acc4,Random anime fact: One Piece is among the best-selling manga series. ❤️,,👍
7629,2026-01-11 22:16:00,acc1,That animation quality was insane! 😀,7619,❤️
7630,2026-01-11 22:18:00,acc2,Who's your favorite character from Solo Leveling? 😎,7616,🔥
7631,2026-01-11 22:20:00,acc3,Who's your favorite character from Haikyuu!!? 📚,,👍
7632,2026-01-11 22:22:00,acc4,No spoilers please! 😀,7623,💯
7633,2026-01-11 22:24:00,acc1,That animation quality was insane! 🎉,,😂
7634,2026-01-11 22:26:00,acc2,I'm rewatching Attack on Titan this weekend. 🙌,,
7635,2026-01-11 22:28:00,acc3,Random anime fact: One Piece is among the best-selling manga series. 🎉,7625,👍
7636,2026-01-11 22:30:00,acc4,"Quote of the day: ""The world isn't perfect, but it's beautiful."" 🤔",,😮
7637,2026-01-11 22:32:00,acc1,Anyone watching Fullmetal Alchemist lately? 🔥,7621,😮
7638,2026-01-11 22:34:00,acc2,I'm rewatching Fullmetal Alchemist this weekend. 📚,7624,😂
7639,2026-01-11 22:36:00,acc3,Opening theme has been stuck in my head. 📚,7637,😎
7640,2026-01-11 22:38:00,acc4,Who's your favorite character from Fullmetal Alchemist? ⚡,,💯
7641,2026-01-11 22:40:00,acc1,That animation quality was insane! 🎉,7636,😭
7642,2026-01-11 22:42:00,acc2,No spoilers please! 🎉,,❤️
7643,2026-01-11 22:44:00,acc3,I think today's episode was incredible! 💯,,
7644,2026-01-11 22:46:00,acc4,I think today's episode was incredible! ❤️,7630,😂
7645,2026-01-11 22:48:00,acc1,Anyone watching Fullmetal Alchemist lately? 🤔,,😎
7646,2026-01-11 22:50:00,acc2,Random anime fact: One Piece is among the best-selling manga series. 💯,,😎
7647,2026-01-11 22:52:00,acc3,Anyone watching Haikyuu!! lately? 😭,,❤️
7648,2026-01-11 22:54:00,acc4,I think today's episode was incredible! 😭,,😮
7649,2026-01-11 22:56:00,acc1,"Quote of the day: ""Keep moving forward."" ❤️",7642,😭
7650,2026-01-11 22:58:00,acc2,Who's your favorite character from Naruto? 📚,7635,💯
7651,2026-01-11 23:00:00,acc3,That animation quality was insane! 💯,,😂
7652,2026-01-11 23:02:00,acc4,Who's your favorite character from Vinland Saga? 😎,,👍
7653,2026-01-11 23:04:00,acc1,Anyone watching Steins;Gate lately? ⚡,,💯
7654,2026-01-11 23:06:00,acc2,"Quote of the day: ""Power comes in response to a need."" 😀",,😂
7655,2026-01-11 23:08:00,acc3,Who's your favorite character from Hunter x Hunter? 🎉,,😮
7656,2026-01-11 23:10:00,acc4,No spoilers please! 😎,7654,👏
7657,2026-01-11 23:12:00,acc1,Anyone watching Bleach lately? 👀,7646,💯
7658,2026-01-11 23:14:00,acc2,That animation quality was insane! 💯,7643,❤️
7659,2026-01-11 23:16:00,acc3,My favorite moment in Bleach still gives me chills 🤔,,
7660,2026-01-11 23:18:00,acc4,Opening theme has been stuck in my head. 🔥,,
7661,2026-01-11 23:20:00,acc1,Opening theme has been stuck in my head. 🔥,,👏
7662,2026-01-11 23:22:00,acc2,No spoilers please! 😂,,😭
7663,2026-01-11 23:24:00,acc3,I think today's episode was incredible! 😭,7649,😂
7664,2026-01-11 23:26:00,acc4,No spoilers please! 📚,7662,🔥
7665,2026-01-11 23:28:00,acc1,Opening theme has been stuck in my head. ⚡,7652,😮
7666,2026-01-11 23:30:00,acc2,"Quote of the day: ""A lesson without pain is meaningless."" 🙌",7653,💯
7667,2026-01-11 23:32:00,acc3,That animation quality was insane! 🔥,,💯
7668,2026-01-11 23:34:00,acc4,No spoilers please! 😀,7659,
7669,2026-01-11 23:36:00,acc1,Anyone watching Dragon Ball lately? ❤️,,😂
7670,2026-01-11 23:38:00,acc2,Opening theme has been stuck in my head. 😀,,💯
7671,2026-01-11 23:40:00,acc3,Anyone watching One Piece lately? 🍜,7663,👍
7672,2026-01-11 23:42:00,acc4,My favorite moment in Hunter x Hunter still gives me chills 🎉,,❤️
7673,2026-01-11 23:44:00,acc1,Random anime fact: One Piece is among the best-selling manga series. ⚡,7666,🔥
7674,2026-01-11 23:46:00,acc2,That animation quality was insane! 💯,7669,😎
7675,2026-01-11 23:48:00,acc3,Random anime fact: Attack on Titan changed many viewers' expectations of anime. 😎,7665,😂
7676,2026-01-11 23:50:00,acc4,Opening theme has been stuck in my head. 😭,7668,🔥
7677,2026-01-11 23:52:00,acc1,I'm rewatching Jujutsu Kaisen this weekend. 💯,,😎
7678,2026-01-11 23:54:00,acc2,No spoilers please! 👀,,💯
7679,2026-01-11 23:56:00,acc3,Opening theme has been stuck in my head. 😀,7676,👍
7680,2026-01-11 23:58:00,acc4,"Quote of the day: ""People's dreams never end."" 👀",,😂
7681,2026-01-12 00:00:00,acc1,Who's your favorite character from My Hero Academia? 🎉,,😂
7682,2026-01-12 00:02:00,acc2,Who's your favorite character from Demon Slayer? 👀,,😭
7683,2026-01-12 00:04:00,acc3,Random anime fact: Voice actors in Japan are called seiyuu. 🔥,7668,👏
7684,2026-01-12 00:06:00,acc4,Anyone watching Dragon Ball lately? 🤔,7674,
7685,2026-01-12 00:08:00,acc1,I'm rewatching Fullmetal Alchemist this weekend. 📚,,❤️
7686,2026-01-12 00:10:00,acc2,My favorite moment in Bleach still gives me chills 🤔,,😎
7687,2026-01-12 00:12:00,acc3,Opening theme has been stuck in my head. 🍜,7685,❤️
7688,2026-01-12 00:14:00,acc4,That animation quality was insane! 😭,7672,👏
7689,2026-01-12 00:16:00,acc1,Opening theme has been stuck in my head. 💯,,😮
7690,2026-01-12 00:18:00,acc2,My favorite moment in Death Note still gives me chills ✨,,😂
7691,2026-01-12 00:20:00,acc3,Opening theme has been stuck in my head. ❤️,,❤️
7692,2026-01-12 00:22:00,acc4,I think today's episode was incredible! 📚,7688,💯
7693,2026-01-12 00:24:00,acc1,No spoilers please! 🙌,,❤️
7694,2026-01-12 00:26:00,acc2,I think today's episode was incredible! 💯,,
7695,2026-01-12 00:28:00,acc3,That animation quality was insane! 🍜,7685,👍
7696,2026-01-12 00:30:00,acc4,Who's your favorite character from Demon Slayer? 😭,7689,
7697,2026-01-12 00:32:00,acc1,Who's your favorite character from Dragon Ball? 🍜,,👍
7698,2026-01-12 00:34:00,acc2,Who's your favorite character from Steins;Gate? 🔥,7695,💯
7699,2026-01-12 00:36:00,acc3,I'm rewatching Jujutsu Kaisen this weekend. 😂,7695,😮
7700,2026-01-12 00:38:00,acc4,My favorite moment in Steins;Gate still gives me chills 🔥,7694,😮
7701,2026-01-12 00:40:00,acc1,Opening theme has been stuck in my head. 🎉,7688,😎
7702,2026-01-12 00:42:00,acc2,"Quote of the day: ""Keep moving forward."" 😀",,🔥
7703,2026-01-12 00:44:00,acc3,Anyone watching Attack on Titan lately? 😂,7696,👏
7704,2026-01-12 00:46:00,acc4,Anyone watching Hunter x Hunter lately? 🤔,7691,🔥
7705,2026-01-12 00:48:00,acc1,Who's your favorite character from Demon Slayer? 😀,,👏
7706,2026-01-12 00:50:00,acc2,That animation quality was insane! 💯,7700,😮
7707,2026-01-12 00:52:00,acc3,Opening theme has been stuck in my head. 😂,7701,❤️
7708,2026-01-12 00:54:00,acc4,I think today's episode was incredible! 🎉,,❤️
7709,2026-01-12 00:56:00,acc1,No spoilers please! ❤️,7695,👏
7710,2026-01-12 00:58:00,acc2,That animation quality was insane! 🎉,7696,😂
7711,2026-01-12 01:00:00,acc3,Opening theme has been stuck in my head. 🔥,7704,😮
7712,2026-01-12 01:02:00,acc4,No spoilers please! 🔥,7701,😭
7713,2026-01-12 01:04:00,acc1,Opening theme has been stuck in my head. 😭,7698,
7714,2026-01-12 01:06:00,acc2,Who's your favorite character from Bleach? 🤔,7701,❤️
7715,2026-01-12 01:08:00,acc3,That animation quality was insane! 🙌,,🔥
7716,2026-01-12 01:10:00,acc4,"Quote of the day: ""The world isn't perfect, but it's beautiful."" 😂",,😮
7717,2026-01-12 01:12:00,acc1,That animation quality was insane! 😂,7706,😮
7718,2026-01-12 01:14:00,acc2,Anyone watching Hunter x Hunter lately? 💯,7712,🔥
7719,2026-01-12 01:16:00,acc3,I'm rewatching Haikyuu!! this weekend. 🔥,7710,👍
7720,2026-01-12 01:18:00,acc4,My favorite moment in Vinland Saga still gives me chills ❤️,,😭
7721,2026-01-12 01:20:00,acc1,I'm rewatching Frieren this weekend. 👀,,
7722,2026-01-12 01:22:00,acc2,Anyone watching Vinland Saga lately? 🍜,,😎
7723,2026-01-12 01:24:00,acc3,My favorite moment in Vinland Saga still gives me chills ❤️,7708,💯
7724,2026-01-12 01:26:00,acc4,No spoilers please! 🤔,,😮
7725,2026-01-12 01:28:00,acc1,My favorite moment in Death Note still gives me chills 📚,7711,👏
7726,2026-01-12 01:30:00,acc2,I think today's episode was incredible! ⚡,,👍
7727,2026-01-12 01:32:00,acc3,My favorite moment in Steins;Gate still gives me chills 😭,,🔥
7728,2026-01-12 01:34:00,acc4,I'm rewatching Steins;Gate this weekend. 👀,,💯
7729,2026-01-12 01:36:00,acc1,I'm rewatching Death Note this weekend. 🤔,,
7730,2026-01-12 01:38:00,acc2,Who's your favorite character from Naruto? 😂,,👍
7731,2026-01-12 01:40:00,acc3,Anyone watching Dragon Ball lately? 😭,,👏
7732,2026-01-12 01:42:00,acc4,No spoilers please! 🎉,,❤️
7733,2026-01-12 01:44:00,acc1,That animation quality was insane! 👀,7720,😮
7734,2026-01-12 01:46:00,acc2,I think today's episode was incredible! 🙌,7719,
7735,2026-01-12 01:48:00,acc3,No spoilers please! ❤️,,💯
7736,2026-01-12 01:50:00,acc4,Who's your favorite character from Jujutsu Kaisen? 🙌,,💯
7737,2026-01-12 01:52:00,acc1,No spoilers please! 🔥,7722,😭
7738,2026-01-12 01:54:00,acc2,"Quote of the day: ""Power comes in response to a need."" 🍜",7727,
7739,2026-01-12 01:56:00,acc3,Who's your favorite character from Solo Leveling? 👀,7735,👍
7740,2026-01-12 01:58:00,acc4,Opening theme has been stuck in my head. ✨,,😂
7741,2026-01-12 02:00:00,acc1,Anyone watching Steins;Gate lately? ❤️,7736,😭
7742,2026-01-12 02:02:00,acc2,Who's your favorite character from Jujutsu Kaisen? 🤔,,
7743,2026-01-12 02:04:00,acc3,"Quote of the day: ""Keep moving forward."" 😎",,
7744,2026-01-12 02:06:00,acc4,My favorite moment in Attack on Titan still gives me chills 📚,,😮
7745,2026-01-12 02:08:00,acc1,That animation quality was insane! ⚡,,😂
7746,2026-01-12 02:10:00,acc2,Who's your favorite character from Dragon Ball? 😀,,👏
7747,2026-01-12 02:12:00,acc3,I'm rewatching Demon Slayer this weekend. 💯,7743,👍
7748,2026-01-12 02:14:00,acc4,I'm rewatching Fullmetal Alchemist this weekend. 📚,,🔥
7749,2026-01-12 02:16:00,acc1,Opening theme has been stuck in my head. 👀,7734,👍
7750,2026-01-12 02:18:00,acc2,My favorite moment in One Piece still gives me chills 🎉,7738,👍
7751,2026-01-12 02:20:00,acc3,That animation quality was insane! 😎,,👍
7752,2026-01-12 02:22:00,acc4,Anyone watching Steins;Gate lately? ⚡,7745,😂
7753,2026-01-12 02:24:00,acc1,I think today's episode was incredible! 🔥,,🔥
7754,2026-01-12 02:26:00,acc2,I think today's episode was incredible! 👀,,❤️
7755,2026-01-12 02:28:00,acc3,I'm rewatching Frieren this weekend. 📚,,
7756,2026-01-12 02:30:00,acc4,I think today's episode was incredible! 🤔,,😭
7757,2026-01-12 02:32:00,acc1,Who's your favorite character from Fullmetal Alchemist? 😀,7755,😭
7758,2026-01-12 02:34:00,acc2,That animation quality was insane! 🤔,7746,😮
7759,2026-01-12 02:36:00,acc3,"Quote of the day: ""A lesson without pain is meaningless."" ❤️",7746,😎
7760,2026-01-12 02:38:00,acc4,My favorite moment in Frieren still gives me chills 🤔,7744,🔥
7761,2026-01-12 02:40:00,acc1,Anyone watching Frieren lately? 🎉,7749,❤️
7762,2026-01-12 02:42:00,acc2,Anyone watching Fullmetal Alchemist lately? 😭,,😮
7763,2026-01-12 02:44:00,acc3,I think today's episode was incredible! ❤️,7756,🔥
7764,2026-01-12 02:46:00,acc4,I'm rewatching Frieren this weekend. 💯,7758,🔥
7765,2026-01-12 02:48:00,acc1,Anyone watching Fullmetal Alchemist lately? 📚,7760,😭
7766,2026-01-12 02:50:00,acc2,My favorite moment in Attack on Titan still gives me chills 🍜,7758,😂
7767,2026-01-12 02:52:00,acc3,That animation quality was insane! 📚,7760,😂
7768,2026-01-12 02:54:00,acc4,That animation quality was insane! 📚,7762,😎
7769,2026-01-12 02:56:00,acc1,Anyone watching Attack on Titan lately? 💯,7767,👍
7770,2026-01-12 02:58:00,acc2,"Quote of the day: ""Keep moving forward."" ✨",7763,😭
7771,2026-01-12 03:00:00,acc3,I think today's episode was incredible! 🎉,,👏
7772,2026-01-12 03:02:00,acc4,Who's your favorite character from Hunter x Hunter? 😎,7770,❤️
7773,2026-01-12 03:04:00,acc1,I'm rewatching Fullmetal Alchemist this weekend. 📚,7765,💯
7774,2026-01-12 03:06:00,acc2,That animation quality was insane! 🙌,,👍
7775,2026-01-12 03:08:00,acc3,Who's your favorite character from Demon Slayer? 🙌,7761,👍
7776,2026-01-12 03:10:00,acc4,I think today's episode was incredible! 💯,7764,👏
7777,2026-01-12 03:12:00,acc1,Anyone watching One Piece lately? 👀,7770,👏
7778,2026-01-12 03:14:00,acc2,That animation quality was insane! 📚,7771,👏
7779,2026-01-12 03:16:00,acc3,That animation quality was insane! 😀,7770,🔥
7780,2026-01-12 03:18:00,acc4,I'm rewatching Hunter x Hunter this weekend. 🔥,,👏
7781,2026-01-12 03:20:00,acc1,Anyone watching Fullmetal Alchemist lately? 💯,7776,😮
7782,2026-01-12 03:22:00,acc2,Opening theme has been stuck in my head. 👀,7769,😎
7783,2026-01-12 03:24:00,acc3,I think today's episode was incredible! 🙌,7767,❤️
7784,2026-01-12 03:26:00,acc4,I think today's episode was incredible! 💯,7772,😮
7785,2026-01-12 03:28:00,acc1,Anyone watching Frieren lately? 🔥,,👍
7786,2026-01-12 03:30:00,acc2,I'm rewatching Dragon Ball this weekend. 🍜,,🔥
7787,2026-01-12 03:32:00,acc3,I'm rewatching Jujutsu Kaisen this weekend. 🙌,7780,
7788,2026-01-12 03:34:00,acc4,Who's your favorite character from Naruto? 🎉,7782,
7789,2026-01-12 03:36:00,acc1,"Quote of the day: ""People's dreams never end."" 😀",,😮
7790,2026-01-12 03:38:00,acc2,I'm rewatching Attack on Titan this weekend. ❤️,,❤️
7791,2026-01-12 03:40:00,acc3,Random anime fact: Voice actors in Japan are called seiyuu. ⚡,7788,😭
7792,2026-01-12 03:42:00,acc4,That animation quality was insane! 🔥,,👍
7793,2026-01-12 03:44:00,acc1,"Quote of the day: ""Keep moving forward."" 😭",,👍
7794,2026-01-12 03:46:00,acc2,I'm rewatching Demon Slayer this weekend. 😂,,💯
7795,2026-01-12 03:48:00,acc3,Who's your favorite character from Demon Slayer? ⚡,,❤️
7796,2026-01-12 03:50:00,acc4,Opening theme has been stuck in my head. 🤔,7785,😎
7797,2026-01-12 03:52:00,acc1,That animation quality was insane! 🤔,7787,😂
7798,2026-01-12 03:54:00,acc2,I think today's episode was incredible! 👀,7782,
7799,2026-01-12 03:56:00,acc3,Who's your favorite character from Frieren? 🎉,7797,🔥
7800,2026-01-12 03:58:00,acc4,I'm rewatching My Hero Academia this weekend. 🎉,7798,😂
7801,2026-01-12 04:00:00,acc1,No spoilers please! 🎉,,💯
7802,2026-01-12 04:02:00,acc2,Opening theme has been stuck in my head. 😭,,👏
7803,2026-01-12 04:04:00,acc3,My favorite moment in Death Note still gives me chills 🤔,7800,👏
7804,2026-01-12 04:06:00,acc4,Opening theme has been stuck in my head. 👀,,😮
7805,2026-01-12 04:08:00,acc1,Opening theme has been stuck in my head. 🤔,7794,
7806,2026-01-12 04:10:00,acc2,I'm rewatching Jujutsu Kaisen this weekend. ✨,,😂
7807,2026-01-12 04:12:00,acc3,I'm rewatching Vinland Saga this weekend. 👀,7791,😎
7808,2026-01-12 04:14:00,acc4,Anyone watching Naruto lately? 😭,7802,💯
7809,2026-01-12 04:16:00,acc1,I think today's episode was incredible! ✨,,😮
7810,2026-01-12 04:18:00,acc2,I'm rewatching Attack on Titan this weekend. 🎉,,😂
7811,2026-01-12 04:20:00,acc3,Random anime fact: Many anime openings become chart-topping songs. 🔥,,❤️
7812,2026-01-12 04:22:00,acc4,Random anime fact: Voice actors in Japan are called seiyuu. 😀,7806,😮
7813,2026-01-12 04:24:00,acc1,Random anime fact: Many anime openings become chart-topping songs. 📚,7803,🔥
7814,2026-01-12 04:26:00,acc2,Who's your favorite character from Solo Leveling? 📚,7802,
7815,2026-01-12 04:28:00,acc3,My favorite moment in Death Note still gives me chills 🤔,,
7816,2026-01-12 04:30:00,acc4,No spoilers please! 🎉,7811,😎
7817,2026-01-12 04:32:00,acc1,No spoilers please! 🤔,7805,
7818,2026-01-12 04:34:00,acc2,"Quote of the day: ""Keep moving forward."" 🤔",7816,
7819,2026-01-12 04:36:00,acc3,I'm rewatching Solo Leveling this weekend. ✨,7808,❤️
7820,2026-01-12 04:38:00,acc4,Anyone watching Jujutsu Kaisen lately? 🙌,,❤️
7821,2026-01-12 04:40:00,acc1,Opening theme has been stuck in my head. 🎉,7817,❤️
7822,2026-01-12 04:42:00,acc2,Opening theme has been stuck in my head. 📚,,🔥
7823,2026-01-12 04:44:00,acc3,Opening theme has been stuck in my head. ✨,7821,👍
7824,2026-01-12 04:46:00,acc4,I think today's episode was incredible! 😎,7814,❤️
7825,2026-01-12 04:48:00,acc1,Anyone watching My Hero Academia lately? 😀,7814,
7826,2026-01-12 04:50:00,acc2,Who's your favorite character from Death Note? ❤️,7814,👏
7827,2026-01-12 04:52:00,acc3,Who's your favorite character from Steins;Gate? 😀,,😎
7828,2026-01-12 04:54:00,acc4,No spoilers please! 🔥,7818,👏
7829,2026-01-12 04:56:00,acc1,I'm rewatching Steins;Gate this weekend. 🍜,7815,👏
7830,2026-01-12 04:58:00,acc2,My favorite moment in Solo Leveling still gives me chills 😎,,❤️
7831,2026-01-12 05:00:00,acc3,I think today's episode was incredible! ⚡,7827,😭
7832,2026-01-12 05:02:00,acc4,Anyone watching One Piece lately? 😭,7826,💯
7833,2026-01-12 05:04:00,acc1,Who's your favorite character from Bleach? 👀,,👏
7834,2026-01-12 05:06:00,acc2,No spoilers please! 😎,,
7835,2026-01-12 05:08:00,acc3,I think today's episode was incredible! 🍜,7821,😭
7836,2026-01-12 05:10:00,acc4,That animation quality was insane! 🙌,7833,😂
7837,2026-01-12 05:12:00,acc1,My favorite moment in Jujutsu Kaisen still gives me chills 🍜,7827,
7838,2026-01-12 05:14:00,acc2,Anyone watching Steins;Gate lately? 😭,7832,😂
7839,2026-01-12 05:16:00,acc3,Anyone watching Death Note lately? 😀,,🔥
7840,2026-01-12 05:18:00,acc4,Opening theme has been stuck in my head. 😀,7828,👏
7841,2026-01-12 05:20:00,acc1,I'm rewatching Haikyuu!! this weekend. 🤔,,😮
7842,2026-01-12 05:22:00,acc2,That animation quality was insane! 🤔,,😭
7843,2026-01-12 05:24:00,acc3,Who's your favorite character from Dragon Ball? 🙌,7828,🔥
7844,2026-01-12 05:26:00,acc4,Anyone watching Death Note lately? ⚡,,😎
7845,2026-01-12 05:28:00,acc1,"Quote of the day: ""People's dreams never end."" 😂",,😭
7846,2026-01-12 05:30:00,acc2,"Quote of the day: ""A lesson without pain is meaningless."" ❤️",,🔥
7847,2026-01-12 05:32:00,acc3,I'm rewatching Demon Slayer this weekend. 💯,,😭
7848,2026-01-12 05:34:00,acc4,I'm rewatching Attack on Titan this weekend. ✨,7838,🔥
7849,2026-01-12 05:36:00,acc1,Opening theme has been stuck in my head. ⚡,7846,😎
7850,2026-01-12 05:38:00,acc2,Anyone watching Bleach lately? 🔥,7836,😂
7851,2026-01-12 05:40:00,acc3,Who's your favorite character from Naruto? ✨,7846,🔥
7852,2026-01-12 05:42:00,acc4,No spoilers please! ⚡,7848,😎
7853,2026-01-12 05:44:00,acc1,I think today's episode was incredible! 👀,7849,👍
7854,2026-01-12 05:46:00,acc2,Opening theme has been stuck in my head. 👀,,😂
7855,2026-01-12 05:48:00,acc3,My favorite moment in Frieren still gives me chills 😎,7850,❤️
7856,2026-01-12 05:50:00,acc4,I'm rewatching Hunter x Hunter this weekend. ❤️,7844,🔥
7857,2026-01-12 05:52:00,acc1,Anyone watching Steins;Gate lately? 📚,7852,😭
7858,2026-01-12 05:54:00,acc2,"Quote of the day: ""People's dreams never end."" ⚡",,👏
7859,2026-01-12 05:56:00,acc3,Random anime fact: Voice actors in Japan are called seiyuu. ✨,7843,❤️
7860,2026-01-12 05:58:00,acc4,I'm rewatching Solo Leveling this weekend. 📚,7852,👏
7861,2026-01-12 06:00:00,acc1,My favorite moment in Frieren still gives me chills 😂,,😭
7862,2026-01-12 06:02:00,acc2,Random anime fact: Many anime openings become chart-topping songs. 😭,,😂
7863,2026-01-12 06:04:00,acc3,I'm rewatching Attack on Titan this weekend. 😀,7857,💯
7864,2026-01-12 06:06:00,acc4,"Quote of the day: ""Power comes in response to a need."" 💯",,
7865,2026-01-12 06:08:00,acc1,I think today's episode was incredible! 📚,,❤️
7866,2026-01-12 06:10:00,acc2,Opening theme has been stuck in my head. 😎,,
7867,2026-01-12 06:12:00,acc3,Opening theme has been stuck in my head. 🔥,,😎
7868,2026-01-12 06:14:00,acc4,Opening theme has been stuck in my head. 📚,,😮
7869,2026-01-12 06:16:00,acc1,Random anime fact: Many anime openings become chart-topping songs. ⚡,,😭
7870,2026-01-12 06:18:00,acc2,I'm rewatching Jujutsu Kaisen this weekend. 😎,,😮
7871,2026-01-12 06:20:00,acc3,I think today's episode was incredible! ⚡,,
7872,2026-01-12 06:22:00,acc4,That animation quality was insane! 😎,,😮
7873,2026-01-12 06:24:00,acc1,I think today's episode was incredible! 😭,7865,❤️
7874,2026-01-12 06:26:00,acc2,I think today's episode was incredible! 🔥,,😎
7875,2026-01-12 06:28:00,acc3,Anyone watching Haikyuu!! lately? 🤔,7868,🔥
7876,2026-01-12 06:30:00,acc4,I'm rewatching One Piece this weekend. 😂,7864,😂
7877,2026-01-12 06:32:00,acc1,"Quote of the day: ""Keep moving forward."" 😂",7872,
7878,2026-01-12 06:34:00,acc2,"Quote of the day: ""Power comes in response to a need."" ✨",7869,😭
7879,2026-01-12 06:36:00,acc3,My favorite moment in Death Note still gives me chills 🙌,7867,😂
7880,2026-01-12 06:38:00,acc4,I think today's episode was incredible! 🔥,7876,👍
7881,2026-01-12 06:40:00,acc1,My favorite moment in Fullmetal Alchemist still gives me chills 😎,,😭
7882,2026-01-12 06:42:00,acc2,I'm rewatching Jujutsu Kaisen this weekend. 🍜,7866,😭
7883,2026-01-12 06:44:00,acc3,I think today's episode was incredible! ⚡,,😭
7884,2026-01-12 06:46:00,acc4,That animation quality was insane! 🍜,,🔥
7885,2026-01-12 06:48:00,acc1,I think today's episode was incredible! ❤️,,👍
7886,2026-01-12 06:50:00,acc2,I'm rewatching Solo Leveling this weekend. 💯,,😎
7887,2026-01-12 06:52:00,acc3,My favorite moment in Demon Slayer still gives me chills 🔥,7875,👏
7888,2026-01-12 06:54:00,acc4,No spoilers please! ✨,,😎
7889,2026-01-12 06:56:00,acc1,My favorite moment in Bleach still gives me chills 📚,7882,
7890,2026-01-12 06:58:00,acc2,I'm rewatching Steins;Gate this weekend. 😂,7885,😎
7891,2026-01-12 07:00:00,acc3,Anyone watching Hunter x Hunter lately? 🎉,,🔥
7892,2026-01-12 07:02:00,acc4,I think today's episode was incredible! 🙌,,😮
7893,2026-01-12 07:04:00,acc1,I'm rewatching Fullmetal Alchemist this weekend. 👀,7889,
7894,2026-01-12 07:06:00,acc2,Anyone watching My Hero Academia lately? 😎,7891,
7895,2026-01-12 07:08:00,acc3,Who's your favorite character from Fullmetal Alchemist? 🔥,7892,👍
7896,2026-01-12 07:10:00,acc4,I'm rewatching One Piece this weekend. 💯,,💯
7897,2026-01-12 07:12:00,acc1,"Quote of the day: ""A lesson without pain is meaningless."" 😎",,😎
7898,2026-01-12 07:14:00,acc2,I'm rewatching Death Note this weekend. 😎,7895,
7899,2026-01-12 07:16:00,acc3,Random anime fact: One Piece is among the best-selling manga series. 📚,,😂
7900,2026-01-12 07:18:00,acc4,No spoilers please! 🎉,7890,
7901,2026-01-12 07:20:00,acc1,My favorite moment in Bleach still gives me chills 😎,7893,😂
7902,2026-01-12 07:22:00,acc2,Opening theme has been stuck in my head. 😎,,👍
7903,2026-01-12 07:24:00,acc3,My favorite moment in My Hero Academia still gives me chills 👀,,😎
7904,2026-01-12 07:26:00,acc4,Opening theme has been stuck in my head. 📚,7896,
7905,2026-01-12 07:28:00,acc1,I think today's episode was incredible! 😭,7889,❤️
7906,2026-01-12 07:30:00,acc2,Who's your favorite character from Naruto? 😎,7902,😂
7907,2026-01-12 07:32:00,acc3,My favorite moment in My Hero Academia still gives me chills 😀,7893,🔥
7908,2026-01-12 07:34:00,acc4,I'm rewatching Attack on Titan this weekend. 🤔,,👍
7909,2026-01-12 07:36:00,acc1,That animation quality was insane! 😭,7898,😭
7910,2026-01-12 07:38:00,acc2,I'm rewatching Frieren this weekend. 🎉,7897,😎
7911,2026-01-12 07:40:00,acc3,No spoilers please! 🙌,,👏
7912,2026-01-12 07:42:00,acc4,Anyone watching Bleach lately? 🍜,7897,😂
7913,2026-01-12 07:44:00,acc1,That animation quality was insane! ❤️,,😭
7914,2026-01-12 07:46:00,acc2,Random anime fact: Studio Ghibli films are famous for hand-drawn animation. 😂,7906,👍
7915,2026-01-12 07:48:00,acc3,Random anime fact: Many anime openings become chart-topping songs. 😀,,🔥
7916,2026-01-12 07:50:00,acc4,That animation quality was insane! 😀,7910,😮
7917,2026-01-12 07:52:00,acc1,Random anime fact: Many anime openings become chart-topping songs. 🔥,7906,😮
7918,2026-01-12 07:54:00,acc2,That animation quality was insane! ⚡,,❤️
7919,2026-01-12 07:56:00,acc3,I think today's episode was incredible! 😎,,
7920,2026-01-12 07:58:00,acc4,"Quote of the day: ""The world isn't perfect, but it's beautiful."" 🤔",,😮
7921,2026-01-12 08:00:00,acc1,Who's your favorite character from Demon Slayer? 🔥,,😭
7922,2026-01-12 08:02:00,acc2,That animation quality was insane! 🔥,7913,💯
7923,2026-01-12 08:04:00,acc3,I'm rewatching Bleach this weekend. 💯,7911,👏
7924,2026-01-12 08:06:00,acc4,Random anime fact: Voice actors in Japan are called seiyuu. 😎,7913,
7925,2026-01-12 08:08:00,acc1,Who's your favorite character from Vinland Saga? 🤔,7917,👍
7926,2026-01-12 08:10:00,acc2,My favorite moment in Haikyuu!! still gives me chills ⚡,7920,💯
7927,2026-01-12 08:12:00,acc3,No spoilers please! 😎,7925,🔥
7928,2026-01-12 08:14:00,acc4,My favorite moment in Bleach still gives me chills 😀,,👏
7929,2026-01-12 08:16:00,acc1,Random anime fact: Attack on Titan changed many viewers' expectations of anime. 🤔,7914,👏
7930,2026-01-12 08:18:00,acc2,My favorite moment in Steins;Gate still gives me chills 😀,,😮
7931,2026-01-12 08:20:00,acc3,Anyone watching Fullmetal Alchemist lately? 👀,7921,😎
7932,2026-01-12 08:22:00,acc4,I think today's episode was incredible! ❤️,7927,👏
7933,2026-01-12 08:24:00,acc1,Who's your favorite character from Dragon Ball? 😭,,😎
7934,2026-01-12 08:26:00,acc2,Opening theme has been stuck in my head. ⚡,7930,😭
7935,2026-01-12 08:28:00,acc3,Who's your favorite character from Steins;Gate? 🙌,7929,
7936,2026-01-12 08:30:00,acc4,That animation quality was insane! ❤️,7932,😭
7937,2026-01-12 08:32:00,acc1,Opening theme has been stuck in my head. 😎,7935,😎
7938,2026-01-12 08:34:00,acc2,That animation quality was insane! ✨,7929,😂
7939,2026-01-12 08:36:00,acc3,No spoilers please! 🎉,,😎
7940,2026-01-12 08:38:00,acc4,No spoilers please! ⚡,7938,
7941,2026-01-12 08:40:00,acc1,Opening theme has been stuck in my head. 😂,7935,😂
7942,2026-01-12 08:42:00,acc2,Opening theme has been stuck in my head. 😂,7928,😭
7943,2026-01-12 08:44:00,acc3,My favorite moment in Solo Leveling still gives me chills ⚡,,👍
7944,2026-01-12 08:46:00,acc4,I think today's episode was incredible! 🎉,7938,💯
7945,2026-01-12 08:48:00,acc1,No spoilers please! 🎉,7934,😭
7946,2026-01-12 08:50:00,acc2,Random anime fact: Studio Ghibli films are famous for hand-drawn animation. 🍜,,🔥
7947,2026-01-12 08:52:00,acc3,Anyone watching Haikyuu!! lately? 💯,,😮
7948,2026-01-12 08:54:00,acc4,I'm rewatching Vinland Saga this weekend. 👀,,
7949,2026-01-12 08:56:00,acc1,That animation quality was insane! ❤️,7941,👍
7950,2026-01-12 08:58:00,acc2,No spoilers please! 🔥,7938,👍
7951,2026-01-12 09:00:00,acc3,"Quote of the day: ""The world isn't perfect, but it's beautiful."" 😂",7947,🔥
7952,2026-01-12 09:02:00,acc4,My favorite moment in Death Note still gives me chills ⚡,7942,😭
7953,2026-01-12 09:04:00,acc1,"Quote of the day: ""The world isn't perfect, but it's beautiful."" ⚡",7947,❤️
7954,2026-01-12 09:06:00,acc2,I think today's episode was incredible! ⚡,7945,😮
7955,2026-01-12 09:08:00,acc3,Anyone watching Vinland Saga lately? 😀,7949,
7956,2026-01-12 09:10:00,acc4,Anyone watching My Hero Academia lately? 😀,7947,👍
7957,2026-01-12 09:12:00,acc1,I think today's episode was incredible! 🔥,7952,💯
7958,2026-01-12 09:14:00,acc2,Anyone watching Haikyuu!! lately? ✨,,👍
7959,2026-01-12 09:16:00,acc3,Anyone watching Solo Leveling lately? 😀,7956,👍
7960,2026-01-12 09:18:00,acc4,Random anime fact: Did you know? Anime is often adapted from manga or light novels. 🎉,,❤️
7961,2026-01-12 09:20:00,acc1,"Quote of the day: ""The world isn't perfect, but it's beautiful."" ✨",7954,👍
7962,2026-01-12 09:22:00,acc2,My favorite moment in Solo Leveling still gives me chills 😂,7960,😎
7963,2026-01-12 09:24:00,acc3,"Quote of the day: ""The world isn't perfect, but it's beautiful."" 👀",7958,
7964,2026-01-12 09:26:00,acc4,I'm rewatching Attack on Titan this weekend. 📚,,😎
7965,2026-01-12 09:28:00,acc1,My favorite moment in Death Note still gives me chills 🍜,,😮
7966,2026-01-12 09:30:00,acc2,Random anime fact: Did you know? Anime is often adapted from manga or light novels. ❤️,7961,😂
7967,2026-01-12 09:32:00,acc3,Who's your favorite character from Dragon Ball? 😭,7965,
7968,2026-01-12 09:34:00,acc4,That animation quality was insane! 😂,,❤️
7969,2026-01-12 09:36:00,acc1,Random anime fact: One Piece is among the best-selling manga series. 🍜,7957,😮
7970,2026-01-12 09:38:00,acc2,Random anime fact: Studio Ghibli films are famous for hand-drawn animation. 😀,7968,😂
7971,2026-01-12 09:40:00,acc3,I think today's episode was incredible! 📚,7959,😎
7972,2026-01-12 09:42:00,acc4,Opening theme has been stuck in my head. 🤔,7961,👍
7973,2026-01-12 09:44:00,acc1,Random anime fact: Studio Ghibli films are famous for hand-drawn animation. 😎,,🔥
7974,2026-01-12 09:46:00,acc2,I'm rewatching Dragon Ball this weekend. 😂,7962,😎
7975,2026-01-12 09:48:00,acc3,"Quote of the day: ""People's dreams never end."" 🍜",,😂
7976,2026-01-12 09:50:00,acc4,"Quote of the day: ""People's dreams never end."" 🙌",7970,😂
7977,2026-01-12 09:52:00,acc1,No spoilers please! 🎉,,💯
7978,2026-01-12 09:54:00,acc2,Random anime fact: Studio Ghibli films are famous for hand-drawn animation. ✨,,😭
7979,2026-01-12 09:56:00,acc3,Anyone watching One Piece lately? 👀,,😮
7980,2026-01-12 09:58:00,acc4,Opening theme has been stuck in my head. 🙌,7970,💯
7981,2026-01-12 10:00:00,acc1,That animation quality was insane! 👀,,😂
7982,2026-01-12 10:02:00,acc2,Opening theme has been stuck in my head. 🍜,7980,👍
7983,2026-01-12 10:04:00,acc3,That animation quality was insane! 😂,,
7984,2026-01-12 10:06:00,acc4,No spoilers please! 💯,7979,😮
7985,2026-01-12 10:08:00,acc1,My favorite moment in Vinland Saga still gives me chills ⚡,,😭
7986,2026-01-12 10:10:00,acc2,Random anime fact: Studio Ghibli films are famous for hand-drawn animation. 😎,7981,
7987,2026-01-12 10:12:00,acc3,I'm rewatching Fullmetal Alchemist this weekend. ✨,7973,😂
7988,2026-01-12 10:14:00,acc4,Who's your favorite character from My Hero Academia? 🤔,7980,😮
7989,2026-01-12 10:16:00,acc1,Opening theme has been stuck in my head. 🎉,7977,💯
7990,2026-01-12 10:18:00,acc2,Anyone watching Frieren lately? 💯,,👍
7991,2026-01-12 10:20:00,acc3,Who's your favorite character from One Piece? 🍜,,💯
7992,2026-01-12 10:22:00,acc4,"Quote of the day: ""Power comes in response to a need."" 🤔",7984,😂
7993,2026-01-12 10:24:00,acc1,I think today's episode was incredible! 😎,7980,👏
7994,2026-01-12 10:26:00,acc2,Random anime fact: One Piece is among the best-selling manga series. 🎉,7990,😎
7995,2026-01-12 10:28:00,acc3,I think today's episode was incredible! 💯,,😂
7996,2026-01-12 10:30:00,acc4,Anyone watching One Piece lately? ✨,,🔥
7997,2026-01-12 10:32:00,acc1,Opening theme has been stuck in my head. 😂,,👏
7998,2026-01-12 10:34:00,acc2,Who's your favorite character from My Hero Academia? 😂,7983,❤️
7999,2026-01-12 10:36:00,acc3,That animation quality was insane! 😂,7986,❤️
8000,2026-01-12 10:38:00,acc4,Random anime fact: Voice actors in Japan are called seiyuu. 😎,7985,👏
8001,2026-01-12 10:40:00,acc1,Anyone watching My Hero Academia lately? 🤔,7986,💯
8002,2026-01-12 10:42:00,acc2,I think today's episode was incredible! 📚,,😭
8003,2026-01-12 10:44:00,acc3,Anyone watching Jujutsu Kaisen lately? 😂,7996,😎
8004,2026-01-12 10:46:00,acc4,Opening theme has been stuck in my head. 💯,7992,🔥
8005,2026-01-12 10:48:00,acc1,I'm rewatching One Piece this weekend. ⚡,,👍
8006,2026-01-12 10:50:00,acc2,Who's your favorite character from Haikyuu!!? 👀,,💯
8007,2026-01-12 10:52:00,acc3,No spoilers please! 🍜,,🔥
8008,2026-01-12 10:54:00,acc4,"Quote of the day: ""The world isn't perfect, but it's beautiful."" 😭",7993,❤️
8009,2026-01-12 10:56:00,acc1,Anyone watching Frieren lately? 🙌,7996,
8010,2026-01-12 10:58:00,acc2,Who's your favorite character from Death Note? 😂,7996,💯
8011,2026-01-12 11:00:00,acc3,Anyone watching Frieren lately? ❤️,8005,😮
8012,2026-01-12 11:02:00,acc4,No spoilers please! ❤️,8009,😎
8013,2026-01-12 11:04:00,acc1,Random anime fact: One Piece is among the best-selling manga series. 😎,8008,
8014,2026-01-12 11:06:00,acc2,No spoilers please! 🤔,,😭
8015,2026-01-12 11:08:00,acc3,Opening theme has been stuck in my head. 🎉,,👏
8016,2026-01-12 11:10:00,acc4,Random anime fact: Attack on Titan changed many viewers' expectations of anime. ⚡,8005,
8017,2026-01-12 11:12:00,acc1,No spoilers please! 👀,,😮
8018,2026-01-12 11:14:00,acc2,Who's your favorite character from Solo Leveling? 😀,,👍
8019,2026-01-12 11:16:00,acc3,Opening theme has been stuck in my head. 💯,8004,❤️
8020,2026-01-12 11:18:00,acc4,Who's your favorite character from Death Note? 🤔,,
8021,2026-01-12 11:20:00,acc1,Opening theme has been stuck in my head. ⚡,8011,😂
8022,2026-01-12 11:22:00,acc2,"Quote of the day: ""A lesson without pain is meaningless."" 🍜",,👏
8023,2026-01-12 11:24:00,acc3,Random anime fact: Many anime openings become chart-topping songs. 😀,8018,👏
8024,2026-01-12 11:26:00,acc4,Random anime fact: Attack on Titan changed many viewers' expectations of anime. 🍜,8013,💯
8025,2026-01-12 11:28:00,acc1,"Quote of the day: ""The world isn't perfect, but it's beautiful."" 💯",,👏
8026,2026-01-12 11:30:00,acc2,I'm rewatching Demon Slayer this weekend. ✨,8011,🔥
8027,2026-01-12 11:32:00,acc3,I'm rewatching Attack on Titan this weekend. 😂,,😭
8028,2026-01-12 11:34:00,acc4,No spoilers please! 🤔,,😂
8029,2026-01-12 11:36:00,acc1,I think today's episode was incredible! 😂,,💯
8030,2026-01-12 11:38:00,acc2,I'm rewatching Frieren this weekend. ✨,8021,❤️
8031,2026-01-12 11:40:00,acc3,Opening theme has been stuck in my head. 🤔,,😎
8032,2026-01-12 11:42:00,acc4,Who's your favorite character from Bleach? 🎉,8028,😂
8033,2026-01-12 11:44:00,acc1,I'm rewatching Solo Leveling this weekend. 🙌,,💯
8034,2026-01-12 11:46:00,acc2,My favorite moment in Steins;Gate still gives me chills 🍜,,😂
8035,2026-01-12 11:48:00,acc3,Random anime fact: Many anime openings become chart-topping songs. 👀,8025,😎
8036,2026-01-12 11:50:00,acc4,I'm rewatching Death Note this weekend. 🔥,8021,👏
8037,2026-01-12 11:52:00,acc1,Random anime fact: One Piece is among the best-selling manga series. 🎉,,
8038,2026-01-12 11:54:00,acc2,That animation quality was insane! 😀,,
8039,2026-01-12 11:56:00,acc3,No spoilers please! 🙌,,💯
8040,2026-01-12 11:58:00,acc4,My favorite moment in Solo Leveling still gives me chills 😎,,
8041,2026-01-12 12:00:00,acc1,My favorite moment in Hunter x Hunter still gives me chills 🎉,,💯
8042,2026-01-12 12:02:00,acc2,That animation quality was insane! 🔥,8028,❤️
8043,2026-01-12 12:04:00,acc3,"Quote of the day: ""People's dreams never end."" 🙌",8033,🔥
8044,2026-01-12 12:06:00,acc4,My favorite moment in Demon Slayer still gives me chills 🙌,8041,😂
8045,2026-01-12 12:08:00,acc1,I think today's episode was incredible! 😭,,🔥
8046,2026-01-12 12:10:00,acc2,Opening theme has been stuck in my head. 🎉,8037,❤️
8047,2026-01-12 12:12:00,acc3,I think today's episode was incredible! 💯,8035,🔥
8048,2026-01-12 12:14:00,acc4,Who's your favorite character from One Piece? 💯,8045,😭
8049,2026-01-12 12:16:00,acc1,Who's your favorite character from Death Note? 😂,8046,👏
8050,2026-01-12 12:18:00,acc2,That animation quality was insane! 😂,,😂
8051,2026-01-12 12:20:00,acc3,That animation quality was insane! 🙌,,👏
8052,2026-01-12 12:22:00,acc4,No spoilers please! ⚡,8042,👍
8053,2026-01-12 12:24:00,acc1,I think today's episode was incredible! 🍜,,💯
8054,2026-01-12 12:26:00,acc2,That animation quality was insane! 📚,8048,👏
8055,2026-01-12 12:28:00,acc3,Random anime fact: Attack on Titan changed many viewers' expectations of anime. 🙌,,👍
8056,2026-01-12 12:30:00,acc4,I think today's episode was incredible! 😭,,🔥
8057,2026-01-12 12:32:00,acc1,Who's your favorite character from Jujutsu Kaisen? ⚡,8051,😮
8058,2026-01-12 12:34:00,acc2,Who's your favorite character from Bleach? 😀,,💯
8059,2026-01-12 12:36:00,acc3,Opening theme has been stuck in my head. 🤔,8049,👍
8060,2026-01-12 12:38:00,acc4,Random anime fact: Did you know? Anime is often adapted from manga or light novels. ✨,,😎
8061,2026-01-12 12:40:00,acc1,"Quote of the day: ""The world isn't perfect, but it's beautiful."" 💯",8053,❤️
8062,2026-01-12 12:42:00,acc2,Random anime fact: Many anime openings become chart-topping songs. 💯,8055,❤️
8063,2026-01-12 12:44:00,acc3,No spoilers please! 👀,8056,😂
8064,2026-01-12 12:46:00,acc4,My favorite moment in Attack on Titan still gives me chills 😀,8049,😭
8065,2026-01-12 12:48:00,acc1,Anyone watching Dragon Ball lately? 🙌,,👍
8066,2026-01-12 12:50:00,acc2,I think today's episode was incredible! 💯,8052,💯
8067,2026-01-12 12:52:00,acc3,My favorite moment in Jujutsu Kaisen still gives me chills 🎉,,😎
8068,2026-01-12 12:54:00,acc4,That animation quality was insane! 😂,8057,❤️
8069,2026-01-12 12:56:00,acc1,"Quote of the day: ""A lesson without pain is meaningless."" 😂",,
8070,2026-01-12 12:58:00,acc2,My favorite moment in My Hero Academia still gives me chills ❤️,,😂
8071,2026-01-12 13:00:00,acc3,Random anime fact: Many anime openings become chart-topping songs. 🎉,8060,👏
8072,2026-01-12 13:02:00,acc4,I think today's episode was incredible! 💯,,😎
8073,2026-01-12 13:04:00,acc1,That animation quality was insane! 🎉,8062,❤️
8074,2026-01-12 13:06:00,acc2,I'm rewatching Haikyuu!! this weekend. 😂,,❤️
8075,2026-01-12 13:08:00,acc3,"Quote of the day: ""Keep moving forward."" 🙌",,😎
8076,2026-01-12 13:10:00,acc4,My favorite moment in Bleach still gives me chills 😎,,👏
8077,2026-01-12 13:12:00,acc1,That animation quality was insane! 😎,,😭
8078,2026-01-12 13:14:00,acc2,No spoilers please! 🍜,,😭
8079,2026-01-12 13:16:00,acc3,I think today's episode was incredible! 😭,,😮
8080,2026-01-12 13:18:00,acc4,I'm rewatching Jujutsu Kaisen this weekend. 🍜,,😎
8081,2026-01-12 13:20:00,acc1,I think today's episode was incredible! 📚,8073,😎
8082,2026-01-12 13:22:00,acc2,Anyone watching Death Note lately? 🍜,8071,👍
8083,2026-01-12 13:24:00,acc3,"Quote of the day: ""Power comes in response to a need."" 😂",,💯
8084,2026-01-12 13:26:00,acc4,That animation quality was insane! 🙌,,💯
8085,2026-01-12 13:28:00,acc1,I'm rewatching Vinland Saga this weekend. ✨,8073,😭
8086,2026-01-12 13:30:00,acc2,My favorite moment in Death Note still gives me chills 😎,,🔥
8087,2026-01-12 13:32:00,acc3,That animation quality was insane! 😀,,😭
8088,2026-01-12 13:34:00,acc4,That animation quality was insane! ⚡,8077,💯
8089,2026-01-12 13:36:00,acc1,That animation quality was insane! 📚,8083,👍
8090,2026-01-12 13:38:00,acc2,That animation quality was insane! ❤️,,😭
8091,2026-01-12 13:40:00,acc3,My favorite moment in My Hero Academia still gives me chills 🍜,,😎
8092,2026-01-12 13:42:00,acc4,My favorite moment in Steins;Gate still gives me chills ⚡,8088,❤️
8093,2026-01-12 13:44:00,acc1,Anyone watching Demon Slayer lately? 📚,,😮
8094,2026-01-12 13:46:00,acc2,No spoilers please! 🤔,,❤️
8095,2026-01-12 13:48:00,acc3,Anyone watching Death Note lately? 🍜,,👍
8096,2026-01-12 13:50:00,acc4,That animation quality was insane! 😎,8081,😎
8097,2026-01-12 13:52:00,acc1,No spoilers please! 🎉,8095,
8098,2026-01-12 13:54:00,acc2,Who's your favorite character from My Hero Academia? ✨,,😎
8099,2026-01-12 13:56:00,acc3,Opening theme has been stuck in my head. ⚡,8084,😮
8100,2026-01-12 13:58:00,acc4,Who's your favorite character from Bleach? 🍜,,
8101,2026-01-12 14:00:00,acc1,Random anime fact: One Piece is among the best-selling manga series. 🙌,8095,
8102,2026-01-12 14:02:00,acc2,"Quote of the day: ""People's dreams never end."" ✨",8098,😭
8103,2026-01-12 14:04:00,acc3,That animation quality was insane! 🍜,8097,
8104,2026-01-12 14:06:00,acc4,"Quote of the day: ""People's dreams never end."" 😀",,💯
8105,2026-01-12 14:08:00,acc1,I think today's episode was incredible! 😀,8093,❤️
8106,2026-01-12 14:10:00,acc2,I'm rewatching Attack on Titan this weekend. 😀,8095,❤️
8107,2026-01-12 14:12:00,acc3,Opening theme has been stuck in my head. 🔥,,👏
8108,2026-01-12 14:14:00,acc4,Opening theme has been stuck in my head. ❤️,,❤️
8109,2026-01-12 14:16:00,acc1,Opening theme has been stuck in my head. 🎉,,
8110,2026-01-12 14:18:00,acc2,I think today's episode was incredible! 🎉,,💯
8111,2026-01-12 14:20:00,acc3,Opening theme has been stuck in my head. 🔥,,😭
8112,2026-01-12 14:22:00,acc4,"Quote of the day: ""People's dreams never end."" 💯",,👏
8113,2026-01-12 14:24:00,acc1,"Quote of the day: ""Power comes in response to a need."" 🙌",8098,👏
8114,2026-01-12 14:26:00,acc2,"Quote of the day: ""Keep moving forward."" 💯",8102,😎
8115,2026-01-12 14:28:00,acc3,Anyone watching Dragon Ball lately? 🔥,,👏
8116,2026-01-12 14:30:00,acc4,Anyone watching Naruto lately? 🎉,8104,❤️
8117,2026-01-12 14:32:00,acc1,Who's your favorite character from My Hero Academia? 😭,,🔥
8118,2026-01-12 14:34:00,acc2,My favorite moment in Death Note still gives me chills ❤️,,😂
8119,2026-01-12 14:36:00,acc3,I'm rewatching Frieren this weekend. 📚,,😎
8120,2026-01-12 14:38:00,acc4,My favorite moment in Death Note still gives me chills 🍜,8116,😭
8121,2026-01-12 14:40:00,acc1,Opening theme has been stuck in my head. 💯,,👍
8122,2026-01-12 14:42:00,acc2,Who's your favorite character from Attack on Titan? ⚡,8108,❤️
8123,2026-01-12 14:44:00,acc3,I think today's episode was incredible! 🎉,8118,😭
8124,2026-01-12 14:46:00,acc4,Random anime fact: Voice actors in Japan are called seiyuu. ❤️,,👍
8125,2026-01-12 14:48:00,acc1,My favorite moment in Steins;Gate still gives me chills 🍜,8115,👏
8126,2026-01-12 14:50:00,acc2,Random anime fact: Attack on Titan changed many viewers' expectations of anime. 😭,8114,👏
8127,2026-01-12 14:52:00,acc3,No spoilers please! 🤔,8117,😎
8128,2026-01-12 14:54:00,acc4,No spoilers please! ⚡,,😭
8129,2026-01-12 14:56:00,acc1,Random anime fact: Did you know? Anime is often adapted from manga or light novels. 😂,,
8130,2026-01-12 14:58:00,acc2,My favorite moment in Fullmetal Alchemist still gives me chills 🎉,8125,😭
8131,2026-01-12 15:00:00,acc3,Anyone watching One Piece lately? 💯,,😂
8132,2026-01-12 15:02:00,acc4,Random anime fact: Attack on Titan changed many viewers' expectations of anime. 🎉,8120,👏
8133,2026-01-12 15:04:00,acc1,Who's your favorite character from Demon Slayer? 🍜,8117,👍
8134,2026-01-12 15:06:00,acc2,No spoilers please! ⚡,8118,💯
8135,2026-01-12 15:08:00,acc3,Opening theme has been stuck in my head. 🍜,,
8136,2026-01-12 15:10:00,acc4,No spoilers please! 😭,8133,😮
8137,2026-01-12 15:12:00,acc1,"Quote of the day: ""Power comes in response to a need."" 👀",8121,🔥
8138,2026-01-12 15:14:00,acc2,That animation quality was insane! ✨,8122,🔥
8139,2026-01-12 15:16:00,acc3,I'm rewatching Death Note this weekend. 🙌,8135,😮
8140,2026-01-12 15:18:00,acc4,I think today's episode was incredible! 📚,,
8141,2026-01-12 15:20:00,acc1,"Quote of the day: ""The world isn't perfect, but it's beautiful."" 😎",,😎
8142,2026-01-12 15:22:00,acc2,Random anime fact: Voice actors in Japan are called seiyuu. 🔥,,😭
8143,2026-01-12 15:24:00,acc3,Random anime fact: Did you know? Anime is often adapted from manga or light novels. 😂,,💯
8144,2026-01-12 15:26:00,acc4,Anyone watching Frieren lately? 🙌,8141,👏
8145,2026-01-12 15:28:00,acc1,My favorite moment in Dragon Ball still gives me chills ❤️,,
8146,2026-01-12 15:30:00,acc2,Random anime fact: Many anime openings become chart-topping songs. 😭,,😮
8147,2026-01-12 15:32:00,acc3,"Quote of the day: ""The world isn't perfect, but it's beautiful."" 😀",8133,😎
8148,2026-01-12 15:34:00,acc4,Anyone watching Naruto lately? 😀,,👏
8149,2026-01-12 15:36:00,acc1,I'm rewatching Vinland Saga this weekend. 💯,8136,
8150,2026-01-12 15:38:00,acc2,"Quote of the day: ""The world isn't perfect, but it's beautiful."" 👀",8146,🔥
8151,2026-01-12 15:40:00,acc3,"Quote of the day: ""Keep moving forward."" ❤️",8148,💯
8152,2026-01-12 15:42:00,acc4,Opening theme has been stuck in my head. ✨,8138,👏
8153,2026-01-12 15:44:00,acc1,That animation quality was insane! ✨,8138,💯
8154,2026-01-12 15:46:00,acc2,I think today's episode was incredible! ❤️,,
8155,2026-01-12 15:48:00,acc3,"Quote of the day: ""Keep moving forward."" ⚡",8144,😂
8156,2026-01-12 15:50:00,acc4,Anyone watching Attack on Titan lately? ✨,,😎
8157,2026-01-12 15:52:00,acc1,"Quote of the day: ""The world isn't perfect, but it's beautiful."" 😀",8155,😮
8158,2026-01-12 15:54:00,acc2,I think today's episode was incredible! 🙌,,💯
8159,2026-01-12 15:56:00,acc3,That animation quality was insane! 😭,,❤️
8160,2026-01-12 15:58:00,acc4,I'm rewatching Naruto this weekend. ⚡,8151,😎
8161,2026-01-12 16:00:00,acc1,Opening theme has been stuck in my head. 🙌,8153,❤️
8162,2026-01-12 16:02:00,acc2,Who's your favorite character from Naruto? ⚡,8154,
8163,2026-01-12 16:04:00,acc3,"Quote of the day: ""People's dreams never end."" 🤔",8151,👍
8164,2026-01-12 16:06:00,acc4,That animation quality was insane! 🔥,,🔥
8165,2026-01-12 16:08:00,acc1,I'm rewatching Hunter x Hunter this weekend. ✨,8155,👏
8166,2026-01-12 16:10:00,acc2,Opening theme has been stuck in my head. 😎,,😎
8167,2026-01-12 16:12:00,acc3,Random anime fact: One Piece is among the best-selling manga series. ❤️,8151,💯
8168,2026-01-12 16:14:00,acc4,Who's your favorite character from Hunter x Hunter? 🔥,8165,🔥
8169,2026-01-12 16:16:00,acc1,That animation quality was insane! 🎉,8161,👏
8170,2026-01-12 16:18:00,acc2,No spoilers please! 🔥,8165,😮
8171,2026-01-12 16:20:00,acc3,Anyone watching Hunter x Hunter lately? ✨,,
8172,2026-01-12 16:22:00,acc4,Who's your favorite character from Vinland Saga? 🔥,8170,👏
8173,2026-01-12 16:24:00,acc1,Who's your favorite character from One Piece? 🍜,8161,😎
8174,2026-01-12 16:26:00,acc2,Opening theme has been stuck in my head. 🤔,8162,🔥
8175,2026-01-12 16:28:00,acc3,Who's your favorite character from Frieren? 😭,8165,❤️
8176,2026-01-12 16:30:00,acc4,Opening theme has been stuck in my head. 🙌,8167,😭
8177,2026-01-12 16:32:00,acc1,That animation quality was insane! 🔥,,💯
8178,2026-01-12 16:34:00,acc2,Anyone watching Bleach lately? ❤️,,😭
8179,2026-01-12 16:36:00,acc3,I think today's episode was incredible! 🎉,8176,😭
8180,2026-01-12 16:38:00,acc4,That animation quality was insane! 🎉,8167,😎
8181,2026-01-12 16:40:00,acc1,I think today's episode was incredible! 😎,,😎
8182,2026-01-12 16:42:00,acc2,Anyone watching Haikyuu!! lately? 💯,,💯
8183,2026-01-12 16:44:00,acc3,I think today's episode was incredible! ⚡,8167,👍
8184,2026-01-12 16:46:00,acc4,My favorite moment in Haikyuu!! still gives me chills 💯,8173,😎
8185,2026-01-12 16:48:00,acc1,Opening theme has been stuck in my head. 🍜,8171,😂
8186,2026-01-12 16:50:00,acc2,That animation quality was insane! 🤔,,🔥
8187,2026-01-12 16:52:00,acc3,No spoilers please! 😎,8175,😮
8188,2026-01-12 16:54:00,acc4,Opening theme has been stuck in my head. 🎉,8182,❤️
8189,2026-01-12 16:56:00,acc1,"Quote of the day: ""Keep moving forward."" 👀",,👍
8190,2026-01-12 16:58:00,acc2,That animation quality was insane! 🤔,8183,👍
8191,2026-01-12 17:00:00,acc3,That animation quality was insane! 🙌,8186,❤️
8192,2026-01-12 17:02:00,acc4,My favorite moment in One Piece still gives me chills 😭,8177,😂
8193,2026-01-12 17:04:00,acc1,No spoilers please! 🙌,8178,😭
8194,2026-01-12 17:06:00,acc2,Opening theme has been stuck in my head. 👀,,😎
8195,2026-01-12 17:08:00,acc3,Random anime fact: Did you know? Anime is often adapted from manga or light novels. 🤔,8193,😎
8196,2026-01-12 17:10:00,acc4,"Quote of the day: ""Keep moving forward."" 👀",,😂
8197,2026-01-12 17:12:00,acc1,My favorite moment in Frieren still gives me chills 🔥,8181,👏
8198,2026-01-12 17:14:00,acc2,"Quote of the day: ""Keep moving forward."" 📚",8191,❤️
8199,2026-01-12 17:16:00,acc3,Who's your favorite character from Jujutsu Kaisen? 😀,8191,👏
8200,2026-01-12 17:18:00,acc4,No spoilers please! 👀,,😮
8201,2026-01-12 17:20:00,acc1,"Quote of the day: ""Keep moving forward."" 🍜",8198,💯
8202,2026-01-12 17:22:00,acc2,Opening theme has been stuck in my head. 😂,8200,😭
8203,2026-01-12 17:24:00,acc3,No spoilers please! 😎,8195,😭
8204,2026-01-12 17:26:00,acc4,Random anime fact: Studio Ghibli films are famous for hand-drawn animation. 😭,,👍
8205,2026-01-12 17:28:00,acc1,Who's your favorite character from Dragon Ball? 👀,,💯
8206,2026-01-12 17:30:00,acc2,My favorite moment in Attack on Titan still gives me chills 🍜,,🔥
8207,2026-01-12 17:32:00,acc3,I think today's episode was incredible! 😭,8197,👍
8208,2026-01-12 17:34:00,acc4,Anyone watching Dragon Ball lately? 👀,8205,👏
8209,2026-01-12 17:36:00,acc1,I think today's episode was incredible! 😭,8207,
8210,2026-01-12 17:38:00,acc2,"Quote of the day: ""Keep moving forward."" 🙌",8208,
8211,2026-01-12 17:40:00,acc3,I'm rewatching Frieren this weekend. ❤️,,
8212,2026-01-12 17:42:00,acc4,Random anime fact: Many anime openings become chart-topping songs. 🤔,,
8213,2026-01-12 17:44:00,acc1,Anyone watching Haikyuu!! lately? 😂,,💯
8214,2026-01-12 17:46:00,acc2,Who's your favorite character from Steins;Gate? 📚,,🔥
8215,2026-01-12 17:48:00,acc3,Opening theme has been stuck in my head. 😂,,💯
8216,2026-01-12 17:50:00,acc4,I'm rewatching Vinland Saga this weekend. ❤️,8210,😎
8217,2026-01-12 17:52:00,acc1,Opening theme has been stuck in my head. 😀,8209,🔥
8218,2026-01-12 17:54:00,acc2,"Quote of the day: ""Power comes in response to a need."" 🔥",8216,👍
8219,2026-01-12 17:56:00,acc3,"Quote of the day: ""The world isn't perfect, but it's beautiful."" ❤️",8205,😎
8220,2026-01-12 17:58:00,acc4,I think today's episode was incredible! 🎉,,💯
8221,2026-01-12 18:00:00,acc1,I think today's episode was incredible! 😀,8205,👍
8222,2026-01-12 18:02:00,acc2,No spoilers please! 📚,8211,🔥
8223,2026-01-12 18:04:00,acc3,I think today's episode was incredible! 🍜,8207,❤️
8224,2026-01-12 18:06:00,acc4,No spoilers please! 💯,8219,👏
8225,2026-01-12 18:08:00,acc1,Anyone watching My Hero Academia lately? ✨,8216,
8226,2026-01-12 18:10:00,acc2,Who's your favorite character from Steins;Gate? 🎉,8218,❤️
8227,2026-01-12 18:12:00,acc3,Who's your favorite character from Dragon Ball? 😎,,❤️
8228,2026-01-12 18:14:00,acc4,My favorite moment in Solo Leveling still gives me chills ⚡,,💯
8229,2026-01-12 18:16:00,acc1,That animation quality was insane! 📚,,😎
8230,2026-01-12 18:18:00,acc2,I think today's episode was incredible! 💯,,💯
8231,2026-01-12 18:20:00,acc3,That animation quality was insane! 😭,,
8232,2026-01-12 18:22:00,acc4,Random anime fact: Attack on Titan changed many viewers' expectations of anime. 😀,8220,😮
8233,2026-01-12 18:24:00,acc1,That animation quality was insane! 😂,,💯
8234,2026-01-12 18:26:00,acc2,Who's your favorite character from Vinland Saga? 🍜,8219,😎
8235,2026-01-12 18:28:00,acc3,Random anime fact: Did you know? Anime is often adapted from manga or light novels. 😭,8222,💯
8236,2026-01-12 18:30:00,acc4,Anyone watching Fullmetal Alchemist lately? ✨,8232,🔥
8237,2026-01-12 18:32:00,acc1,"Quote of the day: ""Power comes in response to a need."" 😂",,🔥
8238,2026-01-12 18:34:00,acc2,My favorite moment in Dragon Ball still gives me chills 🍜,8236,👍
8239,2026-01-12 18:36:00,acc3,I'm rewatching Demon Slayer this weekend. 😎,,😮
8240,2026-01-12 18:38:00,acc4,Random anime fact: Attack on Titan changed many viewers' expectations of anime. ⚡,8227,
8241,2026-01-12 18:40:00,acc1,Opening theme has been stuck in my head. 😂,8238,💯
8242,2026-01-12 18:42:00,acc2,No spoilers please! ✨,,😎
8243,2026-01-12 18:44:00,acc3,"Quote of the day: ""A lesson without pain is meaningless."" 😂",8239,👏
8244,2026-01-12 18:46:00,acc4,I'm rewatching Death Note this weekend. ✨,,😮
8245,2026-01-12 18:48:00,acc1,I'm rewatching One Piece this weekend. 👀,,💯
8246,2026-01-12 18:50:00,acc2,That animation quality was insane! 🤔,,😭
8247,2026-01-12 18:52:00,acc3,"Quote of the day: ""People's dreams never end."" ✨",8235,😂
8248,2026-01-12 18:54:00,acc4,Anyone watching Solo Leveling lately? ✨,8236,👏
8249,2026-01-12 18:56:00,acc1,Random anime fact: Did you know? Anime is often adapted from manga or light novels. 📚,,👏
8250,2026-01-12 18:58:00,acc2,Who's your favorite character from Jujutsu Kaisen? ❤️,8234,❤️
8251,2026-01-12 19:00:00,acc3,That animation quality was insane! 😀,,❤️
8252,2026-01-12 19:02:00,acc4,"Quote of the day: ""Power comes in response to a need."" ❤️",8241,😂
8253,2026-01-12 19:04:00,acc1,Opening theme has been stuck in my head. 😭,,💯
8254,2026-01-12 19:06:00,acc2,I think today's episode was incredible! 😂,8241,🔥
8255,2026-01-12 19:08:00,acc3,Anyone watching Death Note lately? 😎,8240,🔥
8256,2026-01-12 19:10:00,acc4,My favorite moment in Steins;Gate still gives me chills ✨,,👍
8257,2026-01-12 19:12:00,acc1,I'm rewatching Death Note this weekend. 🤔,8251,😮
8258,2026-01-12 19:14:00,acc2,I think today's episode was incredible! 👀,,
8259,2026-01-12 19:16:00,acc3,"Quote of the day: ""Keep moving forward."" 🎉",8256,🔥
8260,2026-01-12 19:18:00,acc4,I'm rewatching Haikyuu!! this weekend. 🍜,,💯
8261,2026-01-12 19:20:00,acc1,No spoilers please! 🍜,,😮
8262,2026-01-12 19:22:00,acc2,My favorite moment in Hunter x Hunter still gives me chills 📚,,😎
8263,2026-01-12 19:24:00,acc3,I'm rewatching Frieren this weekend. 🍜,8250,👍
8264,2026-01-12 19:26:00,acc4,Who's your favorite character from Naruto? 🎉,8254,😮
8265,2026-01-12 19:28:00,acc1,Anyone watching Steins;Gate lately? ❤️,8255,👍
8266,2026-01-12 19:30:00,acc2,Opening theme has been stuck in my head. 💯,8258,❤️
8267,2026-01-12 19:32:00,acc3,Anyone watching Death Note lately? 😀,,💯
8268,2026-01-12 19:34:00,acc4,I'm rewatching Hunter x Hunter this weekend. 🎉,,🔥
8269,2026-01-12 19:36:00,acc1,I think today's episode was incredible! 👀,,🔥
8270,2026-01-12 19:38:00,acc2,Anyone watching Jujutsu Kaisen lately? 📚,,👍
8271,2026-01-12 19:40:00,acc3,"Quote of the day: ""A lesson without pain is meaningless."" 🤔",,😂
8272,2026-01-12 19:42:00,acc4,Opening theme has been stuck in my head. 😎,,👏
8273,2026-01-12 19:44:00,acc1,"Quote of the day: ""The world isn't perfect, but it's beautiful."" 📚",8270,👏
8274,2026-01-12 19:46:00,acc2,Opening theme has been stuck in my head. 🎉,8262,😂
8275,2026-01-12 19:48:00,acc3,Anyone watching Vinland Saga lately? 🍜,8268,😎
8276,2026-01-12 19:50:00,acc4,Anyone watching My Hero Academia lately? 😎,8261,😮
8277,2026-01-12 19:52:00,acc1,My favorite moment in Hunter x Hunter still gives me chills 😎,8270,
8278,2026-01-12 19:54:00,acc2,I think today's episode was incredible! 😭,,👍
8279,2026-01-12 19:56:00,acc3,Who's your favorite character from Demon Slayer? 📚,8265,💯
8280,2026-01-12 19:58:00,acc4,No spoilers please! 🔥,8273,😂
8281,2026-01-12 20:00:00,acc1,"Quote of the day: ""Keep moving forward."" 😎",,😭
8282,2026-01-12 20:02:00,acc2,Opening theme has been stuck in my head. 🤔,,😎
8283,2026-01-12 20:04:00,acc3,I'm rewatching Demon Slayer this weekend. 😂,,😭
8284,2026-01-12 20:06:00,acc4,Opening theme has been stuck in my head. 😎,,👏
8285,2026-01-12 20:08:00,acc1,Random anime fact: Studio Ghibli films are famous for hand-drawn animation. 😂,8281,😎
8286,2026-01-12 20:10:00,acc2,"Quote of the day: ""A lesson without pain is meaningless."" ✨",,💯
8287,2026-01-12 20:12:00,acc3,"Quote of the day: ""The world isn't perfect, but it's beautiful."" 😀",,👍
8288,2026-01-12 20:14:00,acc4,My favorite moment in Bleach still gives me chills 💯,,😎
8289,2026-01-12 20:16:00,acc1,Who's your favorite character from Death Note? 💯,,😮
8290,2026-01-12 20:18:00,acc2,I think today's episode was incredible! ❤️,,👏
8291,2026-01-12 20:20:00,acc3,No spoilers please! ✨,8278,
8292,2026-01-12 20:22:00,acc4,Random anime fact: Attack on Titan changed many viewers' expectations of anime. ✨,,👏
8293,2026-01-12 20:24:00,acc1,"Quote of the day: ""People's dreams never end."" 👀",8288,🔥
8294,2026-01-12 20:26:00,acc2,My favorite moment in Solo Leveling still gives me chills 🤔,8288,😮
8295,2026-01-12 20:28:00,acc3,That animation quality was insane! 🎉,8290,
8296,2026-01-12 20:30:00,acc4,My favorite moment in Jujutsu Kaisen still gives me chills ⚡,8287,👏
8297,2026-01-12 20:32:00,acc1,Anyone watching Vinland Saga lately? ✨,8282,👍
8298,2026-01-12 20:34:00,acc2,My favorite moment in Fullmetal Alchemist still gives me chills 🔥,8285,
8299,2026-01-12 20:36:00,acc3,My favorite moment in Solo Leveling still gives me chills 🔥,8289,
8300,2026-01-12 20:38:00,acc4,No spoilers please! 🔥,,😮
8301,2026-01-12 20:40:00,acc1,Random anime fact: Studio Ghibli films are famous for hand-drawn animation. 📚,,🔥
8302,2026-01-12 20:42:00,acc2,Who's your favorite character from Jujutsu Kaisen? 😂,,🔥
8303,2026-01-12 20:44:00,acc3,Anyone watching Death Note lately? 💯,,❤️
8304,2026-01-12 20:46:00,acc4,I'm rewatching Haikyuu!! this weekend. 🍜,8296,👍
8305,2026-01-12 20:48:00,acc1,I think today's episode was incredible! 💯,8290,🔥
8306,2026-01-12 20:50:00,acc2,Random anime fact: One Piece is among the best-selling manga series. 😎,,😂
8307,2026-01-12 20:52:00,acc3,Who's your favorite character from Haikyuu!!? 🤔,,👍
8308,2026-01-12 20:54:00,acc4,Opening theme has been stuck in my head. 🍜,8293,👍
8309,2026-01-12 20:56:00,acc1,I'm rewatching Solo Leveling this weekend. 👀,,🔥
8310,2026-01-12 20:58:00,acc2,I think today's episode was incredible! 🤔,,😎
8311,2026-01-12 21:00:00,acc3,That animation quality was insane! 💯,,😂
8312,2026-01-12 21:02:00,acc4,Anyone watching Fullmetal Alchemist lately? 😎,8305,🔥
8313,2026-01-12 21:04:00,acc1,Opening theme has been stuck in my head. 🎉,8305,
8314,2026-01-12 21:06:00,acc2,I'm rewatching Bleach this weekend. 😀,8304,😭
8315,2026-01-12 21:08:00,acc3,Opening theme has been stuck in my head. 👀,,😎
8316,2026-01-12 21:10:00,acc4,Opening theme has been stuck in my head. 📚,,😭
8317,2026-01-12 21:12:00,acc1,"Quote of the day: ""People's dreams never end."" 🔥",8302,
8318,2026-01-12 21:14:00,acc2,My favorite moment in One Piece still gives me chills 😎,,❤️
8319,2026-01-12 21:16:00,acc3,That animation quality was insane! 🎉,8317,😭
8320,2026-01-12 21:18:00,acc4,Random anime fact: Studio Ghibli films are famous for hand-drawn animation. ❤️,8304,😂
8321,2026-01-12 21:20:00,acc1,That animation quality was insane! ✨,8319,😎
8322,2026-01-12 21:22:00,acc2,My favorite moment in Dragon Ball still gives me chills ❤️,,😂
8323,2026-01-12 21:24:00,acc3,My favorite moment in Bleach still gives me chills 🤔,,
8324,2026-01-12 21:26:00,acc4,Opening theme has been stuck in my head. 🎉,8319,👏
8325,2026-01-12 21:28:00,acc1,Anyone watching Frieren lately? 😂,,😭
8326,2026-01-12 21:30:00,acc2,"Quote of the day: ""People's dreams never end."" 📚",8320,😂
8327,2026-01-12 21:32:00,acc3,Anyone watching My Hero Academia lately? 😭,8321,😎
8328,2026-01-12 21:34:00,acc4,I'm rewatching Solo Leveling this weekend. 👀,8317,😎
8329,2026-01-12 21:36:00,acc1,Random anime fact: Voice actors in Japan are called seiyuu. 📚,,😮
8330,2026-01-12 21:38:00,acc2,My favorite moment in Steins;Gate still gives me chills 🙌,,😎
8331,2026-01-12 21:40:00,acc3,Anyone watching Vinland Saga lately? 🔥,8329,😎
8332,2026-01-12 21:42:00,acc4,Who's your favorite character from Attack on Titan? 💯,,
8333,2026-01-12 21:44:00,acc1,Who's your favorite character from Attack on Titan? 🎉,8321,👍
8334,2026-01-12 21:46:00,acc2,Anyone watching Dragon Ball lately? 🤔,8329,🔥
8335,2026-01-12 21:48:00,acc3,Random anime fact: One Piece is among the best-selling manga series. 🙌,8330,💯
8336,2026-01-12 21:50:00,acc4,Random anime fact: One Piece is among the best-selling manga series. 😂,,💯
8337,2026-01-12 21:52:00,acc1,Who's your favorite character from Frieren? 🤔,8332,
8338,2026-01-12 21:54:00,acc2,Opening theme has been stuck in my head. ❤️,8328,👍
8339,2026-01-12 21:56:00,acc3,No spoilers please! 😀,8330,😮
8340,2026-01-12 21:58:00,acc4,"Quote of the day: ""Power comes in response to a need."" 💯",8335,💯
8341,2026-01-12 22:00:00,acc1,That animation quality was insane! ⚡,8327,👍
8342,2026-01-12 22:02:00,acc2,Random anime fact: Attack on Titan changed many viewers' expectations of anime. 😂,,💯
8343,2026-01-12 22:04:00,acc3,Random anime fact: Did you know? Anime is often adapted from manga or light novels. 📚,8335,👍
8344,2026-01-12 22:06:00,acc4,Opening theme has been stuck in my head. 😀,8335,
8345,2026-01-12 22:08:00,acc1,"Quote of the day: ""The world isn't perfect, but it's beautiful."" 💯",,❤️
8346,2026-01-12 22:10:00,acc2,I'm rewatching Solo Leveling this weekend. 😂,,🔥
8347,2026-01-12 22:12:00,acc3,Random anime fact: Did you know? Anime is often adapted from manga or light novels. 😀,8336,🔥
8348,2026-01-12 22:14:00,acc4,Anyone watching Hunter x Hunter lately? ⚡,8332,😮
8349,2026-01-12 22:16:00,acc1,I think today's episode was incredible! 📚,8335,👏
8350,2026-01-12 22:18:00,acc2,Random anime fact: One Piece is among the best-selling manga series. ⚡,,❤️
8351,2026-01-12 22:20:00,acc3,Anyone watching Solo Leveling lately? ❤️,,😂
8352,2026-01-12 22:22:00,acc4,That animation quality was insane! 📚,,😮
8353,2026-01-12 22:24:00,acc1,My favorite moment in Bleach still gives me chills 😂,,
8354,2026-01-12 22:26:00,acc2,Who's your favorite character from Vinland Saga? 👀,8350,😮
8355,2026-01-12 22:28:00,acc3,That animation quality was insane! 💯,,👏
8356,2026-01-12 22:30:00,acc4,Opening theme has been stuck in my head. 👀,,🔥
8357,2026-01-12 22:32:00,acc1,"Quote of the day: ""Keep moving forward."" 😂",,💯
8358,2026-01-12 22:34:00,acc2,I'm rewatching Solo Leveling this weekend. 😭,,💯
8359,2026-01-12 22:36:00,acc3,My favorite moment in Frieren still gives me chills 🤔,8347,👏
8360,2026-01-12 22:38:00,acc4,Random anime fact: Voice actors in Japan are called seiyuu. 🎉,,👏
8361,2026-01-12 22:40:00,acc1,I think today's episode was incredible! 💯,8358,
8362,2026-01-12 22:42:00,acc2,Who's your favorite character from My Hero Academia? ❤️,8352,👏
8363,2026-01-12 22:44:00,acc3,"Quote of the day: ""Power comes in response to a need."" ✨",8350,👏
8364,2026-01-12 22:46:00,acc4,Anyone watching Demon Slayer lately? ⚡,8354,😮
8365,2026-01-12 22:48:00,acc1,Random anime fact: One Piece is among the best-selling manga series. 😂,,❤️
8366,2026-01-12 22:50:00,acc2,Who's your favorite character from Solo Leveling? 🔥,,😭
8367,2026-01-12 22:52:00,acc3,I think today's episode was incredible! 📚,,💯
8368,2026-01-12 22:54:00,acc4,Anyone watching Fullmetal Alchemist lately? 💯,8362,😮
8369,2026-01-12 22:56:00,acc1,Anyone watching Attack on Titan lately? 🍜,8355,💯
8370,2026-01-12 22:58:00,acc2,Who's your favorite character from Haikyuu!!? 📚,,😂
8371,2026-01-12 23:00:00,acc3,I think today's episode was incredible! 😎,8358,💯
8372,2026-01-12 23:02:00,acc4,I'm rewatching Death Note this weekend. 💯,8362,😭
8373,2026-01-12 23:04:00,acc1,Random anime fact: One Piece is among the best-selling manga series. 💯,,😎
8374,2026-01-12 23:06:00,acc2,My favorite moment in Vinland Saga still gives me chills 😀,8361,🔥
8375,2026-01-12 23:08:00,acc3,No spoilers please! 🎉,8370,😎
8376,2026-01-12 23:10:00,acc4,Random anime fact: Did you know? Anime is often adapted from manga or light novels. 😀,8366,😭
8377,2026-01-12 23:12:00,acc1,My favorite moment in Attack on Titan still gives me chills 😭,,
8378,2026-01-12 23:14:00,acc2,No spoilers please! 🍜,,😮
8379,2026-01-12 23:16:00,acc3,That animation quality was insane! 😂,8375,🔥
8380,2026-01-12 23:18:00,acc4,Random anime fact: Attack on Titan changed many viewers' expectations of anime. 🙌,,💯
8381,2026-01-12 23:20:00,acc1,Opening theme has been stuck in my head. ⚡,,💯
8382,2026-01-12 23:22:00,acc2,Anyone watching Bleach lately? 🎉,8372,💯
8383,2026-01-12 23:24:00,acc3,Random anime fact: Many anime openings become chart-topping songs. 👀,8370,😂
8384,2026-01-12 23:26:00,acc4,Anyone watching Solo Leveling lately? 👀,8376,👏
8385,2026-01-12 23:28:00,acc1,"Quote of the day: ""Keep moving forward."" 😀",,🔥
8386,2026-01-12 23:30:00,acc2,My favorite moment in Frieren still gives me chills 🙌,,👍
8387,2026-01-12 23:32:00,acc3,Random anime fact: One Piece is among the best-selling manga series. 😀,8384,😎
8388,2026-01-12 23:34:00,acc4,I think today's episode was incredible! 🍜,8385,❤️
8389,2026-01-12 23:36:00,acc1,I'm rewatching Jujutsu Kaisen this weekend. 😀,,🔥
8390,2026-01-12 23:38:00,acc2,No spoilers please! 🤔,,🔥
8391,2026-01-12 23:40:00,acc3,My favorite moment in Dragon Ball still gives me chills 🙌,8385,
8392,2026-01-12 23:42:00,acc4,"Quote of the day: ""The world isn't perfect, but it's beautiful."" 📚",8386,😭
8393,2026-01-12 23:44:00,acc1,That animation quality was insane! ⚡,8385,😂
8394,2026-01-12 23:46:00,acc2,No spoilers please! 💯,8380,😂
8395,2026-01-12 23:48:00,acc3,Who's your favorite character from Haikyuu!!? 😂,,😮
8396,2026-01-12 23:50:00,acc4,"Quote of the day: ""The world isn't perfect, but it's beautiful."" 😎",,💯
8397,2026-01-12 23:52:00,acc1,My favorite moment in Jujutsu Kaisen still gives me chills ✨,,😎
8398,2026-01-12 23:54:00,acc2,My favorite moment in Frieren still gives me chills 💯,8393,😭
8399,2026-01-12 23:56:00,acc3,Opening theme has been stuck in my head. 🍜,8384,🔥
8400,2026-01-12 23:58:00,acc4,"Quote of the day: ""Keep moving forward."" 😎",8387,
8401,2026-01-13 00:00:00,acc1,No spoilers please! 👀,,❤️
8402,2026-01-13 00:02:00,acc2,"Quote of the day: ""The world isn't perfect, but it's beautiful."" ❤️",,👏
8403,2026-01-13 00:04:00,acc3,I think today's episode was incredible! 👀,,😮
8404,2026-01-13 00:06:00,acc4,My favorite moment in Frieren still gives me chills ⚡,8397,😂
8405,2026-01-13 00:08:00,acc1,Who's your favorite character from One Piece? 😎,8390,💯
8406,2026-01-13 00:10:00,acc2,"Quote of the day: ""The world isn't perfect, but it's beautiful."" 👀",8396,😂
8407,2026-01-13 00:12:00,acc3,No spoilers please! 🙌,8404,❤️
8408,2026-01-13 00:14:00,acc4,No spoilers please! ❤️,,😭
8409,2026-01-13 00:16:00,acc1,Who's your favorite character from One Piece? ⚡,,🔥
8410,2026-01-13 00:18:00,acc2,That animation quality was insane! 🔥,8399,
8411,2026-01-13 00:20:00,acc3,I think today's episode was incredible! 🔥,8407,😎
8412,2026-01-13 00:22:00,acc4,That animation quality was insane! 😂,,😭
8413,2026-01-13 00:24:00,acc1,Who's your favorite character from Bleach? 😎,8403,😎
8414,2026-01-13 00:26:00,acc2,"Quote of the day: ""People's dreams never end."" 🍜",,
8415,2026-01-13 00:28:00,acc3,Random anime fact: Did you know? Anime is often adapted from manga or light novels. 📚,8409,❤️
8416,2026-01-13 00:30:00,acc4,My favorite moment in Solo Leveling still gives me chills 💯,8408,👏
8417,2026-01-13 00:32:00,acc1,Who's your favorite character from Bleach? 😂,,😂
8418,2026-01-13 00:34:00,acc2,I think today's episode was incredible! ❤️,8411,💯
8419,2026-01-13 00:36:00,acc3,My favorite moment in Demon Slayer still gives me chills 😀,8403,😎
8420,2026-01-13 00:38:00,acc4,That animation quality was insane! 🤔,,❤️
8421,2026-01-13 00:40:00,acc1,Anyone watching Haikyuu!! lately? 😭,,❤️
8422,2026-01-13 00:42:00,acc2,I'm rewatching Haikyuu!! this weekend. 🔥,8416,😎
8423,2026-01-13 00:44:00,acc3,I'm rewatching Steins;Gate this weekend. 🎉,8415,❤️
8424,2026-01-13 00:46:00,acc4,I'm rewatching Fullmetal Alchemist this weekend. 😎,8415,👍
8425,2026-01-13 00:48:00,acc1,Who's your favorite character from Dragon Ball? 💯,8409,😎
8426,2026-01-13 00:50:00,acc2,My favorite moment in One Piece still gives me chills 🔥,,❤️
8427,2026-01-13 00:52:00,acc3,My favorite moment in Frieren still gives me chills 😎,8415,🔥
8428,2026-01-13 00:54:00,acc4,That animation quality was insane! 😎,8420,
8429,2026-01-13 00:56:00,acc1,That animation quality was insane! 👀,,
8430,2026-01-13 00:58:00,acc2,I'm rewatching One Piece this weekend. 👀,,
8431,2026-01-13 01:00:00,acc3,Anyone watching Hunter x Hunter lately? 🤔,,❤️
8432,2026-01-13 01:02:00,acc4,Anyone watching Dragon Ball lately? ❤️,,😭
8433,2026-01-13 01:04:00,acc1,Anyone watching Haikyuu!! lately? ⚡,,❤️
8434,2026-01-13 01:06:00,acc2,Who's your favorite character from Haikyuu!!? ✨,8422,😎
8435,2026-01-13 01:08:00,acc3,Opening theme has been stuck in my head. 📚,8421,😎
8436,2026-01-13 01:10:00,acc4,My favorite moment in Frieren still gives me chills ✨,8429,💯
8437,2026-01-13 01:12:00,acc1,Who's your favorite character from Jujutsu Kaisen? 😎,,👏
8438,2026-01-13 01:14:00,acc2,I'm rewatching My Hero Academia this weekend. ⚡,,🔥
8439,2026-01-13 01:16:00,acc3,Anyone watching Vinland Saga lately? 🔥,8432,❤️
8440,2026-01-13 01:18:00,acc4,Who's your favorite character from Vinland Saga? 👀,8431,😂
8441,2026-01-13 01:20:00,acc1,My favorite moment in Fullmetal Alchemist still gives me chills 😀,,💯
8442,2026-01-13 01:22:00,acc2,I'm rewatching Vinland Saga this weekend. ❤️,,😎
8443,2026-01-13 01:24:00,acc3,I think today's episode was incredible! ❤️,8431,👍
8444,2026-01-13 01:26:00,acc4,I think today's episode was incredible! 🎉,8429,😂
8445,2026-01-13 01:28:00,acc1,That animation quality was insane! 🤔,8440,😮
8446,2026-01-13 01:30:00,acc2,That animation quality was insane! 🤔,,😭
8447,2026-01-13 01:32:00,acc3,My favorite moment in Attack on Titan still gives me chills 🎉,8444,❤️
8448,2026-01-13 01:34:00,acc4,My favorite moment in Jujutsu Kaisen still gives me chills 😀,8442,👍
8449,2026-01-13 01:36:00,acc1,Opening theme has been stuck in my head. 🎉,,👏
8450,2026-01-13 01:38:00,acc2,Random anime fact: One Piece is among the best-selling manga series. 🎉,8448,💯
8451,2026-01-13 01:40:00,acc3,I think today's episode was incredible! 🔥,8436,👏
8452,2026-01-13 01:42:00,acc4,I think today's episode was incredible! ❤️,8445,😎
8453,2026-01-13 01:44:00,acc1,No spoilers please! 🍜,,😎
8454,2026-01-13 01:46:00,acc2,"Quote of the day: ""Keep moving forward."" 🙌",8451,😮
8455,2026-01-13 01:48:00,acc3,Opening theme has been stuck in my head. 🔥,8449,😭
8456,2026-01-13 01:50:00,acc4,My favorite moment in Dragon Ball still gives me chills 🍜,8440,❤️
8457,2026-01-13 01:52:00,acc1,Opening theme has been stuck in my head. ✨,8441,
8458,2026-01-13 01:54:00,acc2,"Quote of the day: ""People's dreams never end."" 😀",8455,💯
8459,2026-01-13 01:56:00,acc3,Opening theme has been stuck in my head. 🍜,8443,❤️
8460,2026-01-13 01:58:00,acc4,I think today's episode was incredible! 😭,8446,👏
8461,2026-01-13 02:00:00,acc1,Opening theme has been stuck in my head. 😀,,👏
8462,2026-01-13 02:02:00,acc2,Opening theme has been stuck in my head. 🙌,8450,💯
8463,2026-01-13 02:04:00,acc3,My favorite moment in Fullmetal Alchemist still gives me chills 🍜,8459,
8464,2026-01-13 02:06:00,acc4,No spoilers please! 🎉,,😮
8465,2026-01-13 02:08:00,acc1,Opening theme has been stuck in my head. 😭,8455,❤️
8466,2026-01-13 02:10:00,acc2,I'm rewatching Vinland Saga this weekend. 😭,8457,❤️
8467,2026-01-13 02:12:00,acc3,Random anime fact: Many anime openings become chart-topping songs. 🤔,8462,
8468,2026-01-13 02:14:00,acc4,That animation quality was insane! 🙌,8457,😮
8469,2026-01-13 02:16:00,acc1,My favorite moment in My Hero Academia still gives me chills 🙌,8457,❤️
8470,2026-01-13 02:18:00,acc2,Random anime fact: Studio Ghibli films are famous for hand-drawn animation. 🍜,8466,😭
8471,2026-01-13 02:20:00,acc3,No spoilers please! 🎉,8462,👏
8472,2026-01-13 02:22:00,acc4,Random anime fact: Did you know? Anime is often adapted from manga or light novels. 😭,,😎
8473,2026-01-13 02:24:00,acc1,That animation quality was insane! ✨,,
8474,2026-01-13 02:26:00,acc2,Opening theme has been stuck in my head. ❤️,,
8475,2026-01-13 02:28:00,acc3,I'm rewatching Fullmetal Alchemist this weekend. 😀,8472,❤️
8476,2026-01-13 02:30:00,acc4,"Quote of the day: ""People's dreams never end."" 😂",,
8477,2026-01-13 02:32:00,acc1,Random anime fact: Voice actors in Japan are called seiyuu. 📚,8473,❤️
8478,2026-01-13 02:34:00,acc2,Random anime fact: Did you know? Anime is often adapted from manga or light novels. 😭,,😎
8479,2026-01-13 02:36:00,acc3,I think today's episode was incredible! 🎉,8477,😂
8480,2026-01-13 02:38:00,acc4,"Quote of the day: ""A lesson without pain is meaningless."" ⚡",,😎
8481,2026-01-13 02:40:00,acc1,Who's your favorite character from One Piece? 🤔,,😎
8482,2026-01-13 02:42:00,acc2,My favorite moment in Frieren still gives me chills 🍜,8466,
8483,2026-01-13 02:44:00,acc3,No spoilers please! 😭,,😭
8484,2026-01-13 02:46:00,acc4,I'm rewatching My Hero Academia this weekend. 😀,8468,
8485,2026-01-13 02:48:00,acc1,No spoilers please! 👀,8482,😮
8486,2026-01-13 02:50:00,acc2,I'm rewatching Haikyuu!! this weekend. 😂,,
8487,2026-01-13 02:52:00,acc3,Anyone watching Dragon Ball lately? 🎉,,👏
8488,2026-01-13 02:54:00,acc4,I'm rewatching Haikyuu!! this weekend. 🤔,8474,❤️
8489,2026-01-13 02:56:00,acc1,Random anime fact: Many anime openings become chart-topping songs. 😀,8478,😭
8490,2026-01-13 02:58:00,acc2,Anyone watching Solo Leveling lately? 😀,8478,😮
8491,2026-01-13 03:00:00,acc3,That animation quality was insane! 🍜,8475,👏
8492,2026-01-13 03:02:00,acc4,That animation quality was insane! 🤔,,😂
8493,2026-01-13 03:04:00,acc1,I think today's episode was incredible! ⚡,8479,😎
8494,2026-01-13 03:06:00,acc2,"Quote of the day: ""People's dreams never end."" 🤔",8479,🔥
8495,2026-01-13 03:08:00,acc3,Anyone watching Death Note lately? 🙌,8489,😭
8496,2026-01-13 03:10:00,acc4,Who's your favorite character from Demon Slayer? 🔥,8489,🔥
8497,2026-01-13 03:12:00,acc1,I'm rewatching Jujutsu Kaisen this weekend. 📚,8487,😭
8498,2026-01-13 03:14:00,acc2,That animation quality was insane! 📚,,😎
8499,2026-01-13 03:16:00,acc3,My favorite moment in Solo Leveling still gives me chills 😎,8487,😎
8500,2026-01-13 03:18:00,acc4,No spoilers please! 💯,8492,👍
8501,2026-01-13 03:20:00,acc1,Who's your favorite character from Death Note? ⚡,,👏
8502,2026-01-13 03:22:00,acc2,I think today's episode was incredible! ✨,,😮
8503,2026-01-13 03:24:00,acc3,Who's your favorite character from Dragon Ball? 🔥,,
8504,2026-01-13 03:26:00,acc4,Random anime fact: Studio Ghibli films are famous for hand-drawn animation. ✨,8497,😎
8505,2026-01-13 03:28:00,acc1,Random anime fact: Did you know? Anime is often adapted from manga or light novels. 🤔,,😎
8506,2026-01-13 03:30:00,acc2,My favorite moment in Death Note still gives me chills 😂,8497,😎
8507,2026-01-13 03:32:00,acc3,My favorite moment in Haikyuu!! still gives me chills 💯,,😎
8508,2026-01-13 03:34:00,acc4,Who's your favorite character from Death Note? ⚡,,💯
8509,2026-01-13 03:36:00,acc1,My favorite moment in Fullmetal Alchemist still gives me chills 💯,8493,🔥
8510,2026-01-13 03:38:00,acc2,Random anime fact: Attack on Titan changed many viewers' expectations of anime. ⚡,8507,
8511,2026-01-13 03:40:00,acc3,No spoilers please! 💯,8503,💯
8512,2026-01-13 03:42:00,acc4,Random anime fact: Many anime openings become chart-topping songs. 🙌,8501,👍
8513,2026-01-13 03:44:00,acc1,That animation quality was insane! 😎,,❤️
8514,2026-01-13 03:46:00,acc2,That animation quality was insane! 🎉,,😎
8515,2026-01-13 03:48:00,acc3,"Quote of the day: ""People's dreams never end."" 🤔",,❤️
8516,2026-01-13 03:50:00,acc4,No spoilers please! 🙌,,
8517,2026-01-13 03:52:00,acc1,That animation quality was insane! ✨,8507,👏
8518,2026-01-13 03:54:00,acc2,That animation quality was insane! 😭,8514,❤️
8519,2026-01-13 03:56:00,acc3,"Quote of the day: ""Power comes in response to a need."" 👀",8510,👍
8520,2026-01-13 03:58:00,acc4,Random anime fact: Many anime openings become chart-topping songs. 🤔,,😮
8521,2026-01-13 04:00:00,acc1,That animation quality was insane! 😎,8510,👏
8522,2026-01-13 04:02:00,acc2,I'm rewatching Jujutsu Kaisen this weekend. 🤔,8518,🔥
8523,2026-01-13 04:04:00,acc3,"Quote of the day: ""The world isn't perfect, but it's beautiful."" ✨",,😂
8524,2026-01-13 04:06:00,acc4,"Quote of the day: ""People's dreams never end."" 😂",8516,👍
8525,2026-01-13 04:08:00,acc1,Who's your favorite character from Naruto? 🙌,8509,👍
8526,2026-01-13 04:10:00,acc2,I think today's episode was incredible! 🍜,,😭
8527,2026-01-13 04:12:00,acc3,No spoilers please! 🔥,,
8528,2026-01-13 04:14:00,acc4,My favorite moment in Bleach still gives me chills 💯,8525,🔥
8529,2026-01-13 04:16:00,acc1,Who's your favorite character from Vinland Saga? 🎉,8516,👏
8530,2026-01-13 04:18:00,acc2,Opening theme has been stuck in my head. 😭,8526,😭
8531,2026-01-13 04:20:00,acc3,I'm rewatching Fullmetal Alchemist this weekend. 🎉,8523,😮
8532,2026-01-13 04:22:00,acc4,My favorite moment in Solo Leveling still gives me chills ⚡,8519,😭
8533,2026-01-13 04:24:00,acc1,Who's your favorite character from Naruto? 😎,,
8534,2026-01-13 04:26:00,acc2,Opening theme has been stuck in my head. ✨,8527,👍
8535,2026-01-13 04:28:00,acc3,Who's your favorite character from Haikyuu!!? 👀,8522,👍
8536,2026-01-13 04:30:00,acc4,That animation quality was insane! 😎,8525,😎
8537,2026-01-13 04:32:00,acc1,Who's your favorite character from Death Note? 😎,,🔥
8538,2026-01-13 04:34:00,acc2,Who's your favorite character from Bleach? 💯,8532,👍
8539,2026-01-13 04:36:00,acc3,"Quote of the day: ""Power comes in response to a need."" 👀",8536,👍
8540,2026-01-13 04:38:00,acc4,Random anime fact: Many anime openings become chart-topping songs. 🔥,,❤️
8541,2026-01-13 04:40:00,acc1,No spoilers please! 🔥,,🔥
8542,2026-01-13 04:42:00,acc2,I think today's episode was incredible! 😀,,❤️
8543,2026-01-13 04:44:00,acc3,"Quote of the day: ""Power comes in response to a need."" 🔥",8527,😎
8544,2026-01-13 04:46:00,acc4,My favorite moment in My Hero Academia still gives me chills 🤔,8540,👍
8545,2026-01-13 04:48:00,acc1,That animation quality was insane! 🙌,,🔥
8546,2026-01-13 04:50:00,acc2,Who's your favorite character from Frieren? 🙌,,💯
8547,2026-01-13 04:52:00,acc3,That animation quality was insane! 😎,,🔥
8548,2026-01-13 04:54:00,acc4,"Quote of the day: ""A lesson without pain is meaningless."" 🔥",8540,👏
8549,2026-01-13 04:56:00,acc1,That animation quality was insane! 🙌,8540,🔥
8550,2026-01-13 04:58:00,acc2,I think today's episode was incredible! ✨,8535,
8551,2026-01-13 05:00:00,acc3,I think today's episode was incredible! 🎉,8544,💯
8552,2026-01-13 05:02:00,acc4,My favorite moment in Jujutsu Kaisen still gives me chills ❤️,8546,❤️
8553,2026-01-13 05:04:00,acc1,No spoilers please! ✨,8540,
8554,2026-01-13 05:06:00,acc2,I'm rewatching Demon Slayer this weekend. 😀,8542,❤️
8555,2026-01-13 05:08:00,acc3,That animation quality was insane! 😀,8539,😭
8556,2026-01-13 05:10:00,acc4,Who's your favorite character from Death Note? 🍜,,👏
8557,2026-01-13 05:12:00,acc1,Opening theme has been stuck in my head. 🤔,8542,❤️
8558,2026-01-13 05:14:00,acc2,That animation quality was insane! 🎉,8555,😭
8559,2026-01-13 05:16:00,acc3,Who's your favorite character from Fullmetal Alchemist? 🔥,,😮
8560,2026-01-13 05:18:00,acc4,"Quote of the day: ""The world isn't perfect, but it's beautiful."" 📚",8548,💯
8561,2026-01-13 05:20:00,acc1,My favorite moment in Frieren still gives me chills ❤️,8557,
8562,2026-01-13 05:22:00,acc2,I think today's episode was incredible! ✨,8553,😂
8563,2026-01-13 05:24:00,acc3,I'm rewatching Haikyuu!! this weekend. 🙌,,😂
8564,2026-01-13 05:26:00,acc4,Random anime fact: Many anime openings become chart-topping songs. 👀,,😂
8565,2026-01-13 05:28:00,acc1,"Quote of the day: ""People's dreams never end."" 🔥",8556,😂
8566,2026-01-13 05:30:00,acc2,That animation quality was insane! 😭,8564,😮
8567,2026-01-13 05:32:00,acc3,Opening theme has been stuck in my head. 💯,8560,
8568,2026-01-13 05:34:00,acc4,That animation quality was insane! 👀,8565,😮
8569,2026-01-13 05:36:00,acc1,That animation quality was insane! 🤔,,
8570,2026-01-13 05:38:00,acc2,My favorite moment in Solo Leveling still gives me chills 😂,8568,😎
8571,2026-01-13 05:40:00,acc3,Anyone watching Death Note lately? 😀,8557,😂
8572,2026-01-13 05:42:00,acc4,Random anime fact: Did you know? Anime is often adapted from manga or light novels. ❤️,8556,😎
8573,2026-01-13 05:44:00,acc1,Anyone watching Hunter x Hunter lately? 😭,8565,👍
8574,2026-01-13 05:46:00,acc2,I'm rewatching Frieren this weekend. 😂,,👍
8575,2026-01-13 05:48:00,acc3,No spoilers please! 🍜,,😭
8576,2026-01-13 05:50:00,acc4,My favorite moment in Dragon Ball still gives me chills 🙌,8574,😭
8577,2026-01-13 05:52:00,acc1,That animation quality was insane! 🎉,,👍
8578,2026-01-13 05:54:00,acc2,No spoilers please! 💯,,💯
8579,2026-01-13 05:56:00,acc3,"Quote of the day: ""The world isn't perfect, but it's beautiful."" 📚",,👍
8580,2026-01-13 05:58:00,acc4,Who's your favorite character from Hunter x Hunter? 🔥,8569,👍
8581,2026-01-13 06:00:00,acc1,I'm rewatching Haikyuu!! this weekend. 🙌,8565,👏
8582,2026-01-13 06:02:00,acc2,That animation quality was insane! 💯,8570,👏
8583,2026-01-13 06:04:00,acc3,That animation quality was insane! ✨,,💯
8584,2026-01-13 06:06:00,acc4,My favorite moment in Steins;Gate still gives me chills 🍜,,😎
8585,2026-01-13 06:08:00,acc1,Anyone watching Frieren lately? 😀,8570,🔥
8586,2026-01-13 06:10:00,acc2,No spoilers please! ⚡,,❤️
8587,2026-01-13 06:12:00,acc3,Random anime fact: One Piece is among the best-selling manga series. ✨,,😂
8588,2026-01-13 06:14:00,acc4,"Quote of the day: ""Keep moving forward."" 🙌",,💯
8589,2026-01-13 06:16:00,acc1,"Quote of the day: ""A lesson without pain is meaningless."" 🍜",8577,👏
8590,2026-01-13 06:18:00,acc2,My favorite moment in Naruto still gives me chills 😎,8580,👏
8591,2026-01-13 06:20:00,acc3,That animation quality was insane! 🍜,,👍
8592,2026-01-13 06:22:00,acc4,My favorite moment in Naruto still gives me chills 👀,8577,😎
8593,2026-01-13 06:24:00,acc1,Opening theme has been stuck in my head. ⚡,8586,🔥
8594,2026-01-13 06:26:00,acc2,Opening theme has been stuck in my head. 💯,,👍
8595,2026-01-13 06:28:00,acc3,That animation quality was insane! 💯,8593,🔥
8596,2026-01-13 06:30:00,acc4,I think today's episode was incredible! 💯,8580,👍
8597,2026-01-13 06:32:00,acc1,I think today's episode was incredible! 🎉,8582,🔥
8598,2026-01-13 06:34:00,acc2,No spoilers please! 🙌,,🔥
8599,2026-01-13 06:36:00,acc3,Who's your favorite character from Death Note? 😎,,😎
8600,2026-01-13 06:38:00,acc4,"Quote of the day: ""People's dreams never end."" 💯",8585,🔥
8601,2026-01-13 06:40:00,acc1,My favorite moment in Dragon Ball still gives me chills 🍜,8589,😂
8602,2026-01-13 06:42:00,acc2,Who's your favorite character from Hunter x Hunter? 🙌,8593,👍
8603,2026-01-13 06:44:00,acc3,"Quote of the day: ""The world isn't perfect, but it's beautiful."" ❤️",8594,👍
8604,2026-01-13 06:46:00,acc4,"Quote of the day: ""The world isn't perfect, but it's beautiful."" 🤔",,👏
8605,2026-01-13 06:48:00,acc1,My favorite moment in Frieren still gives me chills ⚡,,
8606,2026-01-13 06:50:00,acc2,Random anime fact: Did you know? Anime is often adapted from manga or light novels. ✨,8592,😭
8607,2026-01-13 06:52:00,acc3,Opening theme has been stuck in my head. 🍜,8600,👍
8608,2026-01-13 06:54:00,acc4,My favorite moment in Vinland Saga still gives me chills 😎,8601,💯
8609,2026-01-13 06:56:00,acc1,That animation quality was insane! 😭,8594,❤️
8610,2026-01-13 06:58:00,acc2,My favorite moment in Demon Slayer still gives me chills 🔥,8601,👏
8611,2026-01-13 07:00:00,acc3,No spoilers please! 🤔,8595,
8612,2026-01-13 07:02:00,acc4,That animation quality was insane! ❤️,,😮
8613,2026-01-13 07:04:00,acc1,Opening theme has been stuck in my head. 😭,,💯
8614,2026-01-13 07:06:00,acc2,That animation quality was insane! 🤔,8601,😮
8615,2026-01-13 07:08:00,acc3,Opening theme has been stuck in my head. 🎉,8613,😮
8616,2026-01-13 07:10:00,acc4,Opening theme has been stuck in my head. 😭,8609,😂
8617,2026-01-13 07:12:00,acc1,"Quote of the day: ""Keep moving forward."" 🎉",,🔥
8618,2026-01-13 07:14:00,acc2,No spoilers please! 💯,8607,💯
8619,2026-01-13 07:16:00,acc3,My favorite moment in Hunter x Hunter still gives me chills 👀,8616,👍
8620,2026-01-13 07:18:00,acc4,No spoilers please! ✨,,❤️
8621,2026-01-13 07:20:00,acc1,I'm rewatching Demon Slayer this weekend. 📚,8617,😭
8622,2026-01-13 07:22:00,acc2,Opening theme has been stuck in my head. ⚡,8616,🔥
8623,2026-01-13 07:24:00,acc3,My favorite moment in Jujutsu Kaisen still gives me chills ✨,,😭
8624,2026-01-13 07:26:00,acc4,My favorite moment in Bleach still gives me chills 💯,,🔥
8625,2026-01-13 07:28:00,acc1,I'm rewatching Frieren this weekend. 😀,8615,❤️
8626,2026-01-13 07:30:00,acc2,Who's your favorite character from Death Note? ⚡,,
8627,2026-01-13 07:32:00,acc3,No spoilers please! 💯,,👍
8628,2026-01-13 07:34:00,acc4,"Quote of the day: ""People's dreams never end."" ❤️",,😂
8629,2026-01-13 07:36:00,acc1,Anyone watching Attack on Titan lately? 👀,,👍
8630,2026-01-13 07:38:00,acc2,Opening theme has been stuck in my head. 🍜,,👏
8631,2026-01-13 07:40:00,acc3,I'm rewatching Bleach this weekend. ⚡,8619,😮
8632,2026-01-13 07:42:00,acc4,That animation quality was insane! 🙌,8621,💯
8633,2026-01-13 07:44:00,acc1,No spoilers please! 😭,8618,👏
8634,2026-01-13 07:46:00,acc2,Opening theme has been stuck in my head. 🤔,8622,😭
8635,2026-01-13 07:48:00,acc3,Who's your favorite character from Naruto? 😂,8630,❤️
8636,2026-01-13 07:50:00,acc4,Anyone watching Demon Slayer lately? 🎉,8632,🔥
8637,2026-01-13 07:52:00,acc1,That animation quality was insane! 🍜,,❤️
8638,2026-01-13 07:54:00,acc2,No spoilers please! 😭,8624,💯
8639,2026-01-13 07:56:00,acc3,My favorite moment in Haikyuu!! still gives me chills 👀,,
8640,2026-01-13 07:58:00,acc4,I'm rewatching Demon Slayer this weekend. 🍜,8634,😎
8641,2026-01-13 08:00:00,acc1,I'm rewatching Vinland Saga this weekend. 🤔,8637,😮
8642,2026-01-13 08:02:00,acc2,I'm rewatching Vinland Saga this weekend. ⚡,8631,
8643,2026-01-13 08:04:00,acc3,"Quote of the day: ""The world isn't perfect, but it's beautiful."" ⚡",8639,😎
8644,2026-01-13 08:06:00,acc4,Anyone watching One Piece lately? 🤔,8634,😎
8645,2026-01-13 08:08:00,acc1,I'm rewatching Jujutsu Kaisen this weekend. 🎉,,🔥
8646,2026-01-13 08:10:00,acc2,Who's your favorite character from Hunter x Hunter? 🎉,8644,😂
8647,2026-01-13 08:12:00,acc3,That animation quality was insane! ✨,8638,👍
8648,2026-01-13 08:14:00,acc4,I think today's episode was incredible! 📚,,💯
8649,2026-01-13 08:16:00,acc1,My favorite moment in One Piece still gives me chills 🔥,8647,🔥
8650,2026-01-13 08:18:00,acc2,Anyone watching Jujutsu Kaisen lately? ❤️,8642,😭
8651,2026-01-13 08:20:00,acc3,Anyone watching Demon Slayer lately? ✨,8646,😂
8652,2026-01-13 08:22:00,acc4,Opening theme has been stuck in my head. 😭,8636,😎
8653,2026-01-13 08:24:00,acc1,Opening theme has been stuck in my head. ⚡,8648,❤️
8654,2026-01-13 08:26:00,acc2,My favorite moment in One Piece still gives me chills ❤️,,😮
8655,2026-01-13 08:28:00,acc3,My favorite moment in Hunter x Hunter still gives me chills 👀,8646,😮
8656,2026-01-13 08:30:00,acc4,Who's your favorite character from My Hero Academia? 📚,8646,😭
8657,2026-01-13 08:32:00,acc1,Random anime fact: Did you know? Anime is often adapted from manga or light novels. 🎉,,😎
8658,2026-01-13 08:34:00,acc2,Who's your favorite character from Solo Leveling? ❤️,,👏
8659,2026-01-13 08:36:00,acc3,That animation quality was insane! 😂,8653,💯
8660,2026-01-13 08:38:00,acc4,No spoilers please! 😀,8646,😎
8661,2026-01-13 08:40:00,acc1,"Quote of the day: ""People's dreams never end."" 📚",,❤️
8662,2026-01-13 08:42:00,acc2,Anyone watching Dragon Ball lately? ⚡,,
8663,2026-01-13 08:44:00,acc3,I'm rewatching Bleach this weekend. 😂,,😮
8664,2026-01-13 08:46:00,acc4,Opening theme has been stuck in my head. 👀,,👍
8665,2026-01-13 08:48:00,acc1,Opening theme has been stuck in my head. 🍜,8659,👍
8666,2026-01-13 08:50:00,acc2,My favorite moment in Jujutsu Kaisen still gives me chills ❤️,8659,💯
8667,2026-01-13 08:52:00,acc3,Who's your favorite character from Naruto? ❤️,,❤️
8668,2026-01-13 08:54:00,acc4,I'm rewatching Death Note this weekend. 😂,8656,❤️
8669,2026-01-13 08:56:00,acc1,Who's your favorite character from Steins;Gate? 🤔,,😂
8670,2026-01-13 08:58:00,acc2,Opening theme has been stuck in my head. 🤔,,😮
8671,2026-01-13 09:00:00,acc3,"Quote of the day: ""The world isn't perfect, but it's beautiful."" 😭",,🔥
8672,2026-01-13 09:02:00,acc4,That animation quality was insane! ✨,8664,💯
8673,2026-01-13 09:04:00,acc1,Who's your favorite character from Solo Leveling? ⚡,,👏
8674,2026-01-13 09:06:00,acc2,Opening theme has been stuck in my head. 😂,,👏
8675,2026-01-13 09:08:00,acc3,Anyone watching Hunter x Hunter lately? ⚡,8669,💯
8676,2026-01-13 09:10:00,acc4,No spoilers please! ⚡,8673,🔥
8677,2026-01-13 09:12:00,acc1,I think today's episode was incredible! 🎉,,😮
8678,2026-01-13 09:14:00,acc2,I think today's episode was incredible! 😂,,👍
8679,2026-01-13 09:16:00,acc3,I think today's episode was incredible! ❤️,8664,😎
8680,2026-01-13 09:18:00,acc4,Opening theme has been stuck in my head. ❤️,,😮
8681,2026-01-13 09:20:00,acc1,"Quote of the day: ""People's dreams never end."" 🎉",,😭
8682,2026-01-13 09:22:00,acc2,Opening theme has been stuck in my head. 😎,8667,😂
8683,2026-01-13 09:24:00,acc3,Who's your favorite character from Vinland Saga? ✨,8678,👍
8684,2026-01-13 09:26:00,acc4,Anyone watching Attack on Titan lately? 💯,,
8685,2026-01-13 09:28:00,acc1,Opening theme has been stuck in my head. ❤️,8671,🔥
8686,2026-01-13 09:30:00,acc2,"Quote of the day: ""Power comes in response to a need."" 👀",,😎
8687,2026-01-13 09:32:00,acc3,My favorite moment in Vinland Saga still gives me chills 🙌,,
8688,2026-01-13 09:34:00,acc4,My favorite moment in Demon Slayer still gives me chills 👀,,🔥
8689,2026-01-13 09:36:00,acc1,"Quote of the day: ""The world isn't perfect, but it's beautiful."" 🔥",8674,😎
8690,2026-01-13 09:38:00,acc2,Who's your favorite character from Fullmetal Alchemist? 🔥,,💯
8691,2026-01-13 09:40:00,acc3,I'm rewatching Death Note this weekend. ⚡,,
8692,2026-01-13 09:42:00,acc4,My favorite moment in Vinland Saga still gives me chills 👀,,😂
8693,2026-01-13 09:44:00,acc1,I think today's episode was incredible! 🙌,8680,🔥
8694,2026-01-13 09:46:00,acc2,I think today's episode was incredible! 📚,,💯
8695,2026-01-13 09:48:00,acc3,I'm rewatching Demon Slayer this weekend. 🍜,8690,😮
8696,2026-01-13 09:50:00,acc4,Who's your favorite character from Dragon Ball? 🎉,8694,👍
8697,2026-01-13 09:52:00,acc1,I'm rewatching Steins;Gate this weekend. 🎉,8682,💯
8698,2026-01-13 09:54:00,acc2,Random anime fact: Attack on Titan changed many viewers' expectations of anime. ✨,,😂
8699,2026-01-13 09:56:00,acc3,Random anime fact: Studio Ghibli films are famous for hand-drawn animation. ✨,8684,💯
8700,2026-01-13 09:58:00,acc4,I'm rewatching Fullmetal Alchemist this weekend. 👀,,😎
8701,2026-01-13 10:00:00,acc1,I'm rewatching Vinland Saga this weekend. 💯,8687,😂
8702,2026-01-13 10:02:00,acc2,Random anime fact: Voice actors in Japan are called seiyuu. 😎,8689,😭
8703,2026-01-13 10:04:00,acc3,My favorite moment in Fullmetal Alchemist still gives me chills 🙌,,😮
8704,2026-01-13 10:06:00,acc4,No spoilers please! 🔥,8701,😎
8705,2026-01-13 10:08:00,acc1,Anyone watching Steins;Gate lately? 👀,,😭
8706,2026-01-13 10:10:00,acc2,That animation quality was insane! ⚡,,😮
8707,2026-01-13 10:12:00,acc3,I'm rewatching Steins;Gate this weekend. 🤔,8701,👍
8708,2026-01-13 10:14:00,acc4,I think today's episode was incredible! 🔥,,
8709,2026-01-13 10:16:00,acc1,Who's your favorite character from Hunter x Hunter? 😎,8703,😎
8710,2026-01-13 10:18:00,acc2,Opening theme has been stuck in my head. 😂,8699,👏
8711,2026-01-13 10:20:00,acc3,I'm rewatching One Piece this weekend. ⚡,,😮
8712,2026-01-13 10:22:00,acc4,My favorite moment in Death Note still gives me chills 🎉,8706,😭
8713,2026-01-13 10:24:00,acc1,I think today's episode was incredible! 🔥,8697,❤️
8714,2026-01-13 10:26:00,acc2,Who's your favorite character from Vinland Saga? 😀,,😭
8715,2026-01-13 10:28:00,acc3,Who's your favorite character from My Hero Academia? 👀,8706,😂
8716,2026-01-13 10:30:00,acc4,Random anime fact: Attack on Titan changed many viewers' expectations of anime. 👀,,👏
8717,2026-01-13 10:32:00,acc1,I think today's episode was incredible! 😀,8709,😂
8718,2026-01-13 10:34:00,acc2,Random anime fact: Attack on Titan changed many viewers' expectations of anime. ✨,,😭
8719,2026-01-13 10:36:00,acc3,Random anime fact: Attack on Titan changed many viewers' expectations of anime. ✨,,👍
8720,2026-01-13 10:38:00,acc4,My favorite moment in Jujutsu Kaisen still gives me chills 💯,,
8721,2026-01-13 10:40:00,acc1,I think today's episode was incredible! 💯,8712,
8722,2026-01-13 10:42:00,acc2,Random anime fact: Voice actors in Japan are called seiyuu. 🙌,8718,
8723,2026-01-13 10:44:00,acc3,Random anime fact: Attack on Titan changed many viewers' expectations of anime. 😀,,👍
8724,2026-01-13 10:46:00,acc4,I'm rewatching One Piece this weekend. 🔥,8722,😂
8725,2026-01-13 10:48:00,acc1,Opening theme has been stuck in my head. 🎉,8723,😎
8726,2026-01-13 10:50:00,acc2,Who's your favorite character from Hunter x Hunter? 🙌,8712,💯
8727,2026-01-13 10:52:00,acc3,Random anime fact: Voice actors in Japan are called seiyuu. 🍜,,😎
8728,2026-01-13 10:54:00,acc4,Anyone watching One Piece lately? ⚡,,😭
8729,2026-01-13 10:56:00,acc1,I think today's episode was incredible! 🎉,,💯
8730,2026-01-13 10:58:00,acc2,Anyone watching Solo Leveling lately? 😭,8728,😎
8731,2026-01-13 11:00:00,acc3,Anyone watching Dragon Ball lately? 💯,8716,👏
8732,2026-01-13 11:02:00,acc4,No spoilers please! 💯,,💯
8733,2026-01-13 11:04:00,acc1,Opening theme has been stuck in my head. 👀,8728,😮
8734,2026-01-13 11:06:00,acc2,I'm rewatching Steins;Gate this weekend. 🎉,,
8735,2026-01-13 11:08:00,acc3,No spoilers please! 😎,8722,😭
8736,2026-01-13 11:10:00,acc4,Anyone watching Jujutsu Kaisen lately? 👀,8722,👏
8737,2026-01-13 11:12:00,acc1,"Quote of the day: ""Power comes in response to a need."" ✨",,🔥
8738,2026-01-13 11:14:00,acc2,That animation quality was insane! ✨,8723,👏
8739,2026-01-13 11:16:00,acc3,Opening theme has been stuck in my head. 🎉,8737,👏
8740,2026-01-13 11:18:00,acc4,Opening theme has been stuck in my head. 🎉,,😭
8741,2026-01-13 11:20:00,acc1,Opening theme has been stuck in my head. 😂,8736,👍
8742,2026-01-13 11:22:00,acc2,That animation quality was insane! ❤️,8740,👏
8743,2026-01-13 11:24:00,acc3,"Quote of the day: ""The world isn't perfect, but it's beautiful."" 🔥",,👏
8744,2026-01-13 11:26:00,acc4,No spoilers please! ✨,8734,💯
8745,2026-01-13 11:28:00,acc1,"Quote of the day: ""Power comes in response to a need."" 💯",8729,💯
8746,2026-01-13 11:30:00,acc2,Random anime fact: Did you know? Anime is often adapted from manga or light novels. 😎,8731,❤️
8747,2026-01-13 11:32:00,acc3,My favorite moment in Solo Leveling still gives me chills 👀,8742,💯
8748,2026-01-13 11:34:00,acc4,My favorite moment in Solo Leveling still gives me chills 🤔,8735,💯
8749,2026-01-13 11:36:00,acc1,My favorite moment in Haikyuu!! still gives me chills ✨,,❤️
8750,2026-01-13 11:38:00,acc2,Anyone watching Fullmetal Alchemist lately? 😀,8743,😎
8751,2026-01-13 11:40:00,acc3,That animation quality was insane! 😀,,😂
8752,2026-01-13 11:42:00,acc4,Random anime fact: Studio Ghibli films are famous for hand-drawn animation. ❤️,,😮
8753,2026-01-13 11:44:00,acc1,No spoilers please! 👀,,
8754,2026-01-13 11:46:00,acc2,I think today's episode was incredible! 🍜,,😭
8755,2026-01-13 11:48:00,acc3,"Quote of the day: ""Power comes in response to a need."" 🍜",,😎
8756,2026-01-13 11:50:00,acc4,I think today's episode was incredible! 😎,8744,😎
8757,2026-01-13 11:52:00,acc1,Who's your favorite character from Fullmetal Alchemist? 👀,,👍
8758,2026-01-13 11:54:00,acc2,Opening theme has been stuck in my head. 😭,,
8759,2026-01-13 11:56:00,acc3,"Quote of the day: ""Keep moving forward."" 🙌",,🔥
8760,2026-01-13 11:58:00,acc4,Random anime fact: One Piece is among the best-selling manga series. 👀,,💯
8761,2026-01-13 12:00:00,acc1,Anyone watching Frieren lately? 🙌,,👍
8762,2026-01-13 12:02:00,acc2,Anyone watching Solo Leveling lately? 👀,8752,😮
8763,2026-01-13 12:04:00,acc3,That animation quality was insane! 😀,,👍
8764,2026-01-13 12:06:00,acc4,I think today's episode was incredible! 😭,,👏
8765,2026-01-13 12:08:00,acc1,I think today's episode was incredible! 😭,,😭
8766,2026-01-13 12:10:00,acc2,I think today's episode was incredible! 🤔,8753,
8767,2026-01-13 12:12:00,acc3,That animation quality was insane! 🤔,,👏
8768,2026-01-13 12:14:00,acc4,I'm rewatching Steins;Gate this weekend. 😎,8753,😂
8769,2026-01-13 12:16:00,acc1,My favorite moment in Vinland Saga still gives me chills ✨,,😎
8770,2026-01-13 12:18:00,acc2,Anyone watching Haikyuu!! lately? 🔥,,😭
8771,2026-01-13 12:20:00,acc3,I'm rewatching Naruto this weekend. 😀,8763,❤️
8772,2026-01-13 12:22:00,acc4,"Quote of the day: ""The world isn't perfect, but it's beautiful."" 🔥",8758,👏
8773,2026-01-13 12:24:00,acc1,My favorite moment in Solo Leveling still gives me chills 😂,8768,
8774,2026-01-13 12:26:00,acc2,That animation quality was insane! ⚡,,👏
8775,2026-01-13 12:28:00,acc3,No spoilers please! ⚡,8763,😂
8776,2026-01-13 12:30:00,acc4,Anyone watching Steins;Gate lately? 😭,,😂
8777,2026-01-13 12:32:00,acc1,That animation quality was insane! 📚,,❤️
8778,2026-01-13 12:34:00,acc2,I think today's episode was incredible! 😎,8774,😭
8779,2026-01-13 12:36:00,acc3,My favorite moment in Dragon Ball still gives me chills 😭,,
8780,2026-01-13 12:38:00,acc4,Opening theme has been stuck in my head. 😀,8769,😮
8781,2026-01-13 12:40:00,acc1,Random anime fact: Studio Ghibli films are famous for hand-drawn animation. 😭,8779,👏
8782,2026-01-13 12:42:00,acc2,"Quote of the day: ""The world isn't perfect, but it's beautiful."" 🤔",8779,
8783,2026-01-13 12:44:00,acc3,Opening theme has been stuck in my head. 🎉,8779,👍
8784,2026-01-13 12:46:00,acc4,That animation quality was insane! 🙌,8779,😂
8785,2026-01-13 12:48:00,acc1,Anyone watching Steins;Gate lately? 🔥,8772,❤️
8786,2026-01-13 12:50:00,acc2,I'm rewatching Solo Leveling this weekend. 👀,,👏
8787,2026-01-13 12:52:00,acc3,I think today's episode was incredible! 😎,8783,😭
8788,2026-01-13 12:54:00,acc4,"Quote of the day: ""A lesson without pain is meaningless."" 😭",,
8789,2026-01-13 12:56:00,acc1,My favorite moment in Vinland Saga still gives me chills 😀,8775,😭
8790,2026-01-13 12:58:00,acc2,"Quote of the day: ""The world isn't perfect, but it's beautiful."" 🔥",8783,🔥
8791,2026-01-13 13:00:00,acc3,My favorite moment in Dragon Ball still gives me chills 😀,8785,😭
8792,2026-01-13 13:02:00,acc4,No spoilers please! 🤔,,🔥
8793,2026-01-13 13:04:00,acc1,I think today's episode was incredible! ❤️,8781,😂
8794,2026-01-13 13:06:00,acc2,No spoilers please! 💯,,🔥
8795,2026-01-13 13:08:00,acc3,Random anime fact: Many anime openings become chart-topping songs. 😀,,🔥
8796,2026-01-13 13:10:00,acc4,Who's your favorite character from Naruto? ⚡,,😭
8797,2026-01-13 13:12:00,acc1,"Quote of the day: ""Power comes in response to a need."" ❤️",,❤️
8798,2026-01-13 13:14:00,acc2,No spoilers please! 🙌,,💯
8799,2026-01-13 13:16:00,acc3,I'm rewatching Demon Slayer this weekend. 📚,,❤️
8800,2026-01-13 13:18:00,acc4,That animation quality was insane! ❤️,,😂
8801,2026-01-13 13:20:00,acc1,Opening theme has been stuck in my head. 🍜,,👏
8802,2026-01-13 13:22:00,acc2,"Quote of the day: ""The world isn't perfect, but it's beautiful."" 😭",8789,👍
8803,2026-01-13 13:24:00,acc3,That animation quality was insane! 😂,8795,😎
8804,2026-01-13 13:26:00,acc4,No spoilers please! 😂,,❤️
8805,2026-01-13 13:28:00,acc1,My favorite moment in Solo Leveling still gives me chills 😎,8801,👏
8806,2026-01-13 13:30:00,acc2,No spoilers please! ✨,,🔥
8807,2026-01-13 13:32:00,acc3,Opening theme has been stuck in my head. ⚡,8800,😮
8808,2026-01-13 13:34:00,acc4,I think today's episode was incredible! 💯,8806,💯
8809,2026-01-13 13:36:00,acc1,I think today's episode was incredible! 🔥,,😭
8810,2026-01-13 13:38:00,acc2,Random anime fact: Did you know? Anime is often adapted from manga or light novels. 😂,,😮
8811,2026-01-13 13:40:00,acc3,Who's your favorite character from Dragon Ball? 🙌,,😭
8812,2026-01-13 13:42:00,acc4,Opening theme has been stuck in my head. 🍜,8798,🔥
8813,2026-01-13 13:44:00,acc1,Who's your favorite character from One Piece? 🔥,8799,🔥
8814,2026-01-13 13:46:00,acc2,Who's your favorite character from My Hero Academia? 😭,,🔥
8815,2026-01-13 13:48:00,acc3,My favorite moment in Fullmetal Alchemist still gives me chills 📚,8808,
8816,2026-01-13 13:50:00,acc4,My favorite moment in My Hero Academia still gives me chills 📚,,👏
8817,2026-01-13 13:52:00,acc1,Anyone watching Jujutsu Kaisen lately? ⚡,8810,
8818,2026-01-13 13:54:00,acc2,I'm rewatching Fullmetal Alchemist this weekend. 😭,,😮
8819,2026-01-13 13:56:00,acc3,My favorite moment in Jujutsu Kaisen still gives me chills 🙌,8815,🔥
8820,2026-01-13 13:58:00,acc4,Opening theme has been stuck in my head. 😀,8804,😮
8821,2026-01-13 14:00:00,acc1,I think today's episode was incredible! 🍜,,👍
8822,2026-01-13 14:02:00,acc2,That animation quality was insane! 🍜,8814,💯
8823,2026-01-13 14:04:00,acc3,No spoilers please! ❤️,8812,🔥
8824,2026-01-13 14:06:00,acc4,I'm rewatching Death Note this weekend. 🔥,8820,😎
8825,2026-01-13 14:08:00,acc1,Opening theme has been stuck in my head. 🙌,,👏
8826,2026-01-13 14:10:00,acc2,No spoilers please! 😎,8823,👍
8827,2026-01-13 14:12:00,acc3,That animation quality was insane! 🍜,,😭
8828,2026-01-13 14:14:00,acc4,Opening theme has been stuck in my head. ❤️,,
8829,2026-01-13 14:16:00,acc1,Who's your favorite character from Demon Slayer? 😂,,❤️
8830,2026-01-13 14:18:00,acc2,"Quote of the day: ""Power comes in response to a need."" 🤔",,😮
8831,2026-01-13 14:20:00,acc3,No spoilers please! 😀,,😭
8832,2026-01-13 14:22:00,acc4,Random anime fact: Attack on Titan changed many viewers' expectations of anime. 🔥,,😮
8833,2026-01-13 14:24:00,acc1,Who's your favorite character from Steins;Gate? 🎉,,😮
8834,2026-01-13 14:26:00,acc2,That animation quality was insane! 🎉,8830,😮
8835,2026-01-13 14:28:00,acc3,Who's your favorite character from Frieren? 🙌,,👏
8836,2026-01-13 14:30:00,acc4,Opening theme has been stuck in my head. 🙌,,😂
8837,2026-01-13 14:32:00,acc1,My favorite moment in Haikyuu!! still gives me chills ⚡,,
8838,2026-01-13 14:34:00,acc2,No spoilers please! 📚,,💯
8839,2026-01-13 14:36:00,acc3,Random anime fact: Many anime openings become chart-topping songs. 😂,,
8840,2026-01-13 14:38:00,acc4,Random anime fact: Studio Ghibli films are famous for hand-drawn animation. 🤔,8835,
8841,2026-01-13 14:40:00,acc1,Anyone watching Attack on Titan lately? 🔥,8837,😭
8842,2026-01-13 14:42:00,acc2,Opening theme has been stuck in my head. 😀,8833,😎
8843,2026-01-13 14:44:00,acc3,"Quote of the day: ""Keep moving forward."" 👀",,😎
8844,2026-01-13 14:46:00,acc4,I'm rewatching Haikyuu!! this weekend. 🙌,,🔥
8845,2026-01-13 14:48:00,acc1,Opening theme has been stuck in my head. 🎉,8837,😂
8846,2026-01-13 14:50:00,acc2,I think today's episode was incredible! 📚,,🔥
8847,2026-01-13 14:52:00,acc3,Anyone watching Frieren lately? 🤔,,💯
8848,2026-01-13 14:54:00,acc4,My favorite moment in Attack on Titan still gives me chills 💯,,😂
8849,2026-01-13 14:56:00,acc1,That animation quality was insane! 😭,,😭
8850,2026-01-13 14:58:00,acc2,Random anime fact: Voice actors in Japan are called seiyuu. 📚,,😎
8851,2026-01-13 15:00:00,acc3,I think today's episode was incredible! 🍜,,👏
8852,2026-01-13 15:02:00,acc4,Opening theme has been stuck in my head. 👀,8839,👍
8853,2026-01-13 15:04:00,acc1,"Quote of the day: ""Power comes in response to a need."" 😭",,😮
8854,2026-01-13 15:06:00,acc2,Anyone watching Solo Leveling lately? 🤔,,😂
8855,2026-01-13 15:08:00,acc3,No spoilers please! 💯,8847,😮
8856,2026-01-13 15:10:00,acc4,Anyone watching Attack on Titan lately? 🔥,8854,
8857,2026-01-13 15:12:00,acc1,No spoilers please! 👀,8844,👍
8858,2026-01-13 15:14:00,acc2,Anyone watching Jujutsu Kaisen lately? 🔥,,😮
8859,2026-01-13 15:16:00,acc3,Opening theme has been stuck in my head. 😭,,💯
8860,2026-01-13 15:18:00,acc4,No spoilers please! 🔥,,💯
8861,2026-01-13 15:20:00,acc1,Anyone watching My Hero Academia lately? 💯,8854,😭
8862,2026-01-13 15:22:00,acc2,Who's your favorite character from Death Note? 🙌,8852,😂
8863,2026-01-13 15:24:00,acc3,Opening theme has been stuck in my head. 🤔,,❤️
8864,2026-01-13 15:26:00,acc4,I think today's episode was incredible! 🤔,8848,❤️
8865,2026-01-13 15:28:00,acc1,"Quote of the day: ""A lesson without pain is meaningless."" 😎",,😮
8866,2026-01-13 15:30:00,acc2,I'm rewatching Haikyuu!! this weekend. ❤️,,😭
8867,2026-01-13 15:32:00,acc3,Anyone watching Solo Leveling lately? 😎,,❤️
8868,2026-01-13 15:34:00,acc4,My favorite moment in Steins;Gate still gives me chills 🔥,,😮
8869,2026-01-13 15:36:00,acc1,Anyone watching Solo Leveling lately? 🔥,8858,👏
8870,2026-01-13 15:38:00,acc2,That animation quality was insane! 😂,8868,😎
8871,2026-01-13 15:40:00,acc3,Random anime fact: Studio Ghibli films are famous for hand-drawn animation. 😀,,
8872,2026-01-13 15:42:00,acc4,No spoilers please! 🤔,8867,💯
8873,2026-01-13 15:44:00,acc1,No spoilers please! 🔥,8869,
8874,2026-01-13 15:46:00,acc2,No spoilers please! 🎉,8866,💯
8875,2026-01-13 15:48:00,acc3,Anyone watching Haikyuu!! lately? ✨,,💯
8876,2026-01-13 15:50:00,acc4,I think today's episode was incredible! ✨,,😮
8877,2026-01-13 15:52:00,acc1,"Quote of the day: ""Power comes in response to a need."" 🔥",8867,❤️
8878,2026-01-13 15:54:00,acc2,"Quote of the day: ""The world isn't perfect, but it's beautiful."" 🍜",8862,😭
8879,2026-01-13 15:56:00,acc3,Random anime fact: One Piece is among the best-selling manga series. 🙌,8863,👏
8880,2026-01-13 15:58:00,acc4,Anyone watching Naruto lately? 😎,8871,
8881,2026-01-13 16:00:00,acc1,No spoilers please! ⚡,8866,👍
8882,2026-01-13 16:02:00,acc2,My favorite moment in Steins;Gate still gives me chills 👀,8878,
8883,2026-01-13 16:04:00,acc3,Who's your favorite character from One Piece? 🍜,,😮
8884,2026-01-13 16:06:00,acc4,Anyone watching My Hero Academia lately? 💯,,😮
8885,2026-01-13 16:08:00,acc1,No spoilers please! 😀,8883,😎
8886,2026-01-13 16:10:00,acc2,I think today's episode was incredible! 🎉,8871,👏
8887,2026-01-13 16:12:00,acc3,Random anime fact: Attack on Titan changed many viewers' expectations of anime. 🍜,,❤️
8888,2026-01-13 16:14:00,acc4,My favorite moment in Fullmetal Alchemist still gives me chills 😀,,😎
8889,2026-01-13 16:16:00,acc1,I'm rewatching Frieren this weekend. 😎,8884,🔥
8890,2026-01-13 16:18:00,acc2,Opening theme has been stuck in my head. 🙌,,
8891,2026-01-13 16:20:00,acc3,I think today's episode was incredible! 📚,8887,
8892,2026-01-13 16:22:00,acc4,I'm rewatching Demon Slayer this weekend. 🔥,8882,😭
8893,2026-01-13 16:24:00,acc1,I think today's episode was incredible! 😭,,😭
8894,2026-01-13 16:26:00,acc2,I'm rewatching Steins;Gate this weekend. 🎉,8891,💯
8895,2026-01-13 16:28:00,acc3,That animation quality was insane! 😂,,💯
8896,2026-01-13 16:30:00,acc4,That animation quality was insane! 😂,8885,
8897,2026-01-13 16:32:00,acc1,I'm rewatching Dragon Ball this weekend. 😂,,😎
8898,2026-01-13 16:34:00,acc2,Random anime fact: Studio Ghibli films are famous for hand-drawn animation. ✨,,🔥
8899,2026-01-13 16:36:00,acc3,I think today's episode was incredible! 🔥,,❤️
8900,2026-01-13 16:38:00,acc4,No spoilers please! 💯,8895,❤️
8901,2026-01-13 16:40:00,acc1,My favorite moment in Steins;Gate still gives me chills 😎,,❤️
8902,2026-01-13 16:42:00,acc2,I'm rewatching Jujutsu Kaisen this weekend. 💯,8893,😮
8903,2026-01-13 16:44:00,acc3,That animation quality was insane! 👀,,
8904,2026-01-13 16:46:00,acc4,No spoilers please! 🎉,,❤️
8905,2026-01-13 16:48:00,acc1,No spoilers please! 🎉,,😭
8906,2026-01-13 16:50:00,acc2,I'm rewatching One Piece this weekend. 🙌,,😂
8907,2026-01-13 16:52:00,acc3,Who's your favorite character from My Hero Academia? ⚡,8897,😮
8908,2026-01-13 16:54:00,acc4,Who's your favorite character from Demon Slayer? 🔥,8892,😂
8909,2026-01-13 16:56:00,acc1,I think today's episode was incredible! 💯,8903,😮
8910,2026-01-13 16:58:00,acc2,Random anime fact: One Piece is among the best-selling manga series. 👀,8894,😭
8911,2026-01-13 17:00:00,acc3,Random anime fact: Attack on Titan changed many viewers' expectations of anime. 🔥,8907,🔥
8912,2026-01-13 17:02:00,acc4,I'm rewatching Attack on Titan this weekend. 💯,8904,💯
8913,2026-01-13 17:04:00,acc1,Who's your favorite character from Hunter x Hunter? 🎉,,
8914,2026-01-13 17:06:00,acc2,Random anime fact: Studio Ghibli films are famous for hand-drawn animation. ✨,8908,👍
8915,2026-01-13 17:08:00,acc3,Opening theme has been stuck in my head. 😭,8901,😎
8916,2026-01-13 17:10:00,acc4,Random anime fact: Studio Ghibli films are famous for hand-drawn animation. 📚,8903,💯
8917,2026-01-13 17:12:00,acc1,Who's your favorite character from Jujutsu Kaisen? ✨,8905,❤️
8918,2026-01-13 17:14:00,acc2,Who's your favorite character from Frieren? 😀,,👏
8919,2026-01-13 17:16:00,acc3,I'm rewatching Bleach this weekend. 📚,8905,💯
8920,2026-01-13 17:18:00,acc4,No spoilers please! 📚,8917,😂
8921,2026-01-13 17:20:00,acc1,Anyone watching Hunter x Hunter lately? 🔥,8905,👍
8922,2026-01-13 17:22:00,acc2,Anyone watching Demon Slayer lately? ✨,,😭
8923,2026-01-13 17:24:00,acc3,I think today's episode was incredible! 😭,8910,👍
8924,2026-01-13 17:26:00,acc4,My favorite moment in Jujutsu Kaisen still gives me chills 🔥,,😎
8925,2026-01-13 17:28:00,acc1,"Quote of the day: ""Keep moving forward."" 😀",8914,😎
8926,2026-01-13 17:30:00,acc2,Random anime fact: Voice actors in Japan are called seiyuu. ❤️,8913,😮
8927,2026-01-13 17:32:00,acc3,That animation quality was insane! 😂,8919,🔥
8928,2026-01-13 17:34:00,acc4,Opening theme has been stuck in my head. 👀,,😂
8929,2026-01-13 17:36:00,acc1,Random anime fact: Voice actors in Japan are called seiyuu. 🔥,8924,😮
8930,2026-01-13 17:38:00,acc2,Opening theme has been stuck in my head. 👀,8915,👍
8931,2026-01-13 17:40:00,acc3,Random anime fact: Attack on Titan changed many viewers' expectations of anime. ❤️,8929,❤️
8932,2026-01-13 17:42:00,acc4,I think today's episode was incredible! ⚡,8926,😂
8933,2026-01-13 17:44:00,acc1,I think today's episode was incredible! 💯,8921,😭
8934,2026-01-13 17:46:00,acc2,Anyone watching Jujutsu Kaisen lately? 😀,8926,
8935,2026-01-13 17:48:00,acc3,Random anime fact: Studio Ghibli films are famous for hand-drawn animation. 🔥,8928,😭
8936,2026-01-13 17:50:00,acc4,Who's your favorite character from Fullmetal Alchemist? ⚡,8932,👏
8937,2026-01-13 17:52:00,acc1,I'm rewatching Naruto this weekend. 🎉,8934,🔥
8938,2026-01-13 17:54:00,acc2,Anyone watching Jujutsu Kaisen lately? 🎉,,👍
8939,2026-01-13 17:56:00,acc3,"Quote of the day: ""The world isn't perfect, but it's beautiful."" ⚡",8934,💯
8940,2026-01-13 17:58:00,acc4,Opening theme has been stuck in my head. 🤔,8938,😭
8941,2026-01-13 18:00:00,acc1,"Quote of the day: ""Power comes in response to a need."" ⚡",,👏
8942,2026-01-13 18:02:00,acc2,Opening theme has been stuck in my head. ⚡,8928,🔥
8943,2026-01-13 18:04:00,acc3,That animation quality was insane! 🤔,8931,😭
8944,2026-01-13 18:06:00,acc4,I'm rewatching Haikyuu!! this weekend. 🔥,8942,😎
8945,2026-01-13 18:08:00,acc1,Opening theme has been stuck in my head. ⚡,8931,😮
8946,2026-01-13 18:10:00,acc2,Random anime fact: Attack on Titan changed many viewers' expectations of anime. 🤔,,😂
8947,2026-01-13 18:12:00,acc3,I'm rewatching My Hero Academia this weekend. 😂,8945,😭
8948,2026-01-13 18:14:00,acc4,Anyone watching Jujutsu Kaisen lately? ⚡,,😭
8949,2026-01-13 18:16:00,acc1,That animation quality was insane! 🤔,8946,😮
8950,2026-01-13 18:18:00,acc2,Anyone watching Death Note lately? 😂,8941,😮
8951,2026-01-13 18:20:00,acc3,Opening theme has been stuck in my head. 🎉,8944,👍
8952,2026-01-13 18:22:00,acc4,I'm rewatching Death Note this weekend. ⚡,8949,😎
8953,2026-01-13 18:24:00,acc1,Random anime fact: Voice actors in Japan are called seiyuu. 🎉,8949,
8954,2026-01-13 18:26:00,acc2,Anyone watching Jujutsu Kaisen lately? 📚,8941,😮
8955,2026-01-13 18:28:00,acc3,My favorite moment in Attack on Titan still gives me chills 🎉,8950,👏
8956,2026-01-13 18:30:00,acc4,"Quote of the day: ""Keep moving forward."" 💯",,🔥
8957,2026-01-13 18:32:00,acc1,"Quote of the day: ""Power comes in response to a need."" 😎",,🔥
8958,2026-01-13 18:34:00,acc2,Random anime fact: Many anime openings become chart-topping songs. 😂,8951,👏
8959,2026-01-13 18:36:00,acc3,No spoilers please! 📚,8957,😎
8960,2026-01-13 18:38:00,acc4,I think today's episode was incredible! ⚡,8953,😭
8961,2026-01-13 18:40:00,acc1,Opening theme has been stuck in my head. 💯,,😭
8962,2026-01-13 18:42:00,acc2,No spoilers please! 🔥,,
8963,2026-01-13 18:44:00,acc3,Anyone watching Haikyuu!! lately? 😂,,👍
8964,2026-01-13 18:46:00,acc4,That animation quality was insane! ✨,8962,👍
8965,2026-01-13 18:48:00,acc1,That animation quality was insane! 🍜,8963,
8966,2026-01-13 18:50:00,acc2,Anyone watching Steins;Gate lately? ⚡,8956,
8967,2026-01-13 18:52:00,acc3,Who's your favorite character from Vinland Saga? 🍜,8952,😎
8968,2026-01-13 18:54:00,acc4,I think today's episode was incredible! 😂,,😂
8969,2026-01-13 18:56:00,acc1,I'm rewatching My Hero Academia this weekend. 🤔,,❤️
8970,2026-01-13 18:58:00,acc2,I think today's episode was incredible! 🔥,8956,🔥
8971,2026-01-13 19:00:00,acc3,I'm rewatching One Piece this weekend. 💯,8969,😂
8972,2026-01-13 19:02:00,acc4,My favorite moment in Death Note still gives me chills 🔥,8969,😂
8973,2026-01-13 19:04:00,acc1,My favorite moment in Death Note still gives me chills ❤️,8968,😮
8974,2026-01-13 19:06:00,acc2,That animation quality was insane! 🙌,,🔥
8975,2026-01-13 19:08:00,acc3,I think today's episode was incredible! ⚡,8966,😂
8976,2026-01-13 19:10:00,acc4,Opening theme has been stuck in my head. 😂,8964,💯
8977,2026-01-13 19:12:00,acc1,Who's your favorite character from One Piece? 🙌,8975,👏
8978,2026-01-13 19:14:00,acc2,That animation quality was insane! 👀,8965,😮
8979,2026-01-13 19:16:00,acc3,I'm rewatching Vinland Saga this weekend. ✨,,😮
8980,2026-01-13 19:18:00,acc4,Opening theme has been stuck in my head. 🔥,,😭
8981,2026-01-13 19:20:00,acc1,Anyone watching Death Note lately? 🎉,,
8982,2026-01-13 19:22:00,acc2,Anyone watching One Piece lately? 😂,,😭
8983,2026-01-13 19:24:00,acc3,My favorite moment in Death Note still gives me chills 📚,8975,😂
8984,2026-01-13 19:26:00,acc4,Who's your favorite character from Vinland Saga? 💯,,😎
8985,2026-01-13 19:28:00,acc1,Random anime fact: Many anime openings become chart-topping songs. ❤️,,👍
8986,2026-01-13 19:30:00,acc2,Opening theme has been stuck in my head. ❤️,8972,😭
8987,2026-01-13 19:32:00,acc3,I think today's episode was incredible! 🍜,,👏
8988,2026-01-13 19:34:00,acc4,I'm rewatching Frieren this weekend. 🔥,8979,
8989,2026-01-13 19:36:00,acc1,I'm rewatching Demon Slayer this weekend. 🎉,8984,😭
8990,2026-01-13 19:38:00,acc2,That animation quality was insane! 😀,8982,💯
8991,2026-01-13 19:40:00,acc3,Who's your favorite character from My Hero Academia? 🙌,,👍
8992,2026-01-13 19:42:00,acc4,That animation quality was insane! ⚡,8984,😂
8993,2026-01-13 19:44:00,acc1,No spoilers please! 😂,,
8994,2026-01-13 19:46:00,acc2,No spoilers please! ⚡,8985,
8995,2026-01-13 19:48:00,acc3,No spoilers please! 🔥,8981,❤️
8996,2026-01-13 19:50:00,acc4,No spoilers please! 🤔,,💯
8997,2026-01-13 19:52:00,acc1,That animation quality was insane! 🔥,,👏
8998,2026-01-13 19:54:00,acc2,I think today's episode was incredible! ❤️,,😎
8999,2026-01-13 19:56:00,acc3,Random anime fact: Studio Ghibli films are famous for hand-drawn animation. ⚡,8985,😎
9000,2026-01-13 19:58:00,acc4,Random anime fact: Did you know? Anime is often adapted from manga or light novels. 🍜,,😂
9001,2026-01-13 20:00:00,acc1,Random anime fact: Did you know? Anime is often adapted from manga or light novels. ❤️,,❤️
9002,2026-01-13 20:02:00,acc2,Who's your favorite character from Demon Slayer? 🔥,8995,💯
9003,2026-01-13 20:04:00,acc3,"Quote of the day: ""The world isn't perfect, but it's beautiful."" ✨",,❤️
9004,2026-01-13 20:06:00,acc4,Who's your favorite character from Death Note? 🙌,,
9005,2026-01-13 20:08:00,acc1,"Quote of the day: ""Power comes in response to a need."" 😂",9003,😎
9006,2026-01-13 20:10:00,acc2,My favorite moment in Steins;Gate still gives me chills 😎,9001,💯
9007,2026-01-13 20:12:00,acc3,My favorite moment in Death Note still gives me chills 🍜,9004,👏
9008,2026-01-13 20:14:00,acc4,No spoilers please! 😀,8996,
9009,2026-01-13 20:16:00,acc1,No spoilers please! 🎉,,
9010,2026-01-13 20:18:00,acc2,That animation quality was insane! 📚,9006,👏
9011,2026-01-13 20:20:00,acc3,My favorite moment in Fullmetal Alchemist still gives me chills 😀,,😭
9012,2026-01-13 20:22:00,acc4,Opening theme has been stuck in my head. ⚡,8998,😂
9013,2026-01-13 20:24:00,acc1,Random anime fact: One Piece is among the best-selling manga series. 😀,9002,
9014,2026-01-13 20:26:00,acc2,Random anime fact: Many anime openings become chart-topping songs. 💯,9000,😭
9015,2026-01-13 20:28:00,acc3,Who's your favorite character from Demon Slayer? 📚,9008,👏
9016,2026-01-13 20:30:00,acc4,Anyone watching Solo Leveling lately? ❤️,9005,😎
9017,2026-01-13 20:32:00,acc1,That animation quality was insane! 🎉,9008,😂
9018,2026-01-13 20:34:00,acc2,I'm rewatching Hunter x Hunter this weekend. ⚡,9011,👍
9019,2026-01-13 20:36:00,acc3,"Quote of the day: ""People's dreams never end."" 😭",9009,💯
9020,2026-01-13 20:38:00,acc4,Who's your favorite character from Demon Slayer? 👀,,
9021,2026-01-13 20:40:00,acc1,Random anime fact: One Piece is among the best-selling manga series. ⚡,,❤️
9022,2026-01-13 20:42:00,acc2,Anyone watching Death Note lately? ✨,,❤️
9023,2026-01-13 20:44:00,acc3,Who's your favorite character from Frieren? 😎,,😂
9024,2026-01-13 20:46:00,acc4,I think today's episode was incredible! 😭,,👏
9025,2026-01-13 20:48:00,acc1,Who's your favorite character from Steins;Gate? 😂,9021,😂
9026,2026-01-13 20:50:00,acc2,Random anime fact: Studio Ghibli films are famous for hand-drawn animation. 😀,,
9027,2026-01-13 20:52:00,acc3,I'm rewatching Hunter x Hunter this weekend. 😂,9025,😎
9028,2026-01-13 20:54:00,acc4,"Quote of the day: ""The world isn't perfect, but it's beautiful."" 👀",9023,👍
9029,2026-01-13 20:56:00,acc1,Anyone watching Dragon Ball lately? 😭,9023,😮
9030,2026-01-13 20:58:00,acc2,I think today's episode was incredible! ⚡,9015,😭
9031,2026-01-13 21:00:00,acc3,Anyone watching Demon Slayer lately? 📚,9028,😮
9032,2026-01-13 21:02:00,acc4,My favorite moment in Solo Leveling still gives me chills 📚,9020,😭
9033,2026-01-13 21:04:00,acc1,I think today's episode was incredible! 😭,,😎
9034,2026-01-13 21:06:00,acc2,I think today's episode was incredible! ✨,,😭
9035,2026-01-13 21:08:00,acc3,My favorite moment in Death Note still gives me chills 🍜,,💯
9036,2026-01-13 21:10:00,acc4,My favorite moment in Naruto still gives me chills 🤔,,😎
9037,2026-01-13 21:12:00,acc1,I'm rewatching My Hero Academia this weekend. 🙌,,😂
9038,2026-01-13 21:14:00,acc2,I think today's episode was incredible! ✨,,😭
9039,2026-01-13 21:16:00,acc3,That animation quality was insane! 😀,,👏
9040,2026-01-13 21:18:00,acc4,"Quote of the day: ""Keep moving forward."" 💯",,👏
9041,2026-01-13 21:20:00,acc1,Random anime fact: Studio Ghibli films are famous for hand-drawn animation. 📚,9036,👏
9042,2026-01-13 21:22:00,acc2,I think today's episode was incredible! 🙌,,😂
9043,2026-01-13 21:24:00,acc3,My favorite moment in Death Note still gives me chills 📚,9032,💯
9044,2026-01-13 21:26:00,acc4,Opening theme has been stuck in my head. 📚,9029,😎
9045,2026-01-13 21:28:00,acc1,Opening theme has been stuck in my head. ⚡,,👍
9046,2026-01-13 21:30:00,acc2,My favorite moment in Solo Leveling still gives me chills ❤️,,😮
9047,2026-01-13 21:32:00,acc3,That animation quality was insane! 💯,9040,🔥
9048,2026-01-13 21:34:00,acc4,I think today's episode was incredible! 🤔,9040,🔥
9049,2026-01-13 21:36:00,acc1,My favorite moment in Fullmetal Alchemist still gives me chills ❤️,,🔥
9050,2026-01-13 21:38:00,acc2,I think today's episode was incredible! ✨,9044,😂
9051,2026-01-13 21:40:00,acc3,That animation quality was insane! 📚,,👏
9052,2026-01-13 21:42:00,acc4,I'm rewatching Fullmetal Alchemist this weekend. 👀,9048,❤️
9053,2026-01-13 21:44:00,acc1,Random anime fact: Attack on Titan changed many viewers' expectations of anime. 😀,9051,❤️
9054,2026-01-13 21:46:00,acc2,Random anime fact: Did you know? Anime is often adapted from manga or light novels. ❤️,9044,💯
9055,2026-01-13 21:48:00,acc3,No spoilers please! 😀,9052,💯
9056,2026-01-13 21:50:00,acc4,Opening theme has been stuck in my head. 📚,9046,😂
9057,2026-01-13 21:52:00,acc1,That animation quality was insane! 🎉,,😂
9058,2026-01-13 21:54:00,acc2,My favorite moment in Frieren still gives me chills 😀,,
9059,2026-01-13 21:56:00,acc3,"Quote of the day: ""A lesson without pain is meaningless."" 🤔",9052,😂
9060,2026-01-13 21:58:00,acc4,That animation quality was insane! ⚡,9058,❤️
9061,2026-01-13 22:00:00,acc1,Opening theme has been stuck in my head. 🔥,9048,🔥
9062,2026-01-13 22:02:00,acc2,I'm rewatching One Piece this weekend. 🎉,9046,❤️
9063,2026-01-13 22:04:00,acc3,That animation quality was insane! 😎,,🔥
9064,2026-01-13 22:06:00,acc4,Opening theme has been stuck in my head. 😎,,👏
9065,2026-01-13 22:08:00,acc1,"Quote of the day: ""Keep moving forward."" 🎉",,😂
9066,2026-01-13 22:10:00,acc2,I think today's episode was incredible! 🍜,9053,😮
9067,2026-01-13 22:12:00,acc3,I'm rewatching Death Note this weekend. 😂,,👍
9068,2026-01-13 22:14:00,acc4,Who's your favorite character from Hunter x Hunter? 😂,,😮
9069,2026-01-13 22:16:00,acc1,Opening theme has been stuck in my head. ✨,9067,🔥
9070,2026-01-13 22:18:00,acc2,Random anime fact: Many anime openings become chart-topping songs. 💯,,💯
9071,2026-01-13 22:20:00,acc3,Opening theme has been stuck in my head. 😎,9067,💯
9072,2026-01-13 22:22:00,acc4,I think today's episode was incredible! 📚,9056,❤️
9073,2026-01-13 22:24:00,acc1,Opening theme has been stuck in my head. 💯,9061,
9074,2026-01-13 22:26:00,acc2,I think today's episode was incredible! ❤️,9061,👍
9075,2026-01-13 22:28:00,acc3,Who's your favorite character from Bleach? 🤔,9066,👍
9076,2026-01-13 22:30:00,acc4,I think today's episode was incredible! 😎,9069,
9077,2026-01-13 22:32:00,acc1,My favorite moment in Attack on Titan still gives me chills 🔥,,👍
9078,2026-01-13 22:34:00,acc2,I'm rewatching Fullmetal Alchemist this weekend. 💯,,😭
9079,2026-01-13 22:36:00,acc3,Who's your favorite character from Bleach? 😀,9064,😂
9080,2026-01-13 22:38:00,acc4,That animation quality was insane! 😎,9073,😭
9081,2026-01-13 22:40:00,acc1,Anyone watching Dragon Ball lately? 😀,9073,💯
9082,2026-01-13 22:42:00,acc2,I think today's episode was incredible! 🤔,9077,😎
9083,2026-01-13 22:44:00,acc3,Opening theme has been stuck in my head. 🔥,,👏
9084,2026-01-13 22:46:00,acc4,My favorite moment in Steins;Gate still gives me chills ⚡,,💯
9085,2026-01-13 22:48:00,acc1,Random anime fact: Voice actors in Japan are called seiyuu. 🙌,9080,💯
9086,2026-01-13 22:50:00,acc2,That animation quality was insane! 🍜,,😎
9087,2026-01-13 22:52:00,acc3,No spoilers please! 🤔,9083,🔥
9088,2026-01-13 22:54:00,acc4,I think today's episode was incredible! 📚,9072,😮
9089,2026-01-13 22:56:00,acc1,Who's your favorite character from My Hero Academia? 😀,9084,👍
9090,2026-01-13 22:58:00,acc2,"Quote of the day: ""A lesson without pain is meaningless."" ⚡",9079,👏
9091,2026-01-13 23:00:00,acc3,Who's your favorite character from Fullmetal Alchemist? ⚡,,🔥
9092,2026-01-13 23:02:00,acc4,Random anime fact: Many anime openings become chart-topping songs. 🎉,9081,👍
9093,2026-01-13 23:04:00,acc1,"Quote of the day: ""Power comes in response to a need."" ✨",9091,😂
9094,2026-01-13 23:06:00,acc2,That animation quality was insane! 😎,,😭
9095,2026-01-13 23:08:00,acc3,Anyone watching Dragon Ball lately? ✨,9084,😮
9096,2026-01-13 23:10:00,acc4,Random anime fact: Attack on Titan changed many viewers' expectations of anime. 🙌,,
9097,2026-01-13 23:12:00,acc1,My favorite moment in Death Note still gives me chills 🍜,9081,😮
9098,2026-01-13 23:14:00,acc2,I think today's episode was incredible! 😀,9091,😎
9099,2026-01-13 23:16:00,acc3,"Quote of the day: ""Keep moving forward."" 📚",9083,
9100,2026-01-13 23:18:00,acc4,No spoilers please! 😀,9098,💯
9101,2026-01-13 23:20:00,acc1,I think today's episode was incredible! 😭,,😮
9102,2026-01-13 23:22:00,acc2,I'm rewatching Jujutsu Kaisen this weekend. 🔥,,😎
9103,2026-01-13 23:24:00,acc3,That animation quality was insane! 🤔,9101,😮
9104,2026-01-13 23:26:00,acc4,I'm rewatching Frieren this weekend. 🔥,9088,❤️
9105,2026-01-13 23:28:00,acc1,That animation quality was insane! 🔥,9093,
9106,2026-01-13 23:30:00,acc2,Random anime fact: Voice actors in Japan are called seiyuu. 🎉,,💯
9107,2026-01-13 23:32:00,acc3,"Quote of the day: ""Power comes in response to a need."" 🔥",9092,😮
9108,2026-01-13 23:34:00,acc4,Anyone watching My Hero Academia lately? 🔥,9103,🔥
9109,2026-01-13 23:36:00,acc1,Opening theme has been stuck in my head. ⚡,,😂
9110,2026-01-13 23:38:00,acc2,"Quote of the day: ""Power comes in response to a need."" 👀",9105,🔥
9111,2026-01-13 23:40:00,acc3,I'm rewatching Haikyuu!! this weekend. 😂,,👏
9112,2026-01-13 23:42:00,acc4,Who's your favorite character from Fullmetal Alchemist? ❤️,9103,💯
9113,2026-01-13 23:44:00,acc1,No spoilers please! 🤔,,😂
9114,2026-01-13 23:46:00,acc2,That animation quality was insane! 😎,9112,
9115,2026-01-13 23:48:00,acc3,I'm rewatching Bleach this weekend. 👀,,👍
9116,2026-01-13 23:50:00,acc4,No spoilers please! 🎉,9108,❤️
9117,2026-01-13 23:52:00,acc1,Random anime fact: Many anime openings become chart-topping songs. 💯,9109,🔥
9118,2026-01-13 23:54:00,acc2,My favorite moment in Vinland Saga still gives me chills 😭,9109,👏
9119,2026-01-13 23:56:00,acc3,My favorite moment in One Piece still gives me chills 😂,9108,👏
9120,2026-01-13 23:58:00,acc4,Who's your favorite character from Dragon Ball? ⚡,9114,😎
9121,2026-01-14 00:00:00,acc1,Opening theme has been stuck in my head. 😭,9119,❤️
9122,2026-01-14 00:02:00,acc2,Opening theme has been stuck in my head. ✨,,😭
9123,2026-01-14 00:04:00,acc3,Random anime fact: Many anime openings become chart-topping songs. ⚡,9121,👍
9124,2026-01-14 00:06:00,acc4,That animation quality was insane! 📚,9118,❤️
9125,2026-01-14 00:08:00,acc1,Who's your favorite character from Dragon Ball? 💯,,💯
9126,2026-01-14 00:10:00,acc2,My favorite moment in Naruto still gives me chills 🎉,,😭
9127,2026-01-14 00:12:00,acc3,Who's your favorite character from Vinland Saga? 🤔,,😂
9128,2026-01-14 00:14:00,acc4,My favorite moment in Haikyuu!! still gives me chills 🙌,9126,😮
9129,2026-01-14 00:16:00,acc1,Anyone watching My Hero Academia lately? 🙌,9123,🔥
9130,2026-01-14 00:18:00,acc2,I'm rewatching Demon Slayer this weekend. 😀,9116,👏
9131,2026-01-14 00:20:00,acc3,Random anime fact: Studio Ghibli films are famous for hand-drawn animation. 🍜,,😂
9132,2026-01-14 00:22:00,acc4,Who's your favorite character from Hunter x Hunter? 🍜,9125,👍
9133,2026-01-14 00:24:00,acc1,"Quote of the day: ""Power comes in response to a need."" 🎉",9131,❤️
9134,2026-01-14 00:26:00,acc2,Anyone watching My Hero Academia lately? 🙌,9122,💯
9135,2026-01-14 00:28:00,acc3,That animation quality was insane! ✨,9130,😭
9136,2026-01-14 00:30:00,acc4,No spoilers please! 👀,9133,🔥
9137,2026-01-14 00:32:00,acc1,Who's your favorite character from Dragon Ball? 😎,,🔥
9138,2026-01-14 00:34:00,acc2,My favorite moment in Attack on Titan still gives me chills ❤️,,😮
9139,2026-01-14 00:36:00,acc3,I'm rewatching My Hero Academia this weekend. 👀,,❤️
9140,2026-01-14 00:38:00,acc4,I think today's episode was incredible! 📚,,👍
9141,2026-01-14 00:40:00,acc1,I'm rewatching My Hero Academia this weekend. 🎉,,😎
9142,2026-01-14 00:42:00,acc2,Opening theme has been stuck in my head. 💯,,💯
9143,2026-01-14 00:44:00,acc3,I think today's episode was incredible! 😎,9130,
9144,2026-01-14 00:46:00,acc4,I'm rewatching Frieren this weekend. 🎉,9140,👍
9145,2026-01-14 00:48:00,acc1,I think today's episode was incredible! 🙌,9137,😮
9146,2026-01-14 00:50:00,acc2,Random anime fact: Attack on Titan changed many viewers' expectations of anime. 😀,,😭
9147,2026-01-14 00:52:00,acc3,My favorite moment in Death Note still gives me chills 🔥,9131,💯
9148,2026-01-14 00:54:00,acc4,Random anime fact: One Piece is among the best-selling manga series. 🤔,,🔥
9149,2026-01-14 00:56:00,acc1,My favorite moment in Frieren still gives me chills 🤔,9142,👍
9150,2026-01-14 00:58:00,acc2,Random anime fact: One Piece is among the best-selling manga series. 😎,,👍
9151,2026-01-14 01:00:00,acc3,Who's your favorite character from Fullmetal Alchemist? ❤️,,😭
9152,2026-01-14 01:02:00,acc4,Random anime fact: Did you know? Anime is often adapted from manga or light novels. 😎,,👏
9153,2026-01-14 01:04:00,acc1,"Quote of the day: ""A lesson without pain is meaningless."" ⚡",,😮
9154,2026-01-14 01:06:00,acc2,That animation quality was insane! ✨,9146,🔥
9155,2026-01-14 01:08:00,acc3,"Quote of the day: ""Power comes in response to a need."" 🍜",,😂
9156,2026-01-14 01:10:00,acc4,That animation quality was insane! 😎,9140,🔥
9157,2026-01-14 01:12:00,acc1,My favorite moment in Hunter x Hunter still gives me chills ⚡,,😭
9158,2026-01-14 01:14:00,acc2,I'm rewatching One Piece this weekend. 📚,9153,😭
9159,2026-01-14 01:16:00,acc3,My favorite moment in Solo Leveling still gives me chills 🔥,9157,😂
9160,2026-01-14 01:18:00,acc4,Random anime fact: Did you know? Anime is often adapted from manga or light novels. 😀,,😮
9161,2026-01-14 01:20:00,acc1,No spoilers please! ❤️,9148,😎
9162,2026-01-14 01:22:00,acc2,Anyone watching Frieren lately? 🤔,9148,❤️
9163,2026-01-14 01:24:00,acc3,No spoilers please! ❤️,,💯
9164,2026-01-14 01:26:00,acc4,"Quote of the day: ""Power comes in response to a need."" 💯",,👏
9165,2026-01-14 01:28:00,acc1,Who's your favorite character from Haikyuu!!? 📚,9158,
9166,2026-01-14 01:30:00,acc2,My favorite moment in Death Note still gives me chills 🍜,9161,😮
9167,2026-01-14 01:32:00,acc3,Random anime fact: Studio Ghibli films are famous for hand-drawn animation. ❤️,9158,😭
9168,2026-01-14 01:34:00,acc4,Who's your favorite character from Fullmetal Alchemist? 👀,9154,😎
9169,2026-01-14 01:36:00,acc1,No spoilers please! 💯,9159,❤️
9170,2026-01-14 01:38:00,acc2,"Quote of the day: ""The world isn't perfect, but it's beautiful."" ❤️",9156,😎
9171,2026-01-14 01:40:00,acc3,I think today's episode was incredible! 😂,,❤️
9172,2026-01-14 01:42:00,acc4,Opening theme has been stuck in my head. 😎,9163,👍
9173,2026-01-14 01:44:00,acc1,Opening theme has been stuck in my head. 💯,,😮
9174,2026-01-14 01:46:00,acc2,Who's your favorite character from Naruto? 💯,9164,👏
9175,2026-01-14 01:48:00,acc3,Who's your favorite character from Attack on Titan? ⚡,9173,👍
9176,2026-01-14 01:50:00,acc4,My favorite moment in My Hero Academia still gives me chills 🤔,,🔥
9177,2026-01-14 01:52:00,acc1,Opening theme has been stuck in my head. 🔥,,😮
9178,2026-01-14 01:54:00,acc2,I think today's episode was incredible! 😂,9164,😂
9179,2026-01-14 01:56:00,acc3,Who's your favorite character from Fullmetal Alchemist? 🍜,9163,👏
9180,2026-01-14 01:58:00,acc4,I think today's episode was incredible! 🙌,9170,❤️
9181,2026-01-14 02:00:00,acc1,No spoilers please! 📚,9168,😮
9182,2026-01-14 02:02:00,acc2,I'm rewatching Steins;Gate this weekend. 😭,9179,💯
9183,2026-01-14 02:04:00,acc3,I think today's episode was incredible! 🔥,9180,
9184,2026-01-14 02:06:00,acc4,I'm rewatching Attack on Titan this weekend. ❤️,9180,👏
9185,2026-01-14 02:08:00,acc1,"Quote of the day: ""People's dreams never end."" ✨",,❤️
9186,2026-01-14 02:10:00,acc2,I'm rewatching Haikyuu!! this weekend. 😭,9184,😮
9187,2026-01-14 02:12:00,acc3,No spoilers please! 🍜,9174,😂
9188,2026-01-14 02:14:00,acc4,My favorite moment in One Piece still gives me chills ✨,9178,
9189,2026-01-14 02:16:00,acc1,No spoilers please! 💯,9179,
9190,2026-01-14 02:18:00,acc2,I'm rewatching Death Note this weekend. ✨,9185,❤️
9191,2026-01-14 02:20:00,acc3,I'm rewatching Solo Leveling this weekend. ✨,,👍
9192,2026-01-14 02:22:00,acc4,My favorite moment in Dragon Ball still gives me chills 👀,9189,
9193,2026-01-14 02:24:00,acc1,I think today's episode was incredible! ✨,9178,❤️
9194,2026-01-14 02:26:00,acc2,My favorite moment in Death Note still gives me chills 😭,,😂
9195,2026-01-14 02:28:00,acc3,I think today's episode was incredible! 😎,,😂
9196,2026-01-14 02:30:00,acc4,No spoilers please! 🍜,9192,🔥
9197,2026-01-14 02:32:00,acc1,Anyone watching My Hero Academia lately? 😂,9186,😭
9198,2026-01-14 02:34:00,acc2,Opening theme has been stuck in my head. ✨,9182,👍
9199,2026-01-14 02:36:00,acc3,Random anime fact: Many anime openings become chart-topping songs. 📚,,👍
9200,2026-01-14 02:38:00,acc4,I think today's episode was incredible! 💯,,
9201,2026-01-14 02:40:00,acc1,"Quote of the day: ""The world isn't perfect, but it's beautiful."" 🎉",,👏
9202,2026-01-14 02:42:00,acc2,No spoilers please! 😀,,😭
9203,2026-01-14 02:44:00,acc3,Opening theme has been stuck in my head. 🙌,,😭
9204,2026-01-14 02:46:00,acc4,Anyone watching One Piece lately? 😎,9194,😮
9205,2026-01-14 02:48:00,acc1,"Quote of the day: ""Keep moving forward."" 🔥",9198,😎
9206,2026-01-14 02:50:00,acc2,I'm rewatching Steins;Gate this weekend. 📚,,
9207,2026-01-14 02:52:00,acc3,No spoilers please! 😎,9195,❤️
9208,2026-01-14 02:54:00,acc4,Who's your favorite character from Demon Slayer? ❤️,9192,👏
9209,2026-01-14 02:56:00,acc1,That animation quality was insane! 🙌,,😂
9210,2026-01-14 02:58:00,acc2,Who's your favorite character from Hunter x Hunter? 😭,9206,🔥
9211,2026-01-14 03:00:00,acc3,No spoilers please! ❤️,9203,😭
9212,2026-01-14 03:02:00,acc4,My favorite moment in Naruto still gives me chills ⚡,9202,😂
9213,2026-01-14 03:04:00,acc1,Who's your favorite character from Steins;Gate? 📚,9197,👍
9214,2026-01-14 03:06:00,acc2,Who's your favorite character from Vinland Saga? 😂,,
9215,2026-01-14 03:08:00,acc3,No spoilers please! 🎉,9209,👏
9216,2026-01-14 03:10:00,acc4,That animation quality was insane! 😂,9208,👏
9217,2026-01-14 03:12:00,acc1,Opening theme has been stuck in my head. ✨,,😂
9218,2026-01-14 03:14:00,acc2,I think today's episode was incredible! 🎉,9211,🔥
9219,2026-01-14 03:16:00,acc3,My favorite moment in Naruto still gives me chills 📚,9212,
9220,2026-01-14 03:18:00,acc4,Anyone watching Fullmetal Alchemist lately? 🙌,,😎
9221,2026-01-14 03:20:00,acc1,I'm rewatching Haikyuu!! this weekend. 🙌,9217,😮
9222,2026-01-14 03:22:00,acc2,That animation quality was insane! 🍜,9213,😎
9223,2026-01-14 03:24:00,acc3,My favorite moment in One Piece still gives me chills ⚡,9215,💯
9224,2026-01-14 03:26:00,acc4,I'm rewatching Solo Leveling this weekend. 😀,,💯
9225,2026-01-14 03:28:00,acc1,Who's your favorite character from Attack on Titan? 😀,9214,😮
9226,2026-01-14 03:30:00,acc2,That animation quality was insane! 😭,,💯
9227,2026-01-14 03:32:00,acc3,No spoilers please! 🙌,9212,🔥
9228,2026-01-14 03:34:00,acc4,Random anime fact: Many anime openings become chart-topping songs. 📚,,👍
9229,2026-01-14 03:36:00,acc1,"Quote of the day: ""People's dreams never end."" 😀",9224,
9230,2026-01-14 03:38:00,acc2,No spoilers please! 💯,,🔥
9231,2026-01-14 03:40:00,acc3,My favorite moment in Death Note still gives me chills 📚,,🔥
9232,2026-01-14 03:42:00,acc4,"Quote of the day: ""Keep moving forward."" 🎉",9226,😭
9233,2026-01-14 03:44:00,acc1,Random anime fact: Attack on Titan changed many viewers' expectations of anime. 😂,9226,
9234,2026-01-14 03:46:00,acc2,Anyone watching Jujutsu Kaisen lately? 📚,,🔥
9235,2026-01-14 03:48:00,acc3,I'm rewatching My Hero Academia this weekend. 🤔,9230,👍
9236,2026-01-14 03:50:00,acc4,Who's your favorite character from Solo Leveling? 🙌,9221,❤️
9237,2026-01-14 03:52:00,acc1,Random anime fact: Attack on Titan changed many viewers' expectations of anime. ✨,,💯
9238,2026-01-14 03:54:00,acc2,"Quote of the day: ""Power comes in response to a need."" 👀",9224,💯
9239,2026-01-14 03:56:00,acc3,Anyone watching Hunter x Hunter lately? ✨,9234,🔥
9240,2026-01-14 03:58:00,acc4,"Quote of the day: ""A lesson without pain is meaningless."" 🍜",9235,😭
9241,2026-01-14 04:00:00,acc1,Who's your favorite character from Fullmetal Alchemist? 😂,9225,😮
9242,2026-01-14 04:02:00,acc2,Opening theme has been stuck in my head. 😂,,👏
9243,2026-01-14 04:04:00,acc3,My favorite moment in Vinland Saga still gives me chills ✨,9237,❤️
9244,2026-01-14 04:06:00,acc4,Who's your favorite character from One Piece? 👀,9230,
9245,2026-01-14 04:08:00,acc1,Opening theme has been stuck in my head. 😂,9237,
9246,2026-01-14 04:10:00,acc2,"Quote of the day: ""Keep moving forward."" 👀",9232,👍
9247,2026-01-14 04:12:00,acc3,No spoilers please! 👀,9245,👍
9248,2026-01-14 04:14:00,acc4,Random anime fact: Voice actors in Japan are called seiyuu. 🔥,9246,😭
9249,2026-01-14 04:16:00,acc1,"Quote of the day: ""The world isn't perfect, but it's beautiful."" ✨",9234,
9250,2026-01-14 04:18:00,acc2,No spoilers please! 😀,9237,😮
9251,2026-01-14 04:20:00,acc3,"Quote of the day: ""A lesson without pain is meaningless."" 🤔",9237,😮
9252,2026-01-14 04:22:00,acc4,I think today's episode was incredible! ✨,9243,😭
9253,2026-01-14 04:24:00,acc1,Random anime fact: Voice actors in Japan are called seiyuu. 👀,9247,🔥
9254,2026-01-14 04:26:00,acc2,I think today's episode was incredible! 😂,,❤️
9255,2026-01-14 04:28:00,acc3,"Quote of the day: ""Power comes in response to a need."" 💯",9246,
9256,2026-01-14 04:30:00,acc4,My favorite moment in Demon Slayer still gives me chills 📚,,😂
9257,2026-01-14 04:32:00,acc1,I think today's episode was incredible! 😀,9247,🔥
9258,2026-01-14 04:34:00,acc2,Random anime fact: Did you know? Anime is often adapted from manga or light novels. 🎉,,😎
9259,2026-01-14 04:36:00,acc3,I'm rewatching Frieren this weekend. ✨,9250,💯
9260,2026-01-14 04:38:00,acc4,That animation quality was insane! 📚,9251,😂
9261,2026-01-14 04:40:00,acc1,Random anime fact: Voice actors in Japan are called seiyuu. 😎,9252,👏
9262,2026-01-14 04:42:00,acc2,Who's your favorite character from Bleach? 🙌,,👍
9263,2026-01-14 04:44:00,acc3,Random anime fact: Studio Ghibli films are famous for hand-drawn animation. 💯,,💯
9264,2026-01-14 04:46:00,acc4,That animation quality was insane! ⚡,9261,👏
9265,2026-01-14 04:48:00,acc1,No spoilers please! 📚,9249,😮
9266,2026-01-14 04:50:00,acc2,That animation quality was insane! 😎,9255,👍
9267,2026-01-14 04:52:00,acc3,I think today's episode was incredible! 🙌,9252,😭
9268,2026-01-14 04:54:00,acc4,Anyone watching One Piece lately? 🎉,9259,🔥
9269,2026-01-14 04:56:00,acc1,No spoilers please! ✨,9258,😂
9270,2026-01-14 04:58:00,acc2,No spoilers please! 🔥,9258,❤️
9271,2026-01-14 05:00:00,acc3,No spoilers please! 🤔,9268,😂
9272,2026-01-14 05:02:00,acc4,I'm rewatching Bleach this weekend. ⚡,,😂
9273,2026-01-14 05:04:00,acc1,Random anime fact: Voice actors in Japan are called seiyuu. ✨,,👍
9274,2026-01-14 05:06:00,acc2,My favorite moment in Vinland Saga still gives me chills 😎,9271,👏
9275,2026-01-14 05:08:00,acc3,No spoilers please! 🍜,,😎
9276,2026-01-14 05:10:00,acc4,That animation quality was insane! 😂,,🔥
9277,2026-01-14 05:12:00,acc1,Who's your favorite character from Solo Leveling? 🎉,9262,😎
9278,2026-01-14 05:14:00,acc2,I think today's episode was incredible! 💯,9266,💯
9279,2026-01-14 05:16:00,acc3,"Quote of the day: ""A lesson without pain is meaningless."" ❤️",,👍
9280,2026-01-14 05:18:00,acc4,My favorite moment in Fullmetal Alchemist still gives me chills ✨,9269,😎
9281,2026-01-14 05:20:00,acc1,That animation quality was insane! 😀,,😂
9282,2026-01-14 05:22:00,acc2,Opening theme has been stuck in my head. 🙌,9270,
9283,2026-01-14 05:24:00,acc3,"Quote of the day: ""Power comes in response to a need."" 🎉",,🔥
9284,2026-01-14 05:26:00,acc4,Opening theme has been stuck in my head. 🔥,9279,😎
9285,2026-01-14 05:28:00,acc1,That animation quality was insane! 🤔,9274,👍
9286,2026-01-14 05:30:00,acc2,No spoilers please! 💯,,🔥
9287,2026-01-14 05:32:00,acc3,Random anime fact: One Piece is among the best-selling manga series. 📚,,👏
9288,2026-01-14 05:34:00,acc4,Who's your favorite character from Bleach? 🎉,,❤️
9289,2026-01-14 05:36:00,acc1,Opening theme has been stuck in my head. 📚,,💯
9290,2026-01-14 05:38:00,acc2,My favorite moment in Attack on Titan still gives me chills 😀,9274,😭
9291,2026-01-14 05:40:00,acc3,I'm rewatching Hunter x Hunter this weekend. 😀,9287,❤️
9292,2026-01-14 05:42:00,acc4,Anyone watching Vinland Saga lately? 😂,9288,🔥
9293,2026-01-14 05:44:00,acc1,Opening theme has been stuck in my head. 😎,9283,🔥
9294,2026-01-14 05:46:00,acc2,"Quote of the day: ""Power comes in response to a need."" 🤔",9281,
9295,2026-01-14 05:48:00,acc3,I'm rewatching My Hero Academia this weekend. 😂,9281,😎
9296,2026-01-14 05:50:00,acc4,Random anime fact: Did you know? Anime is often adapted from manga or light novels. 📚,,👍
9297,2026-01-14 05:52:00,acc1,Opening theme has been stuck in my head. 🤔,,👏
9298,2026-01-14 05:54:00,acc2,Anyone watching Bleach lately? 🤔,9284,😂
9299,2026-01-14 05:56:00,acc3,No spoilers please! 😀,9288,😭
9300,2026-01-14 05:58:00,acc4,My favorite moment in Steins;Gate still gives me chills 🤔,9298,👍
9301,2026-01-14 06:00:00,acc1,My favorite moment in Demon Slayer still gives me chills 🔥,9294,😂
9302,2026-01-14 06:02:00,acc2,"Quote of the day: ""The world isn't perfect, but it's beautiful."" 🙌",9297,😮
9303,2026-01-14 06:04:00,acc3,Opening theme has been stuck in my head. 💯,9294,
9304,2026-01-14 06:06:00,acc4,Random anime fact: Attack on Titan changed many viewers' expectations of anime. 👀,,👏
9305,2026-01-14 06:08:00,acc1,Who's your favorite character from Bleach? 😀,9302,🔥
9306,2026-01-14 06:10:00,acc2,Who's your favorite character from Hunter x Hunter? ❤️,9298,❤️
9307,2026-01-14 06:12:00,acc3,No spoilers please! 📚,9302,💯
9308,2026-01-14 06:14:00,acc4,"Quote of the day: ""Power comes in response to a need."" ❤️",9306,🔥
9309,2026-01-14 06:16:00,acc1,Opening theme has been stuck in my head. 🔥,,👍
9310,2026-01-14 06:18:00,acc2,Anyone watching Naruto lately? 🎉,,❤️
9311,2026-01-14 06:20:00,acc3,I'm rewatching Bleach this weekend. 😀,,
9312,2026-01-14 06:22:00,acc4,My favorite moment in My Hero Academia still gives me chills 🔥,9310,🔥
9313,2026-01-14 06:24:00,acc1,Who's your favorite character from Steins;Gate? 🙌,,👍
9314,2026-01-14 06:26:00,acc2,Who's your favorite character from Solo Leveling? 📚,9308,😭
9315,2026-01-14 06:28:00,acc3,No spoilers please! 🎉,,🔥
9316,2026-01-14 06:30:00,acc4,My favorite moment in Jujutsu Kaisen still gives me chills ✨,9301,🔥
9317,2026-01-14 06:32:00,acc1,I think today's episode was incredible! 👀,9309,👍
9318,2026-01-14 06:34:00,acc2,I'm rewatching Death Note this weekend. 📚,,💯
9319,2026-01-14 06:36:00,acc3,Random anime fact: Studio Ghibli films are famous for hand-drawn animation. 😎,9309,😎
9320,2026-01-14 06:38:00,acc4,Random anime fact: Voice actors in Japan are called seiyuu. ⚡,,😂
9321,2026-01-14 06:40:00,acc1,Random anime fact: Attack on Titan changed many viewers' expectations of anime. 🎉,9312,👍
9322,2026-01-14 06:42:00,acc2,Random anime fact: Attack on Titan changed many viewers' expectations of anime. ❤️,9317,😮
9323,2026-01-14 06:44:00,acc3,I think today's episode was incredible! 🤔,9316,😂
9324,2026-01-14 06:46:00,acc4,Anyone watching Steins;Gate lately? 📚,,🔥
9325,2026-01-14 06:48:00,acc1,No spoilers please! 😂,,😮
9326,2026-01-14 06:50:00,acc2,"Quote of the day: ""People's dreams never end."" 😎",9318,😂
9327,2026-01-14 06:52:00,acc3,Who's your favorite character from Death Note? 💯,9311,
9328,2026-01-14 06:54:00,acc4,My favorite moment in Steins;Gate still gives me chills ⚡,9326,❤️
9329,2026-01-14 06:56:00,acc1,Anyone watching Fullmetal Alchemist lately? 🎉,,❤️
9330,2026-01-14 06:58:00,acc2,"Quote of the day: ""People's dreams never end."" ❤️",,😭
9331,2026-01-14 07:00:00,acc3,Anyone watching Fullmetal Alchemist lately? ⚡,,👏
9332,2026-01-14 07:02:00,acc4,Who's your favorite character from Solo Leveling? ❤️,9317,😮
9333,2026-01-14 07:04:00,acc1,I'm rewatching Attack on Titan this weekend. ⚡,9325,👍
9334,2026-01-14 07:06:00,acc2,Random anime fact: Studio Ghibli films are famous for hand-drawn animation. 🔥,9328,🔥
9335,2026-01-14 07:08:00,acc3,No spoilers please! 🔥,9330,❤️
9336,2026-01-14 07:10:00,acc4,No spoilers please! 😀,9334,😂
9337,2026-01-14 07:12:00,acc1,I'm rewatching My Hero Academia this weekend. 💯,,💯
9338,2026-01-14 07:14:00,acc2,I think today's episode was incredible! 🔥,,💯
9339,2026-01-14 07:16:00,acc3,"Quote of the day: ""The world isn't perfect, but it's beautiful."" 🍜",,🔥
9340,2026-01-14 07:18:00,acc4,Random anime fact: Voice actors in Japan are called seiyuu. 😂,,💯
9341,2026-01-14 07:20:00,acc1,Anyone watching Hunter x Hunter lately? 😀,9330,😎
9342,2026-01-14 07:22:00,acc2,No spoilers please! 🔥,9332,🔥
9343,2026-01-14 07:24:00,acc3,Random anime fact: Voice actors in Japan are called seiyuu. 😀,,👏
9344,2026-01-14 07:26:00,acc4,Who's your favorite character from Death Note? 😎,9334,💯
9345,2026-01-14 07:28:00,acc1,My favorite moment in Death Note still gives me chills 🔥,,😎
9346,2026-01-14 07:30:00,acc2,No spoilers please! 🔥,9342,😮
9347,2026-01-14 07:32:00,acc3,Opening theme has been stuck in my head. 🎉,,
9348,2026-01-14 07:34:00,acc4,Opening theme has been stuck in my head. 🎉,9337,🔥
9349,2026-01-14 07:36:00,acc1,My favorite moment in Solo Leveling still gives me chills 🎉,9337,😂
9350,2026-01-14 07:38:00,acc2,My favorite moment in Vinland Saga still gives me chills ⚡,9342,
9351,2026-01-14 07:40:00,acc3,My favorite moment in Demon Slayer still gives me chills 😀,,❤️
9352,2026-01-14 07:42:00,acc4,"Quote of the day: ""The world isn't perfect, but it's beautiful."" ⚡",,😂
9353,2026-01-14 07:44:00,acc1,I'm rewatching Attack on Titan this weekend. 💯,9346,😮
9354,2026-01-14 07:46:00,acc2,I'm rewatching Bleach this weekend. ⚡,9338,😮
9355,2026-01-14 07:48:00,acc3,That animation quality was insane! ⚡,9346,
9356,2026-01-14 07:50:00,acc4,I'm rewatching Attack on Titan this weekend. 🔥,,😮
9357,2026-01-14 07:52:00,acc1,Anyone watching Hunter x Hunter lately? 💯,9344,👍
9358,2026-01-14 07:54:00,acc2,Random anime fact: One Piece is among the best-selling manga series. ✨,,🔥
9359,2026-01-14 07:56:00,acc3,"Quote of the day: ""Keep moving forward."" ⚡",9348,💯
9360,2026-01-14 07:58:00,acc4,My favorite moment in Hunter x Hunter still gives me chills 😂,9351,😎
9361,2026-01-14 08:00:00,acc1,That animation quality was insane! 🔥,9358,
9362,2026-01-14 08:02:00,acc2,My favorite moment in Death Note still gives me chills 🤔,9351,
9363,2026-01-14 08:04:00,acc3,That animation quality was insane! 😎,9359,👍
9364,2026-01-14 08:06:00,acc4,Opening theme has been stuck in my head. ⚡,9355,
9365,2026-01-14 08:08:00,acc1,That animation quality was insane! 🍜,9363,❤️
9366,2026-01-14 08:10:00,acc2,Opening theme has been stuck in my head. 📚,9358,😭
9367,2026-01-14 08:12:00,acc3,That animation quality was insane! ✨,,💯
9368,2026-01-14 08:14:00,acc4,Opening theme has been stuck in my head. ❤️,,🔥
9369,2026-01-14 08:16:00,acc1,That animation quality was insane! ❤️,,😭
9370,2026-01-14 08:18:00,acc2,Anyone watching Dragon Ball lately? 😎,9358,❤️
9371,2026-01-14 08:20:00,acc3,No spoilers please! 🎉,9356,❤️
9372,2026-01-14 08:22:00,acc4,No spoilers please! 🎉,9356,😭
9373,2026-01-14 08:24:00,acc1,Opening theme has been stuck in my head. 🍜,9368,😎
9374,2026-01-14 08:26:00,acc2,I think today's episode was incredible! 🔥,,❤️
9375,2026-01-14 08:28:00,acc3,Random anime fact: One Piece is among the best-selling manga series. 😀,9359,😂
9376,2026-01-14 08:30:00,acc4,Random anime fact: Voice actors in Japan are called seiyuu. 📚,9364,💯
9377,2026-01-14 08:32:00,acc1,My favorite moment in Vinland Saga still gives me chills 🤔,9374,👏
9378,2026-01-14 08:34:00,acc2,That animation quality was insane! 🔥,,😭
9379,2026-01-14 08:36:00,acc3,No spoilers please! ✨,,
9380,2026-01-14 08:38:00,acc4,Anyone watching Demon Slayer lately? 😎,9375,❤️
9381,2026-01-14 08:40:00,acc1,I'm rewatching Demon Slayer this weekend. 😂,,😮
9382,2026-01-14 08:42:00,acc2,Who's your favorite character from Dragon Ball? 📚,,🔥
9383,2026-01-14 08:44:00,acc3,Anyone watching Solo Leveling lately? 😎,9377,😭
9384,2026-01-14 08:46:00,acc4,I'm rewatching One Piece this weekend. 😎,,
9385,2026-01-14 08:48:00,acc1,That animation quality was insane! 🍜,9381,😂
9386,2026-01-14 08:50:00,acc2,Who's your favorite character from Vinland Saga? 🍜,9371,😎
9387,2026-01-14 08:52:00,acc3,No spoilers please! 😭,,🔥
9388,2026-01-14 08:54:00,acc4,My favorite moment in Attack on Titan still gives me chills 😀,9381,😭
9389,2026-01-14 08:56:00,acc1,Anyone watching Death Note lately? 💯,,😂
9390,2026-01-14 08:58:00,acc2,That animation quality was insane! 🙌,,😂
9391,2026-01-14 09:00:00,acc3,"Quote of the day: ""A lesson without pain is meaningless."" 🔥",,😂
9392,2026-01-14 09:02:00,acc4,My favorite moment in Jujutsu Kaisen still gives me chills 😎,,😮
9393,2026-01-14 09:04:00,acc1,My favorite moment in Solo Leveling still gives me chills 🔥,,👍
9394,2026-01-14 09:06:00,acc2,Anyone watching Demon Slayer lately? 🍜,9379,❤️
9395,2026-01-14 09:08:00,acc3,Who's your favorite character from Fullmetal Alchemist? 🤔,,👏
9396,2026-01-14 09:10:00,acc4,That animation quality was insane! 🎉,,
9397,2026-01-14 09:12:00,acc1,Opening theme has been stuck in my head. 🍜,9381,
9398,2026-01-14 09:14:00,acc2,Opening theme has been stuck in my head. ✨,9387,😭
9399,2026-01-14 09:16:00,acc3,My favorite moment in Jujutsu Kaisen still gives me chills 🙌,,🔥
9400,2026-01-14 09:18:00,acc4,"Quote of the day: ""People's dreams never end."" 😎",9392,😎
9401,2026-01-14 09:20:00,acc1,Who's your favorite character from Dragon Ball? 👀,9394,
9402,2026-01-14 09:22:00,acc2,No spoilers please! 👀,,
9403,2026-01-14 09:24:00,acc3,Anyone watching Jujutsu Kaisen lately? 😂,,
9404,2026-01-14 09:26:00,acc4,My favorite moment in Naruto still gives me chills 💯,,💯
9405,2026-01-14 09:28:00,acc1,Anyone watching Steins;Gate lately? 👀,9395,😎
9406,2026-01-14 09:30:00,acc2,Anyone watching My Hero Academia lately? ✨,,❤️
9407,2026-01-14 09:32:00,acc3,I'm rewatching Jujutsu Kaisen this weekend. 🎉,9391,👏
9408,2026-01-14 09:34:00,acc4,I'm rewatching Fullmetal Alchemist this weekend. 🙌,,😎
9409,2026-01-14 09:36:00,acc1,Opening theme has been stuck in my head. 🔥,9393,🔥
9410,2026-01-14 09:38:00,acc2,"Quote of the day: ""The world isn't perfect, but it's beautiful."" ❤️",9394,👍
9411,2026-01-14 09:40:00,acc3,"Quote of the day: ""Power comes in response to a need."" 💯",,💯
9412,2026-01-14 09:42:00,acc4,Anyone watching Frieren lately? 😂,9408,😂
9413,2026-01-14 09:44:00,acc1,No spoilers please! 😀,9402,😎
9414,2026-01-14 09:46:00,acc2,Who's your favorite character from Haikyuu!!? ❤️,9406,❤️
9415,2026-01-14 09:48:00,acc3,My favorite moment in Hunter x Hunter still gives me chills 📚,,😮
9416,2026-01-14 09:50:00,acc4,I'm rewatching My Hero Academia this weekend. 😭,,😭
9417,2026-01-14 09:52:00,acc1,Who's your favorite character from Hunter x Hunter? 😂,,💯
9418,2026-01-14 09:54:00,acc2,My favorite moment in Bleach still gives me chills 🍜,,🔥
9419,2026-01-14 09:56:00,acc3,Opening theme has been stuck in my head. ⚡,9407,😭
9420,2026-01-14 09:58:00,acc4,Anyone watching Haikyuu!! lately? 😎,,🔥
9421,2026-01-14 10:00:00,acc1,That animation quality was insane! 📚,9409,❤️
9422,2026-01-14 10:02:00,acc2,Who's your favorite character from My Hero Academia? ❤️,,
9423,2026-01-14 10:04:00,acc3,"Quote of the day: ""Power comes in response to a need."" 😂",9409,💯
9424,2026-01-14 10:06:00,acc4,My favorite moment in Fullmetal Alchemist still gives me chills 📚,9421,👏
9425,2026-01-14 10:08:00,acc1,Random anime fact: Attack on Titan changed many viewers' expectations of anime. 🔥,9412,👍
9426,2026-01-14 10:10:00,acc2,"Quote of the day: ""People's dreams never end."" 🎉",,😭
9427,2026-01-14 10:12:00,acc3,Anyone watching One Piece lately? 🎉,,😎
9428,2026-01-14 10:14:00,acc4,Opening theme has been stuck in my head. 🔥,,👍
9429,2026-01-14 10:16:00,acc1,"Quote of the day: ""Keep moving forward."" ⚡",9418,❤️
9430,2026-01-14 10:18:00,acc2,My favorite moment in Jujutsu Kaisen still gives me chills 🍜,9424,😂
9431,2026-01-14 10:20:00,acc3,I'm rewatching Solo Leveling this weekend. 😭,9418,❤️
9432,2026-01-14 10:22:00,acc4,No spoilers please! ⚡,,😮
9433,2026-01-14 10:24:00,acc1,That animation quality was insane! 🙌,9428,❤️
9434,2026-01-14 10:26:00,acc2,That animation quality was insane! 📚,9432,👏
9435,2026-01-14 10:28:00,acc3,Anyone watching Solo Leveling lately? 😂,9428,👏
9436,2026-01-14 10:30:00,acc4,My favorite moment in Fullmetal Alchemist still gives me chills 🍜,,💯
9437,2026-01-14 10:32:00,acc1,I think today's episode was incredible! 💯,9433,❤️
9438,2026-01-14 10:34:00,acc2,Random anime fact: Studio Ghibli films are famous for hand-drawn animation. 😂,9432,😎
9439,2026-01-14 10:36:00,acc3,"Quote of the day: ""Power comes in response to a need."" 🔥",9433,👏
9440,2026-01-14 10:38:00,acc4,That animation quality was insane! 👀,,👏
9441,2026-01-14 10:40:00,acc1,No spoilers please! 🎉,,😮
9442,2026-01-14 10:42:00,acc2,Anyone watching Solo Leveling lately? 🍜,,👍
9443,2026-01-14 10:44:00,acc3,No spoilers please! 🎉,9435,😎
9444,2026-01-14 10:46:00,acc4,Who's your favorite character from Frieren? 🍜,9441,👍
9445,2026-01-14 10:48:00,acc1,That animation quality was insane! 🎉,9443,👍
9446,2026-01-14 10:50:00,acc2,I think today's episode was incredible! 😀,9432,❤️
9447,2026-01-14 10:52:00,acc3,I'm rewatching One Piece this weekend. 🎉,9434,👍
9448,2026-01-14 10:54:00,acc4,Random anime fact: Studio Ghibli films are famous for hand-drawn animation. 😀,9435,🔥
9449,2026-01-14 10:56:00,acc1,Anyone watching Fullmetal Alchemist lately? ⚡,,
9450,2026-01-14 10:58:00,acc2,"Quote of the day: ""A lesson without pain is meaningless."" 🤔",9435,😂
9451,2026-01-14 11:00:00,acc3,"Quote of the day: ""People's dreams never end."" 🎉",,🔥
9452,2026-01-14 11:02:00,acc4,No spoilers please! ✨,9440,👍
9453,2026-01-14 11:04:00,acc1,I'm rewatching Frieren this weekend. 🔥,,😂
9454,2026-01-14 11:06:00,acc2,I think today's episode was incredible! 😂,,😮
9455,2026-01-14 11:08:00,acc3,I think today's episode was incredible! 🎉,,😮
9456,2026-01-14 11:10:00,acc4,My favorite moment in Vinland Saga still gives me chills 😀,,😎
9457,2026-01-14 11:12:00,acc1,"Quote of the day: ""The world isn't perfect, but it's beautiful."" 😂",9448,
9458,2026-01-14 11:14:00,acc2,I think today's episode was incredible! 👀,9453,😮
9459,2026-01-14 11:16:00,acc3,I'm rewatching Haikyuu!! this weekend. ❤️,,😮
9460,2026-01-14 11:18:00,acc4,Who's your favorite character from Naruto? 💯,,😮
9461,2026-01-14 11:20:00,acc1,I'm rewatching One Piece this weekend. 😂,9451,🔥
9462,2026-01-14 11:22:00,acc2,Who's your favorite character from Frieren? 😂,,👍
9463,2026-01-14 11:24:00,acc3,Who's your favorite character from Bleach? 😀,,😂
9464,2026-01-14 11:26:00,acc4,I'm rewatching Vinland Saga this weekend. 😭,,💯
9465,2026-01-14 11:28:00,acc1,No spoilers please! 🎉,9452,💯
9466,2026-01-14 11:30:00,acc2,Opening theme has been stuck in my head. 😀,,❤️
9467,2026-01-14 11:32:00,acc3,My favorite moment in Vinland Saga still gives me chills ❤️,9465,
9468,2026-01-14 11:34:00,acc4,Anyone watching One Piece lately? ⚡,,😮
9469,2026-01-14 11:36:00,acc1,Anyone watching Haikyuu!! lately? ⚡,9464,😂
9470,2026-01-14 11:38:00,acc2,Opening theme has been stuck in my head. 📚,,💯
9471,2026-01-14 11:40:00,acc3,Who's your favorite character from My Hero Academia? 😂,9467,💯
9472,2026-01-14 11:42:00,acc4,Anyone watching Steins;Gate lately? 🎉,9464,😂
9473,2026-01-14 11:44:00,acc1,"Quote of the day: ""Power comes in response to a need."" 💯",9470,
9474,2026-01-14 11:46:00,acc2,I'm rewatching Vinland Saga this weekend. 🙌,9465,🔥
9475,2026-01-14 11:48:00,acc3,Who's your favorite character from Jujutsu Kaisen? 🔥,9468,😂
9476,2026-01-14 11:50:00,acc4,"Quote of the day: ""People's dreams never end."" ❤️",,👍
9477,2026-01-14 11:52:00,acc1,Opening theme has been stuck in my head. 😭,9467,👍
9478,2026-01-14 11:54:00,acc2,Random anime fact: One Piece is among the best-selling manga series. 🍜,9466,👏
9479,2026-01-14 11:56:00,acc3,I think today's episode was incredible! 👀,9465,💯
9480,2026-01-14 11:58:00,acc4,"Quote of the day: ""Keep moving forward."" 😂",,🔥
9481,2026-01-14 12:00:00,acc1,Anyone watching Bleach lately? ✨,,💯
9482,2026-01-14 12:02:00,acc2,Who's your favorite character from Demon Slayer? ⚡,9466,😮
9483,2026-01-14 12:04:00,acc3,Who's your favorite character from Frieren? 🔥,,😂
9484,2026-01-14 12:06:00,acc4,That animation quality was insane! 🔥,,💯
9485,2026-01-14 12:08:00,acc1,"Quote of the day: ""The world isn't perfect, but it's beautiful."" 😎",,👍
9486,2026-01-14 12:10:00,acc2,That animation quality was insane! ⚡,9481,👍
9487,2026-01-14 12:12:00,acc3,"Quote of the day: ""A lesson without pain is meaningless."" 😂",9478,😎
9488,2026-01-14 12:14:00,acc4,That animation quality was insane! ⚡,,
9489,2026-01-14 12:16:00,acc1,I'm rewatching Hunter x Hunter this weekend. 🙌,9475,😮
9490,2026-01-14 12:18:00,acc2,No spoilers please! ⚡,,❤️
9491,2026-01-14 12:20:00,acc3,That animation quality was insane! 💯,9487,❤️
9492,2026-01-14 12:22:00,acc4,That animation quality was insane! 🔥,9478,😮
9493,2026-01-14 12:24:00,acc1,Opening theme has been stuck in my head. 👀,9487,😎
9494,2026-01-14 12:26:00,acc2,Anyone watching Bleach lately? 🙌,,😎
9495,2026-01-14 12:28:00,acc3,That animation quality was insane! 🤔,9490,👍
9496,2026-01-14 12:30:00,acc4,I'm rewatching Frieren this weekend. 😭,9483,😂
9497,2026-01-14 12:32:00,acc1,Who's your favorite character from Solo Leveling? ✨,9481,💯
9498,2026-01-14 12:34:00,acc2,That animation quality was insane! 😂,,💯
9499,2026-01-14 12:36:00,acc3,That animation quality was insane! 🙌,9484,😂
9500,2026-01-14 12:38:00,acc4,I think today's episode was incredible! 😂,9492,👍
9501,2026-01-14 12:40:00,acc1,Who's your favorite character from Death Note? 📚,9492,👍
9502,2026-01-14 12:42:00,acc2,Random anime fact: One Piece is among the best-selling manga series. 😭,9500,😂
9503,2026-01-14 12:44:00,acc3,I'm rewatching Hunter x Hunter this weekend. 🔥,9493,👏
9504,2026-01-14 12:46:00,acc4,"Quote of the day: ""Keep moving forward."" 😂",9496,
9505,2026-01-14 12:48:00,acc1,"Quote of the day: ""A lesson without pain is meaningless."" 📚",,🔥
9506,2026-01-14 12:50:00,acc2,Opening theme has been stuck in my head. 🔥,9494,👏
9507,2026-01-14 12:52:00,acc3,Opening theme has been stuck in my head. 🤔,9493,😮
9508,2026-01-14 12:54:00,acc4,Who's your favorite character from Naruto? 😀,9504,❤️
9509,2026-01-14 12:56:00,acc1,That animation quality was insane! 💯,9493,👏
9510,2026-01-14 12:58:00,acc2,Random anime fact: Attack on Titan changed many viewers' expectations of anime. 👀,9497,
9511,2026-01-14 13:00:00,acc3,No spoilers please! 💯,,😂
9512,2026-01-14 13:02:00,acc4,My favorite moment in Dragon Ball still gives me chills 🔥,,😎
9513,2026-01-14 13:04:00,acc1,No spoilers please! 🔥,9508,😂
9514,2026-01-14 13:06:00,acc2,Opening theme has been stuck in my head. ✨,,👏
9515,2026-01-14 13:08:00,acc3,My favorite moment in Vinland Saga still gives me chills 💯,9506,😎
9516,2026-01-14 13:10:00,acc4,No spoilers please! 💯,9506,❤️
9517,2026-01-14 13:12:00,acc1,"Quote of the day: ""A lesson without pain is meaningless."" ✨",,💯
9518,2026-01-14 13:14:00,acc2,Opening theme has been stuck in my head. 😎,,😭
9519,2026-01-14 13:16:00,acc3,Who's your favorite character from Frieren? ❤️,9509,😭
9520,2026-01-14 13:18:00,acc4,My favorite moment in Steins;Gate still gives me chills 😭,,👏
9521,2026-01-14 13:20:00,acc1,My favorite moment in Dragon Ball still gives me chills 💯,9519,👍
9522,2026-01-14 13:22:00,acc2,I'm rewatching Haikyuu!! this weekend. 🤔,9519,💯
9523,2026-01-14 13:24:00,acc3,No spoilers please! ⚡,,
9524,2026-01-14 13:26:00,acc4,I'm rewatching Haikyuu!! this weekend. 🙌,,😭
9525,2026-01-14 13:28:00,acc1,I'm rewatching Frieren this weekend. 🔥,9520,😂
9526,2026-01-14 13:30:00,acc2,Opening theme has been stuck in my head. 😂,9516,
9527,2026-01-14 13:32:00,acc3,Random anime fact: One Piece is among the best-selling manga series. 🎉,,😮
9528,2026-01-14 13:34:00,acc4,No spoilers please! 🤔,9523,😎
9529,2026-01-14 13:36:00,acc1,No spoilers please! 😭,,😮
9530,2026-01-14 13:38:00,acc2,That animation quality was insane! 😀,9518,❤️
9531,2026-01-14 13:40:00,acc3,Opening theme has been stuck in my head. 📚,,👏
9532,2026-01-14 13:42:00,acc4,My favorite moment in My Hero Academia still gives me chills 🍜,,💯
9533,2026-01-14 13:44:00,acc1,Random anime fact: Attack on Titan changed many viewers' expectations of anime. ⚡,9522,💯
9534,2026-01-14 13:46:00,acc2,"Quote of the day: ""People's dreams never end."" 🔥",9530,😭
9535,2026-01-14 13:48:00,acc3,My favorite moment in Haikyuu!! still gives me chills 📚,,
9536,2026-01-14 13:50:00,acc4,Opening theme has been stuck in my head. ❤️,9528,😭
9537,2026-01-14 13:52:00,acc1,That animation quality was insane! 📚,,😭
9538,2026-01-14 13:54:00,acc2,I'm rewatching Attack on Titan this weekend. 💯,,🔥
9539,2026-01-14 13:56:00,acc3,My favorite moment in Steins;Gate still gives me chills 😭,9532,
9540,2026-01-14 13:58:00,acc4,My favorite moment in My Hero Academia still gives me chills 😂,9529,💯
9541,2026-01-14 14:00:00,acc1,That animation quality was insane! 😀,,❤️
9542,2026-01-14 14:02:00,acc2,That animation quality was insane! 📚,9539,😂
9543,2026-01-14 14:04:00,acc3,That animation quality was insane! 👀,9529,😭
9544,2026-01-14 14:06:00,acc4,Random anime fact: Voice actors in Japan are called seiyuu. 🎉,,🔥
9545,2026-01-14 14:08:00,acc1,That animation quality was insane! 👀,9531,😮
9546,2026-01-14 14:10:00,acc2,My favorite moment in Fullmetal Alchemist still gives me chills ✨,9544,👍
9547,2026-01-14 14:12:00,acc3,Opening theme has been stuck in my head. ✨,,💯
9548,2026-01-14 14:14:00,acc4,Opening theme has been stuck in my head. 😭,,😮
9549,2026-01-14 14:16:00,acc1,Opening theme has been stuck in my head. 🔥,9541,🔥
9550,2026-01-14 14:18:00,acc2,My favorite moment in Steins;Gate still gives me chills 😎,9540,😮
9551,2026-01-14 14:20:00,acc3,My favorite moment in Haikyuu!! still gives me chills 💯,,👍
9552,2026-01-14 14:22:00,acc4,Random anime fact: Many anime openings become chart-topping songs. 🤔,9550,🔥
9553,2026-01-14 14:24:00,acc1,I think today's episode was incredible! 🤔,9547,😎
9554,2026-01-14 14:26:00,acc2,Random anime fact: Attack on Titan changed many viewers' expectations of anime. 👀,,😂
9555,2026-01-14 14:28:00,acc3,I think today's episode was incredible! 📚,9548,😭
9556,2026-01-14 14:30:00,acc4,Who's your favorite character from My Hero Academia? 😎,,👍
9557,2026-01-14 14:32:00,acc1,Who's your favorite character from Bleach? ❤️,9541,💯
9558,2026-01-14 14:34:00,acc2,I'm rewatching My Hero Academia this weekend. 📚,,💯
9559,2026-01-14 14:36:00,acc3,Anyone watching Vinland Saga lately? 💯,9555,😎
9560,2026-01-14 14:38:00,acc4,Random anime fact: One Piece is among the best-selling manga series. 😭,,💯
9561,2026-01-14 14:40:00,acc1,Anyone watching Death Note lately? ❤️,,👏
9562,2026-01-14 14:42:00,acc2,Opening theme has been stuck in my head. 👀,9557,❤️
9563,2026-01-14 14:44:00,acc3,No spoilers please! 🤔,9548,🔥
9564,2026-01-14 14:46:00,acc4,Random anime fact: One Piece is among the best-selling manga series. 🔥,9561,👍
9565,2026-01-14 14:48:00,acc1,My favorite moment in Haikyuu!! still gives me chills 🔥,,👍
9566,2026-01-14 14:50:00,acc2,That animation quality was insane! 📚,9559,
9567,2026-01-14 14:52:00,acc3,Who's your favorite character from Steins;Gate? ❤️,9552,😮
9568,2026-01-14 14:54:00,acc4,Who's your favorite character from Haikyuu!!? 🔥,9556,👍
9569,2026-01-14 14:56:00,acc1,"Quote of the day: ""Power comes in response to a need."" 📚",,😮
9570,2026-01-14 14:58:00,acc2,I think today's episode was incredible! 🍜,,💯
9571,2026-01-14 15:00:00,acc3,My favorite moment in Bleach still gives me chills 🔥,,🔥
9572,2026-01-14 15:02:00,acc4,My favorite moment in Demon Slayer still gives me chills 😀,9569,
9573,2026-01-14 15:04:00,acc1,"Quote of the day: ""People's dreams never end."" 😀",,❤️
9574,2026-01-14 15:06:00,acc2,Anyone watching Haikyuu!! lately? 🙌,9565,😂
9575,2026-01-14 15:08:00,acc3,Anyone watching Haikyuu!! lately? 💯,9564,❤️
9576,2026-01-14 15:10:00,acc4,No spoilers please! 🍜,9574,👍
9577,2026-01-14 15:12:00,acc1,No spoilers please! 💯,,😭
9578,2026-01-14 15:14:00,acc2,"Quote of the day: ""People's dreams never end."" 👀",,😂
9579,2026-01-14 15:16:00,acc3,Opening theme has been stuck in my head. 🤔,,👏
9580,2026-01-14 15:18:00,acc4,My favorite moment in Demon Slayer still gives me chills 😂,9571,💯
9581,2026-01-14 15:20:00,acc1,Random anime fact: One Piece is among the best-selling manga series. 📚,,❤️
9582,2026-01-14 15:22:00,acc2,I think today's episode was incredible! 📚,9577,🔥
9583,2026-01-14 15:24:00,acc3,Opening theme has been stuck in my head. 😂,,
9584,2026-01-14 15:26:00,acc4,Opening theme has been stuck in my head. 😎,,😮
9585,2026-01-14 15:28:00,acc1,That animation quality was insane! 🙌,,❤️
9586,2026-01-14 15:30:00,acc2,Random anime fact: Attack on Titan changed many viewers' expectations of anime. 🙌,,
9587,2026-01-14 15:32:00,acc3,No spoilers please! 🍜,,😎
9588,2026-01-14 15:34:00,acc4,I think today's episode was incredible! 🔥,9577,
9589,2026-01-14 15:36:00,acc1,My favorite moment in Attack on Titan still gives me chills 🔥,9584,😭
9590,2026-01-14 15:38:00,acc2,Anyone watching Demon Slayer lately? 😭,9575,😎
9591,2026-01-14 15:40:00,acc3,Anyone watching Demon Slayer lately? 💯,9576,😭
9592,2026-01-14 15:42:00,acc4,My favorite moment in One Piece still gives me chills 📚,,🔥
9593,2026-01-14 15:44:00,acc1,Who's your favorite character from Frieren? 🔥,,👍
9594,2026-01-14 15:46:00,acc2,"Quote of the day: ""People's dreams never end."" 🙌",,
9595,2026-01-14 15:48:00,acc3,I'm rewatching Dragon Ball this weekend. 🤔,,😂
9596,2026-01-14 15:50:00,acc4,Opening theme has been stuck in my head. 🔥,,😮
9597,2026-01-14 15:52:00,acc1,Opening theme has been stuck in my head. 🙌,9595,❤️
9598,2026-01-14 15:54:00,acc2,My favorite moment in Bleach still gives me chills 🔥,9585,😭
9599,2026-01-14 15:56:00,acc3,My favorite moment in Naruto still gives me chills 🙌,,❤️
9600,2026-01-14 15:58:00,acc4,I'm rewatching Haikyuu!! this weekend. 🔥,,😂
9601,2026-01-14 16:00:00,acc1,Random anime fact: Did you know? Anime is often adapted from manga or light novels. 🎉,,❤️
9602,2026-01-14 16:02:00,acc2,No spoilers please! 😀,,😂
9603,2026-01-14 16:04:00,acc3,"Quote of the day: ""People's dreams never end."" 😎",9600,
9604,2026-01-14 16:06:00,acc4,My favorite moment in Hunter x Hunter still gives me chills 🍜,9600,🔥
9605,2026-01-14 16:08:00,acc1,No spoilers please! 🙌,9592,👍
9606,2026-01-14 16:10:00,acc2,Opening theme has been stuck in my head. ❤️,9599,😎
9607,2026-01-14 16:12:00,acc3,I'm rewatching Death Note this weekend. ⚡,,👍
9608,2026-01-14 16:14:00,acc4,I'm rewatching Frieren this weekend. ✨,9600,👍
9609,2026-01-14 16:16:00,acc1,I'm rewatching One Piece this weekend. 🍜,9597,😂
9610,2026-01-14 16:18:00,acc2,I'm rewatching My Hero Academia this weekend. 👀,9599,😂
9611,2026-01-14 16:20:00,acc3,My favorite moment in Dragon Ball still gives me chills 👀,,😎
9612,2026-01-14 16:22:00,acc4,My favorite moment in Solo Leveling still gives me chills ❤️,9603,😮
9613,2026-01-14 16:24:00,acc1,My favorite moment in Steins;Gate still gives me chills 🎉,9602,😮
9614,2026-01-14 16:26:00,acc2,Who's your favorite character from Steins;Gate? ❤️,,😂
9615,2026-01-14 16:28:00,acc3,No spoilers please! 💯,9611,👏
9616,2026-01-14 16:30:00,acc4,Opening theme has been stuck in my head. ✨,,❤️
9617,2026-01-14 16:32:00,acc1,No spoilers please! 📚,9605,😎
9618,2026-01-14 16:34:00,acc2,Opening theme has been stuck in my head. 🤔,9614,
9619,2026-01-14 16:36:00,acc3,Anyone watching Vinland Saga lately? 🙌,9610,😂
9620,2026-01-14 16:38:00,acc4,I'm rewatching Solo Leveling this weekend. 🍜,9609,🔥
9621,2026-01-14 16:40:00,acc1,That animation quality was insane! 🎉,9610,🔥
9622,2026-01-14 16:42:00,acc2,My favorite moment in Jujutsu Kaisen still gives me chills ✨,9617,❤️
9623,2026-01-14 16:44:00,acc3,That animation quality was insane! 🎉,,
9624,2026-01-14 16:46:00,acc4,Opening theme has been stuck in my head. 😭,9611,❤️
9625,2026-01-14 16:48:00,acc1,I think today's episode was incredible! 🎉,9610,💯
9626,2026-01-14 16:50:00,acc2,Opening theme has been stuck in my head. 🙌,,👍
9627,2026-01-14 16:52:00,acc3,Opening theme has been stuck in my head. 😂,9615,
9628,2026-01-14 16:54:00,acc4,That animation quality was insane! 😭,,
9629,2026-01-14 16:56:00,acc1,Who's your favorite character from One Piece? 💯,9626,😮
9630,2026-01-14 16:58:00,acc2,That animation quality was insane! 😎,9628,😭
9631,2026-01-14 17:00:00,acc3,That animation quality was insane! 😀,9625,😮
9632,2026-01-14 17:02:00,acc4,No spoilers please! 😀,9619,👏
9633,2026-01-14 17:04:00,acc1,I think today's episode was incredible! ❤️,9631,👏
9634,2026-01-14 17:06:00,acc2,My favorite moment in Attack on Titan still gives me chills ❤️,9632,💯
9635,2026-01-14 17:08:00,acc3,"Quote of the day: ""A lesson without pain is meaningless."" 🔥",,💯
9636,2026-01-14 17:10:00,acc4,That animation quality was insane! 😂,9628,😎
9637,2026-01-14 17:12:00,acc1,I'm rewatching Fullmetal Alchemist this weekend. 🎉,9623,👍
9638,2026-01-14 17:14:00,acc2,My favorite moment in Frieren still gives me chills ⚡,9630,😮
9639,2026-01-14 17:16:00,acc3,That animation quality was insane! 🙌,9629,👏
9640,2026-01-14 17:18:00,acc4,"Quote of the day: ""Power comes in response to a need."" 🤔",9637,😂
9641,2026-01-14 17:20:00,acc1,I'm rewatching Steins;Gate this weekend. 😎,,
9642,2026-01-14 17:22:00,acc2,Who's your favorite character from Haikyuu!!? 🙌,9630,👍
9643,2026-01-14 17:24:00,acc3,Opening theme has been stuck in my head. 👀,9629,👏
9644,2026-01-14 17:26:00,acc4,That animation quality was insane! ❤️,9628,😎
9645,2026-01-14 17:28:00,acc1,No spoilers please! 💯,9630,🔥
9646,2026-01-14 17:30:00,acc2,Random anime fact: Many anime openings become chart-topping songs. 📚,,👍
9647,2026-01-14 17:32:00,acc3,Random anime fact: One Piece is among the best-selling manga series. ⚡,9639,💯
9648,2026-01-14 17:34:00,acc4,No spoilers please! 😂,9633,
9649,2026-01-14 17:36:00,acc1,Who's your favorite character from Attack on Titan? 💯,9644,💯
9650,2026-01-14 17:38:00,acc2,I think today's episode was incredible! 🎉,9635,😎
9651,2026-01-14 17:40:00,acc3,I'm rewatching Frieren this weekend. 💯,9638,👏
9652,2026-01-14 17:42:00,acc4,No spoilers please! ✨,,😭
9653,2026-01-14 17:44:00,acc1,Random anime fact: Did you know? Anime is often adapted from manga or light novels. ❤️,,😎
9654,2026-01-14 17:46:00,acc2,"Quote of the day: ""The world isn't perfect, but it's beautiful."" 🍜",9641,💯
9655,2026-01-14 17:48:00,acc3,Random anime fact: Many anime openings become chart-topping songs. 🍜,,😂
9656,2026-01-14 17:50:00,acc4,Random anime fact: One Piece is among the best-selling manga series. 💯,9641,❤️
9657,2026-01-14 17:52:00,acc1,"Quote of the day: ""Keep moving forward."" 😂",,👏
9658,2026-01-14 17:54:00,acc2,My favorite moment in Bleach still gives me chills ⚡,9647,😎
9659,2026-01-14 17:56:00,acc3,Opening theme has been stuck in my head. 🍜,,👍
9660,2026-01-14 17:58:00,acc4,"Quote of the day: ""A lesson without pain is meaningless."" ❤️",,😮
9661,2026-01-14 18:00:00,acc1,No spoilers please! 😭,9656,😮
9662,2026-01-14 18:02:00,acc2,Who's your favorite character from Fullmetal Alchemist? 🎉,,😂
9663,2026-01-14 18:04:00,acc3,"Quote of the day: ""The world isn't perfect, but it's beautiful."" 🍜",9660,😭
9664,2026-01-14 18:06:00,acc4,Anyone watching Fullmetal Alchemist lately? 📚,,👍
9665,2026-01-14 18:08:00,acc1,That animation quality was insane! 😭,9651,🔥
9666,2026-01-14 18:10:00,acc2,"Quote of the day: ""A lesson without pain is meaningless."" 🤔",9663,👍
9667,2026-01-14 18:12:00,acc3,My favorite moment in Attack on Titan still gives me chills 🎉,9651,👍
9668,2026-01-14 18:14:00,acc4,I think today's episode was incredible! 👀,,😭
9669,2026-01-14 18:16:00,acc1,Who's your favorite character from Attack on Titan? 🙌,,💯
9670,2026-01-14 18:18:00,acc2,"Quote of the day: ""The world isn't perfect, but it's beautiful."" 💯",9661,👍
9671,2026-01-14 18:20:00,acc3,I'm rewatching Steins;Gate this weekend. 💯,,😭
9672,2026-01-14 18:22:00,acc4,I think today's episode was incredible! ❤️,9669,👏
9673,2026-01-14 18:24:00,acc1,Random anime fact: Many anime openings become chart-topping songs. 😭,,😎
9674,2026-01-14 18:26:00,acc2,Anyone watching Frieren lately? 😭,,😭
9675,2026-01-14 18:28:00,acc3,My favorite moment in Frieren still gives me chills 👀,9665,❤️
9676,2026-01-14 18:30:00,acc4,I think today's episode was incredible! 😂,,❤️
9677,2026-01-14 18:32:00,acc1,Anyone watching Dragon Ball lately? 😀,,😎
9678,2026-01-14 18:34:00,acc2,No spoilers please! 😀,,
9679,2026-01-14 18:36:00,acc3,I think today's episode was incredible! 👀,9674,
9680,2026-01-14 18:38:00,acc4,That animation quality was insane! 🤔,9676,❤️
9681,2026-01-14 18:40:00,acc1,Anyone watching Demon Slayer lately? 😀,9677,👏
9682,2026-01-14 18:42:00,acc2,Who's your favorite character from Jujutsu Kaisen? 😀,,❤️
9683,2026-01-14 18:44:00,acc3,Random anime fact: Did you know? Anime is often adapted from manga or light novels. 😭,9679,😮
9684,2026-01-14 18:46:00,acc4,My favorite moment in Demon Slayer still gives me chills 🔥,9680,😂
9685,2026-01-14 18:48:00,acc1,Who's your favorite character from Naruto? ❤️,,👍
9686,2026-01-14 18:50:00,acc2,Opening theme has been stuck in my head. 💯,9675,😭
9687,2026-01-14 18:52:00,acc3,"Quote of the day: ""Keep moving forward."" ⚡",,🔥
9688,2026-01-14 18:54:00,acc4,I'm rewatching My Hero Academia this weekend. 😀,,😭
9689,2026-01-14 18:56:00,acc1,My favorite moment in Attack on Titan still gives me chills 😭,9680,😮
9690,2026-01-14 18:58:00,acc2,"Quote of the day: ""Keep moving forward."" 🤔",9687,👏
9691,2026-01-14 19:00:00,acc3,"Quote of the day: ""Keep moving forward."" 🤔",9680,
9692,2026-01-14 19:02:00,acc4,My favorite moment in Solo Leveling still gives me chills 😎,9679,💯
9693,2026-01-14 19:04:00,acc1,I'm rewatching Naruto this weekend. ✨,,😮
9694,2026-01-14 19:06:00,acc2,Who's your favorite character from Hunter x Hunter? ✨,9684,👍
9695,2026-01-14 19:08:00,acc3,Who's your favorite character from Vinland Saga? 📚,,😂
9696,2026-01-14 19:10:00,acc4,That animation quality was insane! 👀,9683,😭
9697,2026-01-14 19:12:00,acc1,Anyone watching Solo Leveling lately? 👀,,👏
9698,2026-01-14 19:14:00,acc2,That animation quality was insane! 😀,,👏
9699,2026-01-14 19:16:00,acc3,Anyone watching Frieren lately? 🤔,9697,😂
9700,2026-01-14 19:18:00,acc4,Anyone watching Haikyuu!! lately? ⚡,9698,😮
9701,2026-01-14 19:20:00,acc1,Anyone watching Death Note lately? 📚,9690,💯
9702,2026-01-14 19:22:00,acc2,My favorite moment in Hunter x Hunter still gives me chills 🤔,9689,😮
9703,2026-01-14 19:24:00,acc3,I think today's episode was incredible! ⚡,,😭
9704,2026-01-14 19:26:00,acc4,Opening theme has been stuck in my head. 🔥,,🔥
9705,2026-01-14 19:28:00,acc1,That animation quality was insane! ❤️,9693,👍
9706,2026-01-14 19:30:00,acc2,Who's your favorite character from Jujutsu Kaisen? 😀,,
9707,2026-01-14 19:32:00,acc3,Anyone watching Naruto lately? 😭,,🔥
9708,2026-01-14 19:34:00,acc4,Anyone watching Frieren lately? ❤️,9698,💯
9709,2026-01-14 19:36:00,acc1,That animation quality was insane! 😂,,👍
9710,2026-01-14 19:38:00,acc2,I'm rewatching Dragon Ball this weekend. ⚡,9707,
9711,2026-01-14 19:40:00,acc3,Who's your favorite character from Naruto? 🤔,,😂
9712,2026-01-14 19:42:00,acc4,"Quote of the day: ""People's dreams never end."" 👀",,😂
9713,2026-01-14 19:44:00,acc1,My favorite moment in Bleach still gives me chills ✨,,👍
9714,2026-01-14 19:46:00,acc2,"Quote of the day: ""The world isn't perfect, but it's beautiful."" ⚡",9712,😎
9715,2026-01-14 19:48:00,acc3,I'm rewatching One Piece this weekend. 🙌,9707,
9716,2026-01-14 19:50:00,acc4,I'm rewatching Attack on Titan this weekend. ✨,9711,💯
9717,2026-01-14 19:52:00,acc1,No spoilers please! 💯,,🔥
9718,2026-01-14 19:54:00,acc2,Anyone watching Fullmetal Alchemist lately? 🤔,9705,🔥
9719,2026-01-14 19:56:00,acc3,Random anime fact: Many anime openings become chart-topping songs. ⚡,9712,👍
9720,2026-01-14 19:58:00,acc4,Who's your favorite character from Attack on Titan? 🤔,,
9721,2026-01-14 20:00:00,acc1,No spoilers please! 👀,9709,😭
9722,2026-01-14 20:02:00,acc2,Opening theme has been stuck in my head. ❤️,,🔥
9723,2026-01-14 20:04:00,acc3,No spoilers please! 🙌,,👏
9724,2026-01-14 20:06:00,acc4,Who's your favorite character from Hunter x Hunter? ✨,9710,👍
9725,2026-01-14 20:08:00,acc1,"Quote of the day: ""A lesson without pain is meaningless."" 🍜",,👍
9726,2026-01-14 20:10:00,acc2,That animation quality was insane! 🔥,9724,💯
9727,2026-01-14 20:12:00,acc3,No spoilers please! ❤️,,👏
9728,2026-01-14 20:14:00,acc4,My favorite moment in Dragon Ball still gives me chills 🤔,9713,😭
9729,2026-01-14 20:16:00,acc1,That animation quality was insane! 🔥,9715,😮
9730,2026-01-14 20:18:00,acc2,I'm rewatching Frieren this weekend. ⚡,9714,😮
9731,2026-01-14 20:20:00,acc3,Anyone watching Bleach lately? ✨,,😂
9732,2026-01-14 20:22:00,acc4,"Quote of the day: ""Keep moving forward."" 😂",9726,
9733,2026-01-14 20:24:00,acc1,I think today's episode was incredible! 👀,9721,😂
9734,2026-01-14 20:26:00,acc2,"Quote of the day: ""The world isn't perfect, but it's beautiful."" 🤔",,😭
9735,2026-01-14 20:28:00,acc3,"Quote of the day: ""Power comes in response to a need."" 🎉",,👏
9736,2026-01-14 20:30:00,acc4,"Quote of the day: ""The world isn't perfect, but it's beautiful."" ❤️",9724,🔥
9737,2026-01-14 20:32:00,acc1,My favorite moment in Frieren still gives me chills 👀,9721,👍
9738,2026-01-14 20:34:00,acc2,Anyone watching One Piece lately? 🔥,9723,😂
9739,2026-01-14 20:36:00,acc3,Anyone watching My Hero Academia lately? 🎉,,💯
9740,2026-01-14 20:38:00,acc4,I'm rewatching Jujutsu Kaisen this weekend. 🤔,9728,😮
9741,2026-01-14 20:40:00,acc1,No spoilers please! 🙌,,😮
9742,2026-01-14 20:42:00,acc2,Random anime fact: Did you know? Anime is often adapted from manga or light novels. 🙌,9733,😮
9743,2026-01-14 20:44:00,acc3,Anyone watching Jujutsu Kaisen lately? 😎,9741,😮
9744,2026-01-14 20:46:00,acc4,My favorite moment in Death Note still gives me chills 🍜,,😭
9745,2026-01-14 20:48:00,acc1,That animation quality was insane! 💯,9733,
9746,2026-01-14 20:50:00,acc2,"Quote of the day: ""A lesson without pain is meaningless."" 😭",9741,😂
9747,2026-01-14 20:52:00,acc3,Who's your favorite character from My Hero Academia? 😂,,👏
9748,2026-01-14 20:54:00,acc4,"Quote of the day: ""The world isn't perfect, but it's beautiful."" ❤️",,👍
9749,2026-01-14 20:56:00,acc1,No spoilers please! 🍜,,😮
9750,2026-01-14 20:58:00,acc2,Random anime fact: Attack on Titan changed many viewers' expectations of anime. 🤔,9738,
9751,2026-01-14 21:00:00,acc3,Who's your favorite character from My Hero Academia? 😎,9748,💯
9752,2026-01-14 21:02:00,acc4,Who's your favorite character from Fullmetal Alchemist? 😭,9745,💯
9753,2026-01-14 21:04:00,acc1,My favorite moment in Solo Leveling still gives me chills ❤️,,❤️
9754,2026-01-14 21:06:00,acc2,My favorite moment in Dragon Ball still gives me chills 🙌,9748,😎
9755,2026-01-14 21:08:00,acc3,No spoilers please! 🤔,9741,🔥
9756,2026-01-14 21:10:00,acc4,That animation quality was insane! ✨,,😎
9757,2026-01-14 21:12:00,acc1,I think today's episode was incredible! ❤️,,🔥
9758,2026-01-14 21:14:00,acc2,I think today's episode was incredible! 🔥,9751,😮
9759,2026-01-14 21:16:00,acc3,My favorite moment in Dragon Ball still gives me chills ❤️,9751,❤️
9760,2026-01-14 21:18:00,acc4,Random anime fact: Did you know? Anime is often adapted from manga or light novels. 🍜,,👍
9761,2026-01-14 21:20:00,acc1,My favorite moment in Death Note still gives me chills ✨,,😮
9762,2026-01-14 21:22:00,acc2,I'm rewatching Demon Slayer this weekend. 🤔,9757,👏
9763,2026-01-14 21:24:00,acc3,"Quote of the day: ""People's dreams never end."" ⚡",9750,👍
9764,2026-01-14 21:26:00,acc4,Who's your favorite character from Bleach? 🙌,9755,💯
9765,2026-01-14 21:28:00,acc1,I think today's episode was incredible! 😂,9750,💯
9766,2026-01-14 21:30:00,acc2,My favorite moment in Haikyuu!! still gives me chills 💯,9752,😎
9767,2026-01-14 21:32:00,acc3,"Quote of the day: ""A lesson without pain is meaningless."" 😂",,❤️
9768,2026-01-14 21:34:00,acc4,Random anime fact: Did you know? Anime is often adapted from manga or light novels. ⚡,9754,😂
9769,2026-01-14 21:36:00,acc1,Opening theme has been stuck in my head. 😂,,👏
9770,2026-01-14 21:38:00,acc2,Who's your favorite character from Bleach? 🎉,9755,😎
9771,2026-01-14 21:40:00,acc3,Anyone watching One Piece lately? 🍜,,👏
9772,2026-01-14 21:42:00,acc4,Opening theme has been stuck in my head. 💯,,😂
9773,2026-01-14 21:44:00,acc1,My favorite moment in One Piece still gives me chills 😭,9766,👍
9774,2026-01-14 21:46:00,acc2,Opening theme has been stuck in my head. 🎉,,
9775,2026-01-14 21:48:00,acc3,No spoilers please! 😂,9759,😎
9776,2026-01-14 21:50:00,acc4,I'm rewatching My Hero Academia this weekend. 🤔,9771,
9777,2026-01-14 21:52:00,acc1,That animation quality was insane! 😂,9767,😭
9778,2026-01-14 21:54:00,acc2,That animation quality was insane! ✨,,😎
9779,2026-01-14 21:56:00,acc3,Random anime fact: Did you know? Anime is often adapted from manga or light novels. ✨,,😎
9780,2026-01-14 21:58:00,acc4,I'm rewatching Dragon Ball this weekend. 🤔,9776,👍
9781,2026-01-14 22:00:00,acc1,My favorite moment in Bleach still gives me chills 📚,9765,💯
9782,2026-01-14 22:02:00,acc2,No spoilers please! ✨,9767,💯
9783,2026-01-14 22:04:00,acc3,Who's your favorite character from Death Note? ❤️,9767,😎
9784,2026-01-14 22:06:00,acc4,That animation quality was insane! 👀,9775,👏
9785,2026-01-14 22:08:00,acc1,That animation quality was insane! 🙌,9773,👍
9786,2026-01-14 22:10:00,acc2,"Quote of the day: ""People's dreams never end."" 🎉",9774,😂
9787,2026-01-14 22:12:00,acc3,That animation quality was insane! 👀,9776,😭
9788,2026-01-14 22:14:00,acc4,I think today's episode was incredible! 🍜,9772,❤️
9789,2026-01-14 22:16:00,acc1,My favorite moment in Vinland Saga still gives me chills 🤔,9775,😮
9790,2026-01-14 22:18:00,acc2,I'm rewatching Naruto this weekend. ✨,9782,
9791,2026-01-14 22:20:00,acc3,My favorite moment in Fullmetal Alchemist still gives me chills ✨,9786,😭
9792,2026-01-14 22:22:00,acc4,Opening theme has been stuck in my head. 😀,,😂
9793,2026-01-14 22:24:00,acc1,Random anime fact: Voice actors in Japan are called seiyuu. 🔥,,
9794,2026-01-14 22:26:00,acc2,Random anime fact: Voice actors in Japan are called seiyuu. 😭,,👍
9795,2026-01-14 22:28:00,acc3,I'm rewatching Dragon Ball this weekend. 🙌,,😂
9796,2026-01-14 22:30:00,acc4,I think today's episode was incredible! ⚡,9794,
9797,2026-01-14 22:32:00,acc1,"Quote of the day: ""Keep moving forward."" ⚡",9784,😭
9798,2026-01-14 22:34:00,acc2,Who's your favorite character from Solo Leveling? ⚡,,👍
9799,2026-01-14 22:36:00,acc3,Random anime fact: Did you know? Anime is often adapted from manga or light novels. ✨,9791,❤️
9800,2026-01-14 22:38:00,acc4,That animation quality was insane! 👀,9793,😮
9801,2026-01-14 22:40:00,acc1,My favorite moment in Jujutsu Kaisen still gives me chills 🎉,9799,❤️
9802,2026-01-14 22:42:00,acc2,Opening theme has been stuck in my head. 🙌,9786,👍
9803,2026-01-14 22:44:00,acc3,Random anime fact: One Piece is among the best-selling manga series. 😀,9795,😎
9804,2026-01-14 22:46:00,acc4,Opening theme has been stuck in my head. ⚡,9800,😭
9805,2026-01-14 22:48:00,acc1,Anyone watching One Piece lately? ⚡,9794,😂
9806,2026-01-14 22:50:00,acc2,Who's your favorite character from Frieren? 😎,,👍
9807,2026-01-14 22:52:00,acc3,Random anime fact: Attack on Titan changed many viewers' expectations of anime. ❤️,,🔥
9808,2026-01-14 22:54:00,acc4,Anyone watching Haikyuu!! lately? 🍜,,😂
9809,2026-01-14 22:56:00,acc1,I'm rewatching Solo Leveling this weekend. 🔥,,
9810,2026-01-14 22:58:00,acc2,My favorite moment in Fullmetal Alchemist still gives me chills 🍜,9794,🔥
9811,2026-01-14 23:00:00,acc3,I'm rewatching Steins;Gate this weekend. 📚,,😎
9812,2026-01-14 23:02:00,acc4,Who's your favorite character from Fullmetal Alchemist? 🙌,,😎
9813,2026-01-14 23:04:00,acc1,Opening theme has been stuck in my head. 💯,9808,💯
9814,2026-01-14 23:06:00,acc2,I'm rewatching Dragon Ball this weekend. 👀,,😎
9815,2026-01-14 23:08:00,acc3,No spoilers please! 😎,9801,🔥
9816,2026-01-14 23:10:00,acc4,Random anime fact: Attack on Titan changed many viewers' expectations of anime. 😎,9800,😮
9817,2026-01-14 23:12:00,acc1,I'm rewatching Vinland Saga this weekend. 😂,,💯
9818,2026-01-14 23:14:00,acc2,Who's your favorite character from Dragon Ball? 📚,9808,💯
9819,2026-01-14 23:16:00,acc3,Anyone watching Bleach lately? 🤔,,💯
9820,2026-01-14 23:18:00,acc4,Who's your favorite character from Naruto? 🎉,9805,😎
9821,2026-01-14 23:20:00,acc1,I'm rewatching Attack on Titan this weekend. 😀,,❤️
9822,2026-01-14 23:22:00,acc2,Random anime fact: Attack on Titan changed many viewers' expectations of anime. 👀,,😂
9823,2026-01-14 23:24:00,acc3,I'm rewatching Bleach this weekend. 😎,,👍
9824,2026-01-14 23:26:00,acc4,My favorite moment in Demon Slayer still gives me chills ❤️,9809,👍
9825,2026-01-14 23:28:00,acc1,Random anime fact: Studio Ghibli films are famous for hand-drawn animation. ❤️,9820,😮
9826,2026-01-14 23:30:00,acc2,That animation quality was insane! 🎉,9821,💯
9827,2026-01-14 23:32:00,acc3,That animation quality was insane! 🎉,9822,😭
9828,2026-01-14 23:34:00,acc4,Random anime fact: Studio Ghibli films are famous for hand-drawn animation. 📚,9822,🔥
9829,2026-01-14 23:36:00,acc1,I'm rewatching Bleach this weekend. 👀,,👍
9830,2026-01-14 23:38:00,acc2,Anyone watching Frieren lately? 🔥,,😮
9831,2026-01-14 23:40:00,acc3,My favorite moment in Frieren still gives me chills ⚡,9816,💯
9832,2026-01-14 23:42:00,acc4,Random anime fact: Voice actors in Japan are called seiyuu. 🙌,9817,😮
9833,2026-01-14 23:44:00,acc1,Anyone watching Jujutsu Kaisen lately? 😎,9825,❤️
9834,2026-01-14 23:46:00,acc2,Who's your favorite character from Hunter x Hunter? 🍜,9831,
9835,2026-01-14 23:48:00,acc3,No spoilers please! ❤️,9832,
9836,2026-01-14 23:50:00,acc4,"Quote of the day: ""The world isn't perfect, but it's beautiful."" 😂",9822,😮
9837,2026-01-14 23:52:00,acc1,Who's your favorite character from Death Note? 💯,9830,😂
9838,2026-01-14 23:54:00,acc2,I'm rewatching Jujutsu Kaisen this weekend. 🙌,9834,❤️
9839,2026-01-14 23:56:00,acc3,Anyone watching Vinland Saga lately? 😀,,😎
9840,2026-01-14 23:58:00,acc4,Who's your favorite character from Dragon Ball? 😂,,😮
9841,2026-01-15 00:00:00,acc1,That animation quality was insane! 😭,,😭
9842,2026-01-15 00:02:00,acc2,My favorite moment in Bleach still gives me chills 🍜,,👍
9843,2026-01-15 00:04:00,acc3,I'm rewatching Haikyuu!! this weekend. 🤔,,
9844,2026-01-15 00:06:00,acc4,I'm rewatching Death Note this weekend. 👀,,💯
9845,2026-01-15 00:08:00,acc1,That animation quality was insane! 😎,9836,💯
9846,2026-01-15 00:10:00,acc2,My favorite moment in Haikyuu!! still gives me chills 👀,,😎
9847,2026-01-15 00:12:00,acc3,Who's your favorite character from Attack on Titan? 🎉,9834,😂
9848,2026-01-15 00:14:00,acc4,That animation quality was insane! 😂,9836,👏
9849,2026-01-15 00:16:00,acc1,Who's your favorite character from Fullmetal Alchemist? 🍜,9837,😂
9850,2026-01-15 00:18:00,acc2,Anyone watching Attack on Titan lately? 😂,,
9851,2026-01-15 00:20:00,acc3,Anyone watching Fullmetal Alchemist lately? 😀,,😎
9852,2026-01-15 00:22:00,acc4,That animation quality was insane! ❤️,,😮
9853,2026-01-15 00:24:00,acc1,Opening theme has been stuck in my head. 🤔,9845,🔥
9854,2026-01-15 00:26:00,acc2,Opening theme has been stuck in my head. ❤️,9850,👍
9855,2026-01-15 00:28:00,acc3,"Quote of the day: ""The world isn't perfect, but it's beautiful."" ✨",9840,👍
9856,2026-01-15 00:30:00,acc4,Opening theme has been stuck in my head. 😀,,🔥
9857,2026-01-15 00:32:00,acc1,"Quote of the day: ""Power comes in response to a need."" 😂",9845,👍
9858,2026-01-15 00:34:00,acc2,Who's your favorite character from Jujutsu Kaisen? 📚,,😂
9859,2026-01-15 00:36:00,acc3,Opening theme has been stuck in my head. 🤔,,🔥
9860,2026-01-15 00:38:00,acc4,I think today's episode was incredible! 🤔,9849,
9861,2026-01-15 00:40:00,acc1,Who's your favorite character from Dragon Ball? 📚,,😭
9862,2026-01-15 00:42:00,acc2,I think today's episode was incredible! 🤔,9849,💯
9863,2026-01-15 00:44:00,acc3,My favorite moment in Naruto still gives me chills 😂,9859,👍
9864,2026-01-15 00:46:00,acc4,"Quote of the day: ""Keep moving forward."" 😀",,👏
9865,2026-01-15 00:48:00,acc1,My favorite moment in Fullmetal Alchemist still gives me chills 😭,9853,
9866,2026-01-15 00:50:00,acc2,My favorite moment in Attack on Titan still gives me chills 🔥,9855,❤️
9867,2026-01-15 00:52:00,acc3,My favorite moment in Frieren still gives me chills 🍜,,😮
9868,2026-01-15 00:54:00,acc4,That animation quality was insane! 🔥,,😭
9869,2026-01-15 00:56:00,acc1,My favorite moment in Hunter x Hunter still gives me chills 🔥,,😎
9870,2026-01-15 00:58:00,acc2,"Quote of the day: ""People's dreams never end."" 🍜",,
9871,2026-01-15 01:00:00,acc3,"Quote of the day: ""A lesson without pain is meaningless."" 😂",9857,❤️
9872,2026-01-15 01:02:00,acc4,"Quote of the day: ""A lesson without pain is meaningless."" 😎",,💯
9873,2026-01-15 01:04:00,acc1,Opening theme has been stuck in my head. 🔥,,🔥
9874,2026-01-15 01:06:00,acc2,"Quote of the day: ""People's dreams never end."" 🤔",9871,😮
9875,2026-01-15 01:08:00,acc3,Who's your favorite character from One Piece? 😂,,❤️
9876,2026-01-15 01:10:00,acc4,No spoilers please! 🙌,,😎
9877,2026-01-15 01:12:00,acc1,"Quote of the day: ""The world isn't perfect, but it's beautiful."" 🤔",9867,👍
9878,2026-01-15 01:14:00,acc2,My favorite moment in One Piece still gives me chills ✨,9875,🔥
9879,2026-01-15 01:16:00,acc3,"Quote of the day: ""A lesson without pain is meaningless."" 🙌",9877,
9880,2026-01-15 01:18:00,acc4,My favorite moment in Steins;Gate still gives me chills 🤔,9874,👍
9881,2026-01-15 01:20:00,acc1,I think today's episode was incredible! 😭,9870,👏
9882,2026-01-15 01:22:00,acc2,That animation quality was insane! ✨,9880,💯
9883,2026-01-15 01:24:00,acc3,I think today's episode was incredible! 📚,9874,
9884,2026-01-15 01:26:00,acc4,"Quote of the day: ""People's dreams never end."" ⚡",,
9885,2026-01-15 01:28:00,acc1,Who's your favorite character from Naruto? 👀,9879,😎
9886,2026-01-15 01:30:00,acc2,That animation quality was insane! 😭,,🔥
9887,2026-01-15 01:32:00,acc3,That animation quality was insane! 🙌,9882,😎
9888,2026-01-15 01:34:00,acc4,Opening theme has been stuck in my head. ✨,9876,😭
9889,2026-01-15 01:36:00,acc1,My favorite moment in One Piece still gives me chills 🔥,,👏
9890,2026-01-15 01:38:00,acc2,Who's your favorite character from Fullmetal Alchemist? 👀,,😭
9891,2026-01-15 01:40:00,acc3,No spoilers please! 📚,9876,👏
9892,2026-01-15 01:42:00,acc4,That animation quality was insane! 🎉,,👍
9893,2026-01-15 01:44:00,acc1,Who's your favorite character from Demon Slayer? 😎,9891,👍
9894,2026-01-15 01:46:00,acc2,"Quote of the day: ""Keep moving forward."" 😂",,😭
9895,2026-01-15 01:48:00,acc3,Random anime fact: Attack on Titan changed many viewers' expectations of anime. 🎉,,😮
9896,2026-01-15 01:50:00,acc4,Anyone watching Jujutsu Kaisen lately? 🎉,,😎
9897,2026-01-15 01:52:00,acc1,Opening theme has been stuck in my head. ❤️,9891,
9898,2026-01-15 01:54:00,acc2,Random anime fact: Did you know? Anime is often adapted from manga or light novels. 🙌,9885,😎
9899,2026-01-15 01:56:00,acc3,Opening theme has been stuck in my head. 😂,,😮
9900,2026-01-15 01:58:00,acc4,I'm rewatching Death Note this weekend. 💯,,😮
9901,2026-01-15 02:00:00,acc1,"Quote of the day: ""People's dreams never end."" 🍜",9895,😎
9902,2026-01-15 02:02:00,acc2,Opening theme has been stuck in my head. 🤔,,
9903,2026-01-15 02:04:00,acc3,Random anime fact: Attack on Titan changed many viewers' expectations of anime. 🍜,9893,😮
9904,2026-01-15 02:06:00,acc4,Random anime fact: Studio Ghibli films are famous for hand-drawn animation. 🍜,9889,
9905,2026-01-15 02:08:00,acc1,My favorite moment in Dragon Ball still gives me chills 💯,9898,😮
9906,2026-01-15 02:10:00,acc2,Who's your favorite character from Attack on Titan? 😭,,😭
9907,2026-01-15 02:12:00,acc3,My favorite moment in Death Note still gives me chills 😂,9895,😮
9908,2026-01-15 02:14:00,acc4,Who's your favorite character from Naruto? 🎉,,👍
9909,2026-01-15 02:16:00,acc1,Opening theme has been stuck in my head. 💯,9894,😭
9910,2026-01-15 02:18:00,acc2,No spoilers please! 🍜,,😎
9911,2026-01-15 02:20:00,acc3,Random anime fact: Many anime openings become chart-topping songs. 📚,9896,😎
9912,2026-01-15 02:22:00,acc4,Opening theme has been stuck in my head. 🤔,9898,😎
9913,2026-01-15 02:24:00,acc1,I'm rewatching Dragon Ball this weekend. 😂,9909,😮
9914,2026-01-15 02:26:00,acc2,"Quote of the day: ""The world isn't perfect, but it's beautiful."" 🎉",,❤️
9915,2026-01-15 02:28:00,acc3,I'm rewatching Fullmetal Alchemist this weekend. 😎,,😂
9916,2026-01-15 02:30:00,acc4,Random anime fact: One Piece is among the best-selling manga series. 💯,,💯
9917,2026-01-15 02:32:00,acc1,"Quote of the day: ""A lesson without pain is meaningless."" 😀",9906,😎
9918,2026-01-15 02:34:00,acc2,I'm rewatching Attack on Titan this weekend. 💯,9911,👏
9919,2026-01-15 02:36:00,acc3,Random anime fact: Attack on Titan changed many viewers' expectations of anime. 💯,9908,😂
9920,2026-01-15 02:38:00,acc4,No spoilers please! 🤔,9906,🔥
9921,2026-01-15 02:40:00,acc1,Opening theme has been stuck in my head. 🎉,9914,😎
9922,2026-01-15 02:42:00,acc2,Random anime fact: Studio Ghibli films are famous for hand-drawn animation. 🍜,9915,😭
9923,2026-01-15 02:44:00,acc3,Opening theme has been stuck in my head. 🤔,9911,👏
9924,2026-01-15 02:46:00,acc4,Random anime fact: Studio Ghibli films are famous for hand-drawn animation. 🔥,9913,😮
9925,2026-01-15 02:48:00,acc1,Random anime fact: Voice actors in Japan are called seiyuu. 😂,9919,
9926,2026-01-15 02:50:00,acc2,I think today's episode was incredible! ❤️,9920,🔥
9927,2026-01-15 02:52:00,acc3,"Quote of the day: ""The world isn't perfect, but it's beautiful."" 🙌",,👍
9928,2026-01-15 02:54:00,acc4,My favorite moment in One Piece still gives me chills ⚡,9925,👏
9929,2026-01-15 02:56:00,acc1,Random anime fact: One Piece is among the best-selling manga series. ❤️,9918,❤️
9930,2026-01-15 02:58:00,acc2,I think today's episode was incredible! 😂,9924,😭
9931,2026-01-15 03:00:00,acc3,I'm rewatching Steins;Gate this weekend. ❤️,,😭
9932,2026-01-15 03:02:00,acc4,That animation quality was insane! ❤️,,😎
9933,2026-01-15 03:04:00,acc1,That animation quality was insane! 🔥,9924,❤️
9934,2026-01-15 03:06:00,acc2,Anyone watching My Hero Academia lately? 😎,,❤️
9935,2026-01-15 03:08:00,acc3,Random anime fact: Studio Ghibli films are famous for hand-drawn animation. 🤔,,😎
9936,2026-01-15 03:10:00,acc4,Random anime fact: One Piece is among the best-selling manga series. ⚡,9934,💯
9937,2026-01-15 03:12:00,acc1,Who's your favorite character from Naruto? 📚,,👏
9938,2026-01-15 03:14:00,acc2,"Quote of the day: ""The world isn't perfect, but it's beautiful."" 😀",,😭
9939,2026-01-15 03:16:00,acc3,Opening theme has been stuck in my head. 😎,,👏
9940,2026-01-15 03:18:00,acc4,Anyone watching One Piece lately? ⚡,,😮
9941,2026-01-15 03:20:00,acc1,My favorite moment in Naruto still gives me chills 💯,9935,👏
9942,2026-01-15 03:22:00,acc2,My favorite moment in Hunter x Hunter still gives me chills 😂,,👏
9943,2026-01-15 03:24:00,acc3,Anyone watching Solo Leveling lately? 💯,9934,😎
9944,2026-01-15 03:26:00,acc4,No spoilers please! 🤔,,🔥
9945,2026-01-15 03:28:00,acc1,I think today's episode was incredible! 👀,,❤️
9946,2026-01-15 03:30:00,acc2,My favorite moment in Vinland Saga still gives me chills 🤔,,😂
9947,2026-01-15 03:32:00,acc3,Anyone watching Jujutsu Kaisen lately? 🤔,9939,
9948,2026-01-15 03:34:00,acc4,My favorite moment in Vinland Saga still gives me chills 🎉,9945,🔥
9949,2026-01-15 03:36:00,acc1,I'm rewatching Death Note this weekend. 🎉,,😎
9950,2026-01-15 03:38:00,acc2,Anyone watching Naruto lately? 😭,9945,👍
9951,2026-01-15 03:40:00,acc3,My favorite moment in Vinland Saga still gives me chills 🤔,,🔥
9952,2026-01-15 03:42:00,acc4,My favorite moment in Demon Slayer still gives me chills 😀,9947,😮
9953,2026-01-15 03:44:00,acc1,Who's your favorite character from Naruto? 😀,,😎
9954,2026-01-15 03:46:00,acc2,I'm rewatching Fullmetal Alchemist this weekend. 😂,,😂
9955,2026-01-15 03:48:00,acc3,I think today's episode was incredible! 🤔,,😮
9956,2026-01-15 03:50:00,acc4,Who's your favorite character from Bleach? 📚,,😎
9957,2026-01-15 03:52:00,acc1,No spoilers please! 🙌,9954,💯
9958,2026-01-15 03:54:00,acc2,Random anime fact: Attack on Titan changed many viewers' expectations of anime. 🤔,9950,🔥
9959,2026-01-15 03:56:00,acc3,That animation quality was insane! 🤔,,💯
9960,2026-01-15 03:58:00,acc4,Who's your favorite character from Steins;Gate? ✨,,
9961,2026-01-15 04:00:00,acc1,I'm rewatching Fullmetal Alchemist this weekend. 🤔,9954,💯
9962,2026-01-15 04:02:00,acc2,"Quote of the day: ""People's dreams never end."" 🔥",9950,😮
9963,2026-01-15 04:04:00,acc3,I'm rewatching Steins;Gate this weekend. 😀,9955,😮
9964,2026-01-15 04:06:00,acc4,Who's your favorite character from Solo Leveling? 😎,9959,👍
9965,2026-01-15 04:08:00,acc1,I'm rewatching Demon Slayer this weekend. ⚡,,😮
9966,2026-01-15 04:10:00,acc2,Random anime fact: Studio Ghibli films are famous for hand-drawn animation. 💯,9950,❤️
9967,2026-01-15 04:12:00,acc3,That animation quality was insane! ⚡,9952,👍
9968,2026-01-15 04:14:00,acc4,My favorite moment in Bleach still gives me chills ✨,9964,🔥
9969,2026-01-15 04:16:00,acc1,My favorite moment in Death Note still gives me chills 😂,,😭
9970,2026-01-15 04:18:00,acc2,Who's your favorite character from One Piece? 😎,,🔥
9971,2026-01-15 04:20:00,acc3,Random anime fact: Studio Ghibli films are famous for hand-drawn animation. ⚡,,❤️
9972,2026-01-15 04:22:00,acc4,Opening theme has been stuck in my head. 😀,,😂
9973,2026-01-15 04:24:00,acc1,Random anime fact: Studio Ghibli films are famous for hand-drawn animation. 💯,,👏
9974,2026-01-15 04:26:00,acc2,That animation quality was insane! 🎉,,👍
9975,2026-01-15 04:28:00,acc3,No spoilers please! ✨,9969,😭
9976,2026-01-15 04:30:00,acc4,"Quote of the day: ""People's dreams never end."" 😎",9967,😂
9977,2026-01-15 04:32:00,acc1,I think today's episode was incredible! 🤔,9967,
9978,2026-01-15 04:34:00,acc2,"Quote of the day: ""Power comes in response to a need."" 👀",,😎
9979,2026-01-15 04:36:00,acc3,I'm rewatching Bleach this weekend. 🙌,,😭
9980,2026-01-15 04:38:00,acc4,Opening theme has been stuck in my head. 👀,9967,😭
9981,2026-01-15 04:40:00,acc1,My favorite moment in Death Note still gives me chills 😂,,😂
9982,2026-01-15 04:42:00,acc2,I'm rewatching Solo Leveling this weekend. 🎉,9971,
9983,2026-01-15 04:44:00,acc3,I think today's episode was incredible! ✨,,👏
9984,2026-01-15 04:46:00,acc4,Who's your favorite character from Bleach? 👀,,👍
9985,2026-01-15 04:48:00,acc1,I'm rewatching Death Note this weekend. 🍜,,
9986,2026-01-15 04:50:00,acc2,My favorite moment in My Hero Academia still gives me chills ✨,,😎
9987,2026-01-15 04:52:00,acc3,That animation quality was insane! ⚡,9983,👍
9988,2026-01-15 04:54:00,acc4,I think today's episode was incredible! 📚,9980,😭
9989,2026-01-15 04:56:00,acc1,"Quote of the day: ""A lesson without pain is meaningless."" 🤔",9987,😭
9990,2026-01-15 04:58:00,acc2,"Quote of the day: ""The world isn't perfect, but it's beautiful."" ⚡",,👏
9991,2026-01-15 05:00:00,acc3,Anyone watching Steins;Gate lately? 😭,9989,😭
9992,2026-01-15 05:02:00,acc4,I'm rewatching One Piece this weekend. 💯,,😭
9993,2026-01-15 05:04:00,acc1,I think today's episode was incredible! 😀,9979,❤️
9994,2026-01-15 05:06:00,acc2,Opening theme has been stuck in my head. 🔥,,💯
9995,2026-01-15 05:08:00,acc3,Random anime fact: One Piece is among the best-selling manga series. 😎,9992,👍
9996,2026-01-15 05:10:00,acc4,I think today's episode was incredible! ✨,9984,😮
9997,2026-01-15 05:12:00,acc1,No spoilers please! ✨,9995,😎
9998,2026-01-15 05:14:00,acc2,My favorite moment in Hunter x Hunter still gives me chills 👀,9995,🔥
9999,2026-01-15 05:16:00,acc3,Who's your favorite character from Fullmetal Alchemist? 📚,,❤️
10000,2026-01-15 05:18:00,acc4,Who's your favorite character from Death Note? ❤️,9992,👏
